date,card_name,set_code,finish,price_tcgplayer,price_cardkingdom,price_cardmarket
2026-10-05,Abandoned Air Temple,tla,Normal,5.29,9.99,7.74
2026-10-05,"Agent Bishop, Man in Black",tmt,Normal,0.33,0.99,0.26
2026-10-05,Sakura-Tribe Elder,plg24,Foil,3.42,3.99,1.91
2026-10-05,Birds of Paradise,sld,Foil,55.85,64.99,66.45
2026-10-05,Farseek,ltc,Normal,1.91,1.99,1.09
2026-10-05,Three Visits,sld,Foil,53.16,69.99,36.95
2026-10-05,Utopia Sprawl,wot,Foil,2.03,2.99,1.99
2026-10-05,Nature's Lore,sld,Foil,12.2,11.99,7.7
2026-10-05,"Anim Pakal, Thousandth Moon",lci,Normal,5.19,5.99,4.05
2026-10-05,Botanical Brawler,mom,Normal,0.28,0.35,0.14
2026-10-05,Commander Liara Portyr,clb,Normal,0.23,0.35,0.25
2026-10-05,Dusk Legion Duelist,mom,Normal,1.81,3.49,1.2
2026-10-05,"Etali, Primal Conqueror // Etali, Primal Sickness",mom,Normal,29.36,37.99,24.47
2026-10-05,Path to Exile,who,Normal,1.68,2.79,1.49
2026-10-05,Healer's Hawk,fdn,Foil,0.3,0.49,0.32
2026-10-05,"Kutzil, Malamet Exemplar",lci,Normal,3.29,2.99,2.55
2026-10-05,Peregrin Took,ltr,Normal,1.27,0.79,0.28
2026-10-05,"Ozolith, the Shattered Spire",mom,Foil,8.89,11.99,7.98
2026-10-05,Kami of Whispered Hopes,mom,Normal,6.12,7.49,2.49
2026-10-05,Rosie Cotton of South Lane,ltr,Normal,0.37,0.49,0.13
2026-10-05,Share the Spoils,afc,Normal,3.6,6.99,4.87
2026-10-05,Sovereign Okinec Ahau,lci,Normal,5.08,3.99,3.54
2026-10-05,Swords to Plowshares,brc,Normal,2.0,3.99,2.5
2026-10-05,The Ozolith,sld,Foil,68.81,79.99,43.0
2026-10-05,Germination Practicum,sos,Normal,12.65,13.99,6.72
2026-10-05,Improvisation Capstone,sos,Normal,15.01,18.99,13.29
2026-10-05,Patrolling Peacemaker,eoc,Normal,2.04,2.79,1.44
2026-10-05,Avatar's Wrath,tla,Normal,3.44,6.99,3.97
2026-10-05,Bigger on the Inside,who,Normal,0.51,0.59,0.15
2026-10-05,Exploration,dmr,Normal,30.16,37.99,25.99
2026-10-05,Generous Pup,j25,Normal,7.56,12.99,6.74
2026-10-05,Esper Sentinel,mh2,Normal,60.93,69.99,44.78
2026-10-05,Kami of Celebration,nec,Normal,1.11,1.29,0.25
2026-10-05,Terrasymbiosis,eoe,Normal,9.73,12.99,10.95
2026-10-05,Rhythm of the Wild,sld,Foil,15.6,16.99,8.9
2026-10-05,"Mikey & Leo, Chaos & Order",tmt,Normal,4.03,5.49,3.93
2026-10-05,Kodama of the West Tree,neo,Normal,20.88,24.99,16.5
2026-10-05,"Halana and Alena, Partners",fdn,Normal,0.36,0.69,0.69
2026-10-05,Ouroboroid,eoe,Normal,44.05,57.99,42.5
2026-10-05,The Ooze,tmt,Normal,4.44,8.49,5.14
2026-10-05,Agatha's Soul Cauldron,woe,Normal,41.44,54.99,37.07
2026-10-05,Hardened Scales,wot,Normal,4.53,5.99,3.2
2026-10-05,"Laelia, the Blade Reforged",mh3,Normal,2.07,2.79,0.99
2026-10-05,Champion of Lambholt,ncc,Normal,4.12,4.49,2.7
2026-10-05,Speaker of the Heavens,plst,Normal,0.47,0.69,0.75
2026-10-05,Beast Within,cmr,Normal,1.06,1.49,0.68
2026-10-05,Suspend Aggression,sos,Normal,0.24,0.49,0.11
2026-10-05,Generous Gift,blc,Normal,1.76,2.79,1.27
2026-10-05,Call Forth the Tempest,hoc,Normal,19.62,27.99,18.25
2026-10-05,Guff Rewrites History,cmm,Normal,3.06,4.99,3.31
2026-10-05,Dispatch,eoc,Normal,0.37,1.49,2.79
2026-10-05,Chaos Warp,c20,Normal,0.7,0.99,0.49
2026-10-05,"Arwen, Weaver of Hope",ltc,Normal,4.7,5.99,5.74
2026-10-05,Heartwood Crafter // Soul Tether,fra,Normal,0.29,0.49,0.19
2026-10-05,Studious First-Year // Rampant Growth,sos,Normal,0.15,0.39,0.19
2026-10-05,Falcon and Redwing,msc,Normal,0.67,1.49,0.69
2026-10-05,Shroofus Sproutsire,j25,Normal,4.93,8.99,4.98
2026-10-05,Wild Wasteland,pip,Normal,1.26,2.99,0.95
2026-10-05,Mosswort Bridge,c18,Normal,0.42,0.69,0.25
2026-10-05,Yotian Dissident,bro,Normal,0.28,0.35,0.05
2026-10-05,Inspiring Statuary,brr,Normal,0.8,1.79,0.98
2026-10-05,"Rocco, Street Chef",mat,Foil,0.67,2.99,0.94
2026-10-05,Aerial Responder,kld,Normal,0.14,0.35,0.11
2026-10-05,Thundering Raiju,neo,Foil,0.71,0.79,0.32
2026-10-05,Forest,otj,Foil,0.35,0.99,0.12
2026-10-05,Mountain,otj,Foil,0.34,0.79,0.1
2026-10-05,Plains,otj,Foil,0.39,0.79,0.2
2026-10-05,Command Tower,c17,Normal,0.37,0.69,0.38
2026-10-05,Hushwood Verge,dsk,Normal,9.71,14.99,7.85
2026-10-05,Jetmir's Garden,snc,Normal,15.31,21.99,14.5
2026-10-05,Thornspire Verge,dsk,Normal,5.81,8.99,4.78
2026-10-05,Exotic Orchard,c21,Normal,0.3,0.59,0.19
2026-10-05,Sunbillow Verge,dft,Normal,10.68,19.99,9.52
2026-10-05,Sacred Foundry,rvr,Normal,12.27,17.99,10.75
2026-10-05,"Yavimaya, Cradle of Growth",mh2,Normal,17.19,21.99,13.45
2026-10-05,"Boseiju, Who Endures",neo,Normal,49.09,64.99,42.18
2026-10-05,Commercial District,mkm,Normal,7.89,12.99,7.4
2026-10-05,Plateau,3ed,Normal,392.05,549.99,265.0
2026-10-05,Lush Portico,mkm,Normal,7.09,9.49,6.71
2026-10-05,Rockfall Vale,inr,Normal,3.86,4.99,2.5
2026-10-05,Wooded Foothills,mh3,Normal,18.17,29.99,17.47
2026-10-05,Taiga,3ed,Normal,449.66,549.99,275.0
2026-10-05,Stomping Ground,rvr,Normal,8.5,9.99,6.5
2026-10-05,Bountiful Promenade,clb,Normal,8.91,12.99,11.67
2026-10-05,Clifftop Retreat,tdc,Normal,0.35,0.69,0.38
2026-10-05,Rootbound Crag,tdc,Normal,0.43,1.29,0.5
2026-10-05,Overgrown Farmland,inr,Normal,4.35,5.49,3.62
2026-10-05,Spectator Seating,cmm,Normal,11.24,12.99,8.5
2026-10-05,Sundown Pass,inr,Normal,3.22,5.99,3.42
2026-10-05,Spire Garden,clb,Normal,7.14,9.49,13.98
2026-10-05,Temple Garden,rvr,Normal,8.76,11.99,7.87
2026-10-05,Savannah,3ed,Normal,412.51,549.99,200.0
2026-10-05,Arid Mesa,mh2,Normal,29.9,42.99,27.02
2026-10-05,Sunpetal Grove,tdc,Normal,0.56,0.99,0.88
2026-10-05,Windswept Heath,mh3,Normal,12.57,16.99,9.61
2026-10-05,Great Hall of the Citadel,ltr,Normal,0.35,0.79,0.23
2026-10-05,Hall of Echoes,fra,Normal,5.77,7.49,4.76
2026-10-05,Plaza of Heroes,dmu,Normal,6.31,7.49,5.89
2026-10-05,Arid Archway,otj,Normal,1.47,1.79,0.53
2026-10-05,Arena,mb2,Normal,1.01,3.49,0.7
2026-10-05,Cavern of Souls,lci,Normal,51.81,64.99,40.0
2026-10-05,City of Shadows,me3,Normal,,,121.65
2026-10-05,Maze of Ith,dmr,Foil,16.83,22.99,16.75
2026-10-05,Desert of the Indomitable,m3c,Normal,0.29,0.35,0.18
2026-10-05,Wasteland,slc,Normal,16.07,24.99,12.99
2026-10-05,Scorched Ruins,wth,Normal,61.67,74.99,47.98
2026-10-05,Fabled Passage,tmc,Normal,1.33,1.99,1.51
2026-10-05,Castle Garenbrig,eld,Normal,10.68,12.99,5.98
2026-10-05,Ancient Tomb,zne,Normal,139.32,159.99,136.5
2026-10-05,Ash Barrens,cmm,Normal,0.22,0.35,0.13
2026-10-05,Bant Panorama,ala,Normal,0.62,0.49,0.2
2026-10-05,Crystal Vein,cma,Normal,8.74,9.49,9.87
2026-10-05,Emergence Zone,war,Normal,4.01,4.49,2.07
2026-10-05,Forest,blb,Foil,0.33,0.99,0.31
2026-10-05,Ghost Quarter,ltc,Normal,0.64,0.99,0.94
2026-10-05,Grasslands,cmm,Normal,0.35,0.35,0.45
2026-10-05,Hall of the Bandit Lord,chk,Normal,22.11,24.99,9.92
2026-10-05,Havenwood Battleground,c14,Normal,0.38,0.49,0.15
2026-10-05,Hickory Woodlot,mmq,Normal,4.65,6.99,3.95
2026-10-05,Hollow Trees,5ed,Normal,0.81,1.49,0.59
2026-10-05,Homeward Path,ltc,Normal,12.93,20.99,11.94
2026-10-05,Command Beacon,cmr,Normal,9.23,12.99,8.89
2026-10-05,Deserted Temple,mh3,Normal,0.77,1.49,0.63
2026-10-05,Dryad Arbor,mb2,Normal,3.24,4.99,3.0
2026-10-05,Echoing Deeps,lci,Normal,0.84,0.59,0.45
2026-10-05,Field of the Dead,m20,Normal,28.53,32.99,27.4
2026-10-05,Gemstone Caverns,plst,Normal,62.59,84.99,42.3
2026-10-05,High Market,c21,Normal,2.49,1.49,1.89
2026-10-05,Horizon of Progress,m3c,Normal,4.54,4.99,2.53
2026-10-05,Diamond Valley,me1,Normal,,,1.96
2026-10-05,City of Traitors,tpr,Normal,,,4.78
2026-10-05,Jund Panorama,ala,Normal,0.41,0.35,0.22
2026-10-05,Lotus Vale,wth,Normal,47.38,54.99,29.49
2026-10-05,Mage-Ring Network,cmm,Normal,0.36,0.35,0.1
2026-10-05,"Miren, the Moaning Well",sok,Normal,22.53,34.99,12.0
2026-10-05,Misty Rainforest,zne,Normal,54.18,57.99,35.42
2026-10-05,Mountain Valley,eoc,Normal,0.26,0.35,0.17
2026-10-05,Myriad Landscape,ltc,Foil,3.98,3.99,3.2
2026-10-05,Mystifying Maze,eos,Normal,2.11,2.79,2.03
2026-10-05,Ominous Cemetery,who,Normal,0.31,0.35,0.12
2026-10-05,Pit of Offerings,lci,Normal,0.39,0.69,0.3
2026-10-05,Rushwood Grove,mmq,Normal,0.59,0.79,0.43
2026-10-05,Safe Haven,tsb,Normal,0.49,0.99,0.3
2026-10-05,Sanctum of Eternity,c19,Normal,6.92,9.99,9.07
2026-10-05,Sandstorm Verge,otj,Normal,0.24,0.35,0.06
2026-10-05,Sequestered Stash,kld,Normal,0.15,0.35,0.49
2026-10-05,Shire Terrace,ltr,Normal,0.23,0.39,0.11
2026-10-05,Slippery Karst,dmr,Normal,0.25,0.35,0.13
2026-10-05,Snow-Covered Forest,mh1,Normal,1.1,1.49,0.51
2026-10-05,Tower of the Magistrate,mb2,Normal,1.38,2.29,1.99
2026-10-05,Underdark Rift,afc,Normal,0.44,0.79,0.37
2026-10-05,"Untaidake, the Cloud Keeper",chk,Normal,5.49,5.49,1.35
2026-10-05,Urza's Cave,mh3,Normal,2.55,3.49,1.16
2026-10-05,Verdant Catacombs,zne,Normal,50.23,47.99,28.9
2026-10-05,Vesuva,slc,Normal,4.98,6.49,4.25
2026-10-05,Winding Canyons,wth,Normal,35.41,39.99,13.16
2026-10-05,Windswept Heath,zne,Normal,31.86,29.99,27.99
2026-10-05,Wooded Foothills,zne,Normal,32.18,34.99,31.08
2026-10-05,Daily Bugle Building,spm,Normal,0.29,0.39,0.04
2026-10-05,"Argoth, Sanctum of Nature",bro,Normal,3.51,5.49,1.4
2026-10-05,Chocobo Camp,fic,Normal,8.87,18.99,4.99
2026-10-05,Northampton Farm,tmt,Normal,0.34,0.49,0.54
2026-10-05,Tranquil Thicket,mh1,Normal,0.22,0.35,0.12
2026-10-05,Rogue's Passage,ltc,Normal,0.9,1.29,1.32
2026-10-05,Sunken Citadel,lci,Normal,0.53,0.69,0.5
2026-10-05,Temple of the False God,cm2,Normal,0.31,0.35,0.22
2026-10-05,Scavenger Grounds,c21,Normal,0.47,0.49,0.3
2026-10-05,Lazotep Quarry,m3c,Normal,5.79,7.99,4.91
2026-10-05,Lotus Field,soc,Normal,2.55,3.49,2.75
2026-10-05,Mariposa Military Base,pip,Normal,0.4,0.69,0.38
2026-10-05,Prismatic Vista,mh1,Normal,30.92,42.99,33.5
2026-10-05,Talon Gates of Madara,m3c,Normal,30.99,42.99,24.7
2026-10-05,Terrain Generator,clb,Normal,2.31,3.49,1.98
2026-10-05,"Urborg, Tomb of Yawgmoth",tsr,Normal,55.42,59.99,41.71
2026-10-05,Witch's Clinic,c21,Normal,14.88,18.99,13.47
2026-10-05,The Tabernacle at Pendrell Vale,me3,Normal,,,
2026-10-05,Bazaar of Baghdad,vma,Normal,,,747.66
2026-10-05,Mirrorpool,cmm,Normal,2.88,2.99,2.11
2026-10-05,Thespian's Stage,who,Normal,0.43,0.79,0.31
2026-10-05,"Lumra, Bellow of the Woods",blb,Foil,116.69,149.99,145.0
2026-10-05,Yavimaya Hollow,vma,Normal,,,
2026-10-05,Embiggen,unf,Normal,0.22,0.79,1.49
2026-10-05,Empyrial Armor,wth,Normal,0.3,0.35,0.58
2026-10-05,Empyrial Plate,c16,Normal,1.85,2.79,1.21
2026-10-05,"Inner Calm, Outer Strength",sok,Normal,0.26,0.35,0.32
2026-10-05,Wild Defiance,avr,Normal,0.68,0.99,0.33
2026-10-05,Reliquary Tower,brc,Normal,5.62,8.99,4.5
2026-10-05,Llanowar Elves,7ed,Normal,0.54,0.79,0.91
2026-10-05,Duelist's Heritage,tle,Normal,2.37,5.49,2.99
2026-10-05,Phytoburst,dgm,Normal,0.18,0.35,0.02
2026-10-05,Flaming Fist,clb,Normal,0.25,0.35,0.02
2026-10-05,Might of the Nephilim,dis,Normal,0.57,1.29,0.26
2026-10-05,Tamiyo's Safekeeping,neo,Normal,5.13,8.49,3.88
2026-10-05,Ranger's Guile,isd,Normal,0.2,0.35,0.19
2026-10-05,Scent of Ivy,uds,Normal,0.23,0.35,0.08
2026-10-05,Tyvar's Stand,one,Normal,1.62,2.99,1.38
2026-10-05,Scale Up,mh1,Normal,0.46,0.79,0.3
2026-10-05,Titanic Growth,one,Normal,0.23,0.35,0.03
2026-10-05,Arbor Elf,pw21,Normal,0.48,1.49,0.95
2026-10-05,Swords to Plowshares,40k,Normal,2.36,3.99,2.38
2026-10-05,Path to Exile,ss2,Normal,2.01,2.79,1.99
2026-10-05,Blossoming Defense,kld,Normal,0.33,0.79,0.38
2026-10-05,Summer Bloom,2x2,Normal,1.8,1.99,0.48
2026-10-05,Spellbook,9ed,Normal,2.85,4.99,1.06
2026-10-05,Revive,mmq,Normal,0.21,0.39,1.75
2026-10-05,Regrowth,sta,Normal,1.57,1.49,0.95
2026-10-05,Groundswell,wwk,Normal,0.34,0.59,0.33
2026-10-05,Birds of Paradise,dmr,Normal,11.39,15.99,15.97
2026-10-05,Bridgeworks Battle // Tanglespan Bridgeworks,mh3,Normal,1.2,1.99,1.23
2026-10-05,Choose Your Weapon,afr,Normal,0.23,0.35,0.19
2026-10-05,Bounty of the Hunt,all,Normal,0.42,0.69,0.19
2026-10-05,Become Immense,ktk,Normal,0.27,0.35,0.09
2026-10-05,Collective Resistance,mh3,Normal,2.46,2.99,1.51
2026-10-05,Snakeskin Veil,sta,Normal,0.31,1.29,0.1
2026-10-05,Elvish Mystic,m15,Normal,0.52,1.79,0.73
2026-10-05,Vines of Vastwood,zen,Normal,1.74,2.49,0.98
2026-10-05,Wild Growth,ice,Normal,0.6,0.99,0.76
2026-10-05,Fyndhorn Elves,p30a,Foil,,7.49,1.95
2026-10-05,Might of Old Krosa,tsp,Normal,0.3,0.49,0.1
2026-10-05,Overprotect,blb,Foil,2.22,3.49,2.9
2026-10-05,Ram Through,iko,Normal,0.43,0.99,0.66
2026-10-05,Command Tower,cmr,Normal,0.34,0.69,0.15
2026-10-05,Sol Ring,c14,Normal,1.99,2.99,1.12
2026-10-05,Blacksmith's Skill,mh2,Normal,0.37,0.79,0.16
2026-10-05,Defend the Rider,dft,Normal,0.8,2.49,0.96
2026-10-05,Delighted Halfling,ltr,Normal,26.45,32.99,19.82
2026-10-05,Razorverge Thicket,blc,Normal,0.39,0.79,0.73
2026-10-05,Horizon Canopy,ima,Normal,4.58,6.49,3.6
2026-10-05,Branchloft Pathway // Boulderloft Pathway,znr,Normal,3.76,4.99,3.15
2026-10-05,Dual-Sun Technique,eoe,Normal,0.25,0.35,0.15
2026-10-05,Voice of Victory,tdm,Normal,20.25,29.99,20.5
2026-10-05,Grow Extra Arms,spm,Normal,0.13,0.35,0.02
2026-10-05,Avacyn's Pilgrim,pf25,Foil,4.0,6.49,5.44
2026-10-05,Chrome Mox,2xm,Normal,166.58,179.99,70.0
2026-10-05,Crop Rotation,soa,Foil,4.56,6.99,5.49
2026-10-05,Gift of the Viper,mh3,Normal,0.27,0.35,0.19
2026-10-05,Enlightened Tutor,6ed,Normal,36.47,44.99,22.43
2026-10-05,"Heliod, Sun-Crowned",thb,Normal,20.61,29.99,15.38
2026-10-05,Lotus Petal,mb2,Normal,34.85,44.99,27.12
2026-10-05,Elvish Spirit Guide,dmr,Normal,3.57,3.99,1.35
2026-10-05,Invigorate,2xm,Foil,0.45,0.79,0.29
2026-10-05,Walking Ballista,mb2,Normal,8.87,11.99,8.98
2026-10-05,Mutagenic Growth,nph,Normal,1.62,2.79,2.46
2026-10-05,Rustler Rampage,otj,Normal,0.26,0.39,0.21
2026-10-05,Tifa's Limit Break,fin,Normal,0.32,0.35,0.16
2026-10-05,Feral Ferocity,msc,Normal,0.21,0.99,0.25
2026-10-05,Forest,dmu,Foil,0.22,0.49,0.05
2026-10-05,Bala Ged Recovery // Bala Ged Sanctuary,znr,Normal,6.89,10.99,4.72
2026-10-05,Graduation Day,sos,Normal,0.29,0.35,0.07
2026-10-05,Giant Growth,soa,Normal,0.27,0.35,0.09
2026-10-05,Forbidden Orchard,c16,Normal,10.09,16.99,5.65
2026-10-05,Berserk,soa,Normal,7.33,10.99,7.33
2026-10-05,Royal Treatment,soa,Normal,0.26,0.35,0.1
2026-10-05,Mana Confluence,jou,Normal,35.9,42.99,25.12
2026-10-05,Plains,40k,Foil,1.14,,
2026-10-05,Prismatic Vista,zne,Normal,41.69,59.99,30.0
2026-10-05,Brushland,bro,Normal,4.38,4.49,2.85
2026-10-05,Utopia Sprawl,sld,Foil,7.78,10.99,7.3
2026-10-05,Gemstone Caverns,eos,Normal,90.26,109.99,74.98
2026-10-05,Sergeant John Benton,who,Foil,12.11,10.99,7.5
2026-10-05,City of Brass,2x2,Normal,27.08,27.99,21.5
2026-10-05,Battlefield Forge,c21,Normal,0.44,0.69,0.8
2026-10-05,Path of Ancestry,m3c,Normal,0.29,0.35,0.23
2026-10-05,The Gaffer,ltc,Normal,6.68,9.99,8.78
2026-10-05,Genji Glove,fin,Normal,8.05,13.99,5.17
2026-10-05,Descent into Avernus,sld,Foil,17.65,24.99,16.99
2026-10-05,Ingris Stingerquill,fra,Normal,13.29,15.99,8.39
2026-10-05,Tymna the Weaver,c16,Foil,31.6,24.99,26.5
2026-10-05,"Arabella, Abandoned Doll",dsk,Normal,0.83,0.79,0.23
2026-10-05,"Vito, Thorn of the Dusk Rose",pm21,Foil,11.24,15.99,10.69
2026-10-05,Professional Face-Breaker,snc,Normal,6.92,9.99,5.96
2026-10-05,Guild Artisan,clb,Normal,0.27,0.59,0.21
2026-10-05,"Elas il-Kor, Sadistic Pilgrim",dmu,Normal,0.57,2.29,1.21
2026-10-05,Arbaaz Mir,acr,Normal,0.3,0.35,0.15
2026-10-05,"Prosper, Tome-Bound",afc,Foil,6.53,8.49,11.63
2026-10-05,Access Tunnel,ltc,Normal,0.46,0.79,0.4
2026-10-05,"Shizo, Death's Storehouse",dmc,Normal,33.23,37.99,31.84
2026-10-05,Arcane Signet,nec,Normal,0.77,0.79,0.55
2026-10-05,Talisman of Hierarchy,pip,Normal,0.7,0.99,0.96
2026-10-05,Boros Signet,c15,Normal,0.54,1.49,0.58
2026-10-05,Talisman of Conviction,ltc,Normal,0.38,0.99,0.5
2026-10-05,Talisman of Indulgence,40k,Normal,3.64,4.99,1.81
2026-10-05,Silver Shroud Costume,sld,Foil,11.38,16.99,8.93
2026-10-05,Inkshield,sld,Foil,10.63,13.99,9.0
2026-10-05,Damn,mh2,Normal,1.76,3.49,1.97
2026-10-05,Sundering Eruption // Volcanic Fissure,mh3,Normal,1.52,2.99,1.59
2026-10-05,Steelshaper's Gift,sld,Foil,13.74,18.99,9.95
2026-10-05,Dusk // Dawn,blc,Normal,0.31,0.59,0.25
2026-10-05,Swords to Plowshares,dmr,Normal,2.06,3.49,1.69
2026-10-05,Thieves' Tools,clb,Foil,0.31,0.49,0.22
2026-10-05,Lightning Greaves,c19,Normal,4.8,7.49,2.87
2026-10-05,"Daxos, Blessed by the Sun",thb,Normal,0.27,0.49,0.1
2026-10-05,"Delney, Streetwise Lookout",mkm,Normal,34.86,47.99,30.48
2026-10-05,"Gollum, Obsessed Stalker",ltc,Normal,0.36,0.49,0.43
2026-10-05,"Elena, Turk Recruit",fic,Normal,0.23,0.49,0.29
2026-10-05,"Subira, Tulzidi Caravanner",m21,Normal,0.28,0.49,0.2
2026-10-05,"Deadpool, Trading Card",sld,Foil,15.47,18.99,18.0
2026-10-05,Brash Taunter,m21,Normal,4.16,3.99,1.36
2026-10-05,Exotic Orchard,c19,Normal,0.31,0.59,0.2
2026-10-05,Great Hall of the Citadel,ltr,Foil,0.42,0.99,0.15
2026-10-05,"Saradoc, Master of Buckland",ltr,Normal,0.31,0.69,0.43
2026-10-05,"Mangara, the Diplomat",blc,Normal,0.49,0.99,0.75
2026-10-05,Fellwar Stone,ncc,Normal,1.46,1.79,0.79
2026-10-05,Orzhov Signet,brc,Normal,0.6,1.49,0.59
2026-10-05,Deadly Rollick,sld,Foil,26.69,34.99,22.87
2026-10-05,"Mjölnir, Hammer of Thor",msh,Normal,17.31,22.99,16.97
2026-10-05,"Shanid, Sleepers' Scourge",dmc,Foil,2.98,3.99,1.07
2026-10-05,"Black Widow, Agile Avenger",msc,Normal,6.14,8.99,7.56
2026-10-05,"General Kreat, the Boltbringer",j25,Normal,6.45,9.99,8.26
2026-10-05,Savai Triome,iko,Normal,17.31,27.99,17.37
2026-10-05,Darkstar Augur,blb,Normal,2.0,2.29,1.49
2026-10-05,Brotherhood Regalia,acr,Foil,10.54,17.99,9.99
2026-10-05,"Lotho, Corrupt Shirriff",ltr,Normal,11.1,13.99,11.75
2026-10-05,Loran of the Third Path,bro,Normal,8.08,11.99,5.95
2026-10-05,"Moseo, Vein's New Dean",sos,Foil,1.06,0.79,0.93
2026-10-05,Plaza of Heroes,dmu,Foil,10.18,14.99,10.0
2026-10-05,"Minas Morgul, Dark Fortress",ltc,Foil,11.45,16.99,12.67
2026-10-05,Eiganjo Castle,chk,Normal,14.88,10.99,8.9
2026-10-05,Clifftop Retreat,pip,Normal,0.34,0.69,0.39
2026-10-05,Caves of Koilos,dmu,Normal,2.87,6.49,3.87
2026-10-05,Isolated Chapel,ltc,Normal,0.53,1.29,0.62
2026-10-05,Fetid Heath,tdc,Normal,0.55,0.79,0.56
2026-10-05,Knuckles the Echidna,sld,Foil,23.5,27.99,20.31
2026-10-05,Scheming Silvertongue // Sign in Blood,sos,Foil,1.68,1.49,1.54
2026-10-05,Villainous Wrath,spm,Foil,1.24,1.49,1.48
2026-10-05,Swamp,mkm,Foil,0.59,1.49,0.33
2026-10-05,Mountain,mkm,Normal,0.31,0.79,0.19
2026-10-05,Plains,mkm,Foil,0.39,1.99,0.46
2026-10-05,Blood Crypt,rvr,Normal,9.6,14.99,9.75
2026-10-05,Scrubland,3ed,Normal,452.56,599.99,295.0
2026-10-05,Arid Mesa,zne,Normal,46.67,49.99,36.49
2026-10-05,Marsh Flats,zne,Normal,46.58,69.99,36.5
2026-10-05,Badlands,3ed,Normal,586.77,749.99,375.75
2026-10-05,Bloodstained Mire,zne,Normal,38.32,47.99,27.0
2026-10-05,Godless Shrine,rvr,Normal,9.67,13.99,9.49
2026-10-05,Witch Enchanter // Witch-Blessed Meadow,mh3,Foil,7.27,10.99,5.28
2026-10-05,Chaos Warp,sld,Foil,10.51,12.99,7.75
2026-10-05,Wayfarer's Bauble,sld,Foil,5.01,7.49,6.8
2026-10-05,Aggravated Assault,sld,Foil,31.39,32.99,16.97
2026-10-05,"Kellan, the Fae-Blooded // Birthright Boon",woe,Normal,6.23,7.49,6.03
2026-10-05,The Reaver Cleaver,sld,Normal,26.75,34.99,17.0
2026-10-05,Stoneforge Mystic,spg,Normal,40.04,42.99,27.86
2026-10-05,The Queen of Dale,hob,Normal,20.32,29.99,22.36
2026-10-05,"Kediss, Emberclaw Familiar",sld,Foil,14.84,14.99,13.45
2026-10-05,Command Tower,pw25,Foil,11.51,12.99,5.15
2026-10-05,The Echoverse Fulcrum,fra,Normal,4.71,5.99,6.2
2026-10-05,Castle Ardenvale,peld,Normal,2.78,0.79,0.42
2026-10-05,Alhammarret's Archive,c21,Normal,10.58,13.99,9.38
2026-10-05,Loran of the Third Path,blc,Normal,5.37,7.99,4.37
2026-10-05,Claim Jumper,otj,Foil,0.9,0.99,0.85
2026-10-05,Spirited Companion,plst,Normal,0.22,0.69,0.19
2026-10-05,Inspiring Overseer,snc,Normal,0.3,0.69,0.07
2026-10-05,Helpful Hunter,fdn,Normal,0.28,0.59,0.16
2026-10-05,Sun Titan,sld,Normal,6.32,7.99,4.2
2026-10-05,Witch Enchanter // Witch-Blessed Meadow,mh3,Normal,5.92,9.49,4.5
2026-10-05,Pearl Medallion,mh3,Normal,6.76,8.99,4.35
2026-10-05,Clever Concealment,msc,Normal,3.62,5.99,4.61
2026-10-05,Tocasia's Welcome,bro,Normal,3.92,4.49,4.97
2026-10-05,Path to Exile,ltc,Normal,2.13,3.99,1.55
2026-10-05,Plains,hob,Foil,0.35,0.49,0.62
2026-10-05,Enduring Innocence,dsk,Normal,3.17,5.49,4.93
2026-10-05,Monument to Endurance,dft,Normal,17.44,23.99,18.64
2026-10-05,Razorgrass Ambush // Razorgrass Field,mh3,Normal,0.31,0.39,0.49
2026-10-05,Illustrious Wanderglyph,lcc,Normal,14.94,21.99,14.96
2026-10-05,Charismatic Conqueror,lcc,Normal,23.72,34.99,20.16
2026-10-05,Redemption Choir,lcc,Normal,0.37,0.79,0.57
2026-10-05,Tataru Taru,fic,Normal,6.45,9.49,6.8
2026-10-05,"Emeria, the Sky Ruin",soc,Normal,7.2,8.49,4.43
2026-10-05,War Room,soc,Normal,5.03,6.99,3.54
2026-10-05,Three Tree City,blb,Normal,47.5,69.99,33.0
2026-10-05,Trouble in Pairs,mkc,Normal,25.13,29.99,21.24
2026-10-05,Sand Scout,otc,Normal,5.78,7.49,7.19
2026-10-05,"Haliya, Guided by Light",eoe,Normal,3.73,5.49,3.64
2026-10-05,Soul's Attendant,roe,Normal,7.19,9.99,5.3
2026-10-05,Idol of Oblivion,c19,Normal,2.57,4.99,2.02
2026-10-05,Selfless Spirit,blc,Normal,0.84,1.49,0.94
2026-10-05,Authority of the Consuls,fdn,Normal,5.74,6.49,4.52
2026-10-05,Excise the Imperfect,moc,Normal,0.4,0.99,0.33
2026-10-05,Approach of the Second Sun,sta,Normal,7.97,12.99,5.91
2026-10-05,Moonshaker Cavalry,soc,Normal,9.56,10.99,7.56
2026-10-05,Recruiter of the Guard,mh3,Normal,6.82,7.99,6.49
2026-10-05,Mirror Entity,plst,Normal,1.09,2.29,0.65
2026-10-05,Parting Gust,blb,Foil,1.51,2.49,2.41
2026-10-05,Knight of the White Orchid,sld,Foil,0.82,3.49,1.92
2026-10-05,Remote Farm,mmq,Normal,0.94,1.29,0.78
2026-10-05,"Boseiju, Who Shelters All",sld,Foil,14.93,20.99,10.7
2026-10-05,Chivalric Alliance,moc,Normal,13.42,20.99,17.95
2026-10-05,Archaeomancer's Map,soc,Normal,1.06,2.29,1.54
2026-10-05,Guardian Scalelord,moc,Normal,3.85,2.99,3.43
2026-10-05,"Legion's Landing // Adanto, the First Fort",xln,Normal,3.33,4.49,2.92
2026-10-05,Fountainport,blb,Normal,3.17,5.49,3.61
2026-10-05,Currency Converter,frc,Normal,0.3,0.59,0.48
2026-10-05,Erode,sos,Normal,7.34,11.99,7.97
2026-10-05,Galadriel's Dismissal,ltc,Normal,29.92,49.99,24.99
2026-10-05,Caretaker's Talent,blb,Normal,12.47,16.99,8.48
2026-10-05,Abolish,pcy,Normal,0.95,1.49,0.6
2026-10-05,"Emeria's Call // Emeria, Shattered Skyclave",znr,Normal,4.23,7.49,3.51
2026-10-05,Kami of False Hope,bok,Normal,1.94,0.99,0.49
2026-10-05,Guide of Souls,mh3,Foil,3.71,4.99,4.18
2026-10-05,Loyal Warhound,blc,Normal,0.55,1.29,0.63
2026-10-05,Kindly Customer,tle,Normal,0.28,0.99,0.69
2026-10-05,Cathar Commando,mid,Normal,0.23,0.35,0.16
2026-10-05,Mentor of the Meek,2x2,Normal,0.55,1.49,0.46
2026-10-05,"Bennie Bracks, Zoologist",mkc,Normal,11.89,12.99,7.78
2026-10-05,Scavenger Grounds,msc,Normal,0.29,0.49,0.24
2026-10-05,Welcoming Vampire,vow,Normal,4.14,5.49,2.65
2026-10-05,Angel of Indemnity,soc,Normal,0.43,0.79,0.61
2026-10-05,Horn of Gondor,ltr,Foil,3.36,3.99,1.59
2026-10-05,Touch the Spirit Realm,neo,Normal,0.46,1.79,0.85
2026-10-05,Haunted Library,voc,Normal,0.42,1.29,1.15
2026-10-05,Bender's Waterskin,tla,Normal,0.99,1.79,0.84
2026-10-05,Restoration Seminar,sos,Normal,3.67,5.49,2.54
2026-10-05,Skullclamp,brc,Normal,6.84,10.99,6.63
2026-10-05,Sevinne's Reclamation,c19,Normal,0.55,0.69,0.62
2026-10-05,Soul Warden,exo,Normal,3.8,4.99,2.1
2026-10-05,Whitemane Lion,plc,Normal,0.25,0.39,0.22
2026-10-05,Wall of Omens,plst,Normal,0.33,0.35,0.27
2026-10-05,Sire of Seven Deaths,fdn,Normal,33.31,49.99,32.0
2026-10-05,"Elrond, Moon-Reader",hob,Normal,2.12,1.99,2.87
2026-10-05,Exit Specialist,mkm,Normal,0.21,0.35,0.16
2026-10-05,Dreamstone Hedron,cmr,Normal,0.34,0.35,0.12
2026-10-05,Stonespeaker Crystal,clb,Normal,0.38,1.29,0.62
2026-10-05,The Eternity Elevator,eoe,Normal,2.78,3.49,1.16
2026-10-05,Waterbender's Restoration,tle,Normal,3.81,5.49,8.99
2026-10-05,Lord of Change,40k,Normal,2.95,3.99,5.58
2026-10-05,Fear of Sleep Paralysis,dsc,Normal,0.38,1.49,0.51
2026-10-05,Sol Ring,blc,Normal,2.27,2.79,1.3
2026-10-05,Scroll Rack,cmr,Normal,31.04,44.99,29.99
2026-10-05,Illusionist's Bracers,rvr,Foil,5.54,6.99,3.99
2026-10-05,Wonder,cma,Normal,3.54,3.49,1.3
2026-10-05,Cavalier of Gales,j25,Normal,1.56,2.99,3.04
2026-10-05,Glasspool Mimic // Glasspool Shore,znr,Normal,5.92,10.99,6.62
2026-10-05,"Silver Surfer, Cosmic Voyager",msc,Normal,0.59,1.29,1.18
2026-10-05,Displacer Kitten,pclb,Foil,23.18,89.99,34.99
2026-10-05,Heartstone,sth,Normal,3.04,2.99,1.37
2026-10-05,Training Grounds,mat,Normal,10.01,10.99,4.36
2026-10-05,"Grazilaxx, Illithid Scholar",sld,Normal,3.1,,3.0
2026-10-05,Stratus Dancer,c19,Normal,0.38,0.49,0.48
2026-10-05,Y'shtola Rhul,fin,Normal,5.22,6.99,4.41
2026-10-05,Unstoppable Plan,dft,Normal,2.42,3.99,1.85
2026-10-05,Gilded Lotus,msc,Normal,0.53,1.49,0.51
2026-10-05,Sceptre of Eternal Glory,40k,Normal,20.08,34.99,17.48
2026-10-05,Chromatic Orrery,m21,Normal,31.71,47.99,24.03
2026-10-05,Ring of the Lucii,fin,Normal,0.29,0.39,0.55
2026-10-05,Brass Infiniscope,soc,Normal,0.35,0.49,0.33
2026-10-05,"Galactus, Devourer of Worlds",msc,Normal,3.35,5.49,3.95
2026-10-05,"Tri-Sentinel, Act of Vengeance",msc,Normal,0.39,0.59,0.32
2026-10-05,Displace,emn,Normal,0.33,0.69,0.4
2026-10-05,Conjurer's Closet,inr,Normal,6.91,9.99,4.5
2026-10-05,Baboon Spirit,tle,Foil,0.44,0.49,0.67
2026-10-05,"Gandalf, Shadow's Foe",hoc,Normal,21.56,32.99,19.97
2026-10-05,"Ixidor, Reality Sculptor",ons,Normal,2.1,4.49,1.69
2026-10-05,Branch of Vitu-Ghazi,mkm,Normal,0.98,0.35,0.18
2026-10-05,"Otawara, Soaring City",neo,Normal,25.76,39.99,22.0
2026-10-05,Dowsing Dagger // Lost Vale,xln,Normal,7.38,7.99,4.9
2026-10-05,Sword of Hearth and Home,tmc,Foil,12.6,14.99,9.25
2026-10-05,Abhorrent Oculus,pdsk,Normal,12.67,16.99,10.5
2026-10-05,Dour Port-Mage,blb,Normal,3.48,4.99,2.7
2026-10-05,"Thassa, Deep-Dwelling",thb,Foil,35.09,44.99,26.49
2026-10-05,Island,j25,Normal,0.15,0.35,0.32
2026-10-05,Hide on the Ceiling,spm,Normal,0.97,1.79,1.19
2026-10-05,Relic of Legends,dmu,Normal,2.25,2.29,0.77
2026-10-05,"Wan Shi Tong, All-Knowing",tle,Foil,3.73,4.49,3.74
2026-10-05,Wurmcoil Engine,sld,Foil,10.18,12.99,13.0
2026-10-05,Essence Flux,inr,Normal,1.93,2.29,0.77
2026-10-05,Siren Stormtamer,cmr,Normal,0.45,0.79,0.74
2026-10-05,Glitch Interpreter,dsc,Normal,0.33,0.49,0.1
2026-10-05,Enigma Thief,znc,Normal,0.35,0.99,0.22
2026-10-05,Primordial Mist,dsc,Normal,0.33,0.49,0.25
2026-10-05,"Sash and Waistcoat, Unmen",mbc,Normal,,,
2026-10-05,Ur-Golem's Eye,dst,Normal,0.32,0.49,0.02
2026-10-05,Scourge of Fleets,jou,Normal,0.53,1.49,0.95
2026-10-05,Spellskite,sld,Normal,15.49,17.99,15.99
2026-10-05,Sol Talisman,mh2,Normal,1.19,1.49,1.24
2026-10-05,Gossip's Talent,blb,Foil,0.37,0.49,0.18
2026-10-05,Voidwalk,gtc,Normal,0.26,0.35,0.38
2026-10-05,Zoetic Cavern,fut,Normal,0.4,0.49,0.02
2026-10-05,Scroll of Fate,c19,Normal,0.3,0.49,0.14
2026-10-05,Willbender,lgn,Normal,0.25,0.35,0.1
2026-10-05,Ghostly Flicker,sld,Foil,6.24,14.99,13.0
2026-10-05,Thran Dynamo,blc,Normal,4.05,3.49,2.79
2026-10-05,Hedron Archive,c21,Normal,0.33,0.69,0.2
2026-10-05,Marang River Regent // Coil and Catch,tdm,Foil,1.99,2.49,1.35
2026-10-05,Leonin Elder,mrd,Normal,0.35,0.49,0.36
2026-10-05,Ashes of the Abhorrent,xln,Normal,0.78,0.79,0.55
2026-10-05,Aunt May,spm,Normal,0.31,0.35,0.07
2026-10-05,Essence Channeler,blb,Foil,1.14,0.99,1.0
2026-10-05,Powerleech,atq,Normal,19.83,21.99,10.82
2026-10-05,"Ajani, Strength of the Pride",m20,Normal,8.68,12.99,7.39
2026-10-05,Ancient Tomb,zne,Foil,170.31,279.99,199.45
2026-10-05,"Yavimaya, Cradle of Growth",mh2,Foil,24.26,24.99,31.94
2026-10-05,Shefet Dunes,otc,Normal,0.3,0.35,0.3
2026-10-05,Branchloft Pathway // Boulderloft Pathway,znr,Foil,4.68,7.99,4.95
2026-10-05,Brushland,bro,Foil,11.11,14.99,5.85
2026-10-05,"Heliod, Sun-Crowned",sld,Foil,31.7,44.99,33.19
2026-10-05,Exemplar of Light,fdn,Foil,51.08,74.99,59.0
2026-10-05,Swords to Plowshares,sld,Foil,23.94,34.99,24.0
2026-10-05,The One Ring,ltr,Foil,113.83,139.99,103.96
2026-10-05,Kodama of the West Tree,j25,Normal,19.45,24.99,16.97
2026-10-05,Voice of the Blessed,vow,Foil,4.11,5.99,3.98
2026-10-05,Return of the Wildspeaker,znc,Normal,2.35,3.99,1.32
2026-10-05,Archivist of Oghma,clb,Normal,6.4,7.99,6.65
2026-10-05,Sylvan Library,cc1,Normal,27.0,32.99,22.0
2026-10-05,Temple Garden,unf,Normal,19.16,23.99,15.5
2026-10-05,Soul's Attendant,ltc,Foil,9.95,10.99,9.93
2026-10-05,Rogue's Passage,sld,Foil,53.86,54.99,44.98
2026-10-05,Auriok Champion,ima,Normal,10.63,16.99,6.43
2026-10-05,Augur of Autumn,mid,Foil,1.45,0.99,2.95
2026-10-05,Overgrown Farmland,dbl,Normal,5.03,6.99,3.94
2026-10-05,Canopy Vista,ltc,Normal,0.37,0.69,0.34
2026-10-05,Horizon Canopy,zne,Normal,6.21,8.99,5.89
2026-10-05,Windswept Heath,ktk,Normal,12.36,20.99,10.07
2026-10-05,Sunpetal Grove,m10,Normal,1.92,2.49,1.24
2026-10-05,Command Tower,sld,Foil,6.87,7.49,10.0
2026-10-05,Wooded Bastion,shm,Normal,17.26,23.99,10.42
2026-10-05,Hashep Oasis,otc,Normal,0.24,0.35,0.09
2026-10-05,Plains,sld,Foil,6.93,7.99,12.66
2026-10-05,Forest,snc,Normal,0.38,0.49,0.19
2026-10-05,Plains,one,Foil,8.65,10.99,4.26
2026-10-05,Plains,blb,Foil,1.58,1.99,1.49
2026-10-05,Plains,dmu,Foil,4.42,6.99,2.73
2026-10-05,Forest,ltr,Normal,0.82,1.29,0.31
2026-10-05,Plains,thb,Normal,1.27,0.99,0.67
2026-10-05,Plains,neo,Normal,2.86,5.99,2.31
2026-10-05,Plains,ugl,Normal,6.8,6.99,3.89
2026-10-05,Forest,und,Foil,4.18,4.99,3.65
2026-10-05,Forest,tdm,Foil,1.34,1.99,1.73
2026-10-05,Path to Exile,otp,Normal,2.62,2.79,1.35
2026-10-05,Aerith Gainsborough,fin,Normal,2.28,4.49,1.56
2026-10-05,Plains,eoe,Normal,1.12,2.29,0.85
2026-10-05,"Lyra, Archangel of Dawn",fra,Normal,3.87,6.99,4.35
2026-10-05,Unflinching Hortimancer,fra,Normal,0.19,0.35,0.06
2026-10-05,Bloombrute,fra,Normal,0.24,0.35,0.15
2026-10-05,"Celestine, the Living Saint",40k,Normal,24.91,34.99,22.3
2026-10-05,Essence Warden,plc,Normal,8.12,12.99,2.14
2026-10-05,Lunarch Veteran // Luminous Phantom,mid,Normal,0.31,0.69,0.24
2026-10-05,Soul Warden,m10,Foil,10.75,12.99,3.4
2026-10-05,Authority of the Consuls,kld,Normal,5.34,6.99,4.4
2026-10-05,Hinterland Sanctifier,j25,Normal,0.34,0.69,0.34
2026-10-05,Scavenging Ooze,plg21,Foil,0.4,0.59,0.29
2026-10-05,Case of the Uneaten Feast,mkm,Foil,1.27,1.99,0.97
2026-10-05,Shadowspear,thb,Normal,30.12,42.99,24.63
2026-10-05,Terrasymbiosis,eoe,Foil,10.51,14.99,14.2
2026-10-05,Solitude,spg,Foil,48.76,79.99,47.5
2026-10-05,City of Brass,2x2,Foil,40.78,49.99,37.95
2026-10-05,Plains,tla,Normal,0.55,0.99,0.75
2026-10-05,The Destined White Mage,fic,Foil,14.4,17.99,11.99
2026-10-05,Spry and Mighty,ecl,Normal,0.47,0.49,0.48
2026-10-05,Virulent Emissary,ecl,Foil,1.06,1.49,0.74
2026-10-05,Avatar's Wrath,tla,Foil,4.55,6.99,4.2
2026-10-05,Guide of Souls,sch,Foil,7.65,9.49,7.16
2026-10-05,Plains,sos,Foil,1.49,1.99,0.78
2026-10-05,Sungrass Prairie,c19,Normal,0.28,0.49,0.2
2026-10-05,"Tigra, Feline Fury",msh,Normal,0.21,0.35,0.33
2026-10-05,Dr. Beverly Crusher,trk,Normal,52.97,9.99,
2026-10-05,Pest Infestation,otp,Normal,1.16,1.49,0.84
2026-10-05,The Great Henge,eld,Normal,65.89,84.99,51.63
2026-10-05,"Leonardo, Cutting Edge",tmt,Normal,2.49,2.29,2.08
2026-10-05,Elenda's Hierophant,lcc,Normal,5.04,6.49,4.59
2026-10-05,Suture Priest,nph,Normal,1.98,2.79,1.97
2026-10-05,Herd Heirloom,tdm,Normal,4.25,7.49,3.57
2026-10-05,Ajani Resolute,fra,Normal,12.34,13.99,10.57
2026-10-05,Liliana the Faultless,fra,Normal,10.2,9.99,6.63
2026-10-05,Haywire Mite,bro,Foil,3.1,3.49,1.65
2026-10-05,Solarium Sentry,fra,Normal,0.35,0.99,0.85
2026-10-05,"Trelasarra, Moon Dancer",afr,Foil,0.39,1.99,0.79
2026-10-05,Healer's Hawk,jmp,Normal,0.3,0.35,0.05
2026-10-05,Righteous Cause,ons,Normal,0.43,0.49,0.1
2026-10-05,Beast Within,sld,Foil,29.83,29.99,29.96
2026-10-05,Generous Gift,cmm,Normal,1.18,2.29,1.01
2026-10-05,Witch Enchanter // Witch-Blessed Meadow,sld,Foil,76.77,79.99,45.0
2026-10-05,Bojuka Bog,brc,Normal,3.66,5.99,4.25
2026-10-05,Blood Artist,plst,Normal,3.81,3.99,2.0
2026-10-05,Wood Elves,ncc,Normal,0.46,0.35,0.39
2026-10-05,"Journey to Eternity // Atzal, Cave of Eternity",rix,Normal,5.11,6.49,3.68
2026-10-05,Dread Return,cmm,Normal,0.74,0.99,0.58
2026-10-05,Viridian Emissary,mbs,Normal,0.26,0.35,0.15
2026-10-05,Woodland Cemetery,sld,Foil,17.98,18.99,10.99
2026-10-05,Stitcher's Supplier,m19,Normal,0.46,0.99,0.54
2026-10-05,Noxious Gearhulk,moc,Normal,0.86,1.29,0.72
2026-10-05,Command Tower,cc1,Normal,4.25,4.49,1.99
2026-10-05,Necron Deathmark,40k,Normal,4.7,8.49,7.39
2026-10-05,Satyr Wayfinder,znc,Normal,0.2,0.35,0.09
2026-10-05,Skullwinder,m3c,Normal,0.36,0.35,0.18
2026-10-05,Chthonian Nightmare,mh3,Foil,4.57,9.99,5.99
2026-10-05,Rise of the Witch-king,ltr,Normal,0.53,0.79,0.2
2026-10-05,Fabled Passage,eoc,Normal,1.17,2.79,2.34
2026-10-05,Clifftop Lookout,blb,Normal,0.29,0.49,0.05
2026-10-05,Ripples of Undeath,mh3,Normal,8.29,11.99,6.65
2026-10-05,Primal Druid,emn,Normal,0.23,0.35,0.08
2026-10-05,Undergrowth Stadium,cmr,Normal,6.98,10.99,8.5
2026-10-05,"Takenuma, Abandoned Mire",neo,Normal,10.72,17.99,8.73
2026-10-05,Eternal Witness,m3c,Normal,2.2,2.29,1.37
2026-10-05,Zulaport Cutthroat,bfz,Normal,2.01,2.79,1.08
2026-10-05,"Sephiroth, Fabled SOLDIER // Sephiroth, One-Winged Angel",fin,Normal,28.31,39.99,31.13
2026-10-05,Field of the Dead,slc,Normal,26.64,32.99,21.15
2026-10-05,Haywire Mite,bro,Normal,1.26,0.99,1.0
2026-10-05,Blossoming Tortoise,woe,Normal,4.89,6.99,6.67
2026-10-05,Deathcap Glade,vow,Foil,8.58,6.99,4.49
2026-10-05,Metamorphosis Fanatic,dsc,Normal,5.68,8.49,6.05
2026-10-05,Prowling Geistcatcher,mic,Normal,0.56,0.79,0.49
2026-10-05,Wastewood Verge,dft,Normal,10.27,14.99,10.29
2026-10-05,Accursed Marauder,mh3,Normal,0.33,0.59,0.33
2026-10-05,Vein Ripper,mkm,Foil,7.28,11.99,7.64
2026-10-05,Birthing Ritual,mh3,Normal,3.99,5.99,6.01
2026-10-05,"Braids, Arisen Nightmare",dmu,Normal,4.15,6.99,3.96
2026-10-05,Wight of the Reliquary,mh3,Normal,0.77,1.29,1.06
2026-10-05,Spinner of Souls,fdn,Normal,0.88,0.99,1.44
2026-10-05,"Lumra, Bellow of the Woods",blb,Normal,28.88,39.99,24.27
2026-10-05,Incarnation Technique,c21,Normal,9.71,18.99,11.98
2026-10-05,Skyfisher Spider,bro,Normal,0.26,0.39,0.06
2026-10-05,Vernal Fen,eoc,Normal,2.58,2.29,2.25
2026-10-05,"Vraska, the Cutting Glare",fra,Normal,0.41,0.59,0.6
2026-10-05,"Pia, Aether Ascetic",fra,Normal,0.99,2.49,0.53
2026-10-05,"Winter, Tormented Loner",fra,Normal,0.48,0.35,0.35
2026-10-05,Simulacrum Shaper,fra,Normal,2.13,2.29,2.85
2026-10-05,Primal Witchstalker,fra,Normal,0.28,0.35,0.2
2026-10-05,Aftermath Analyst,mkm,Normal,2.78,1.49,0.79
2026-10-05,Reclamation Sage,fdn,Normal,0.32,0.69,0.3
2026-10-05,Umbral Collar Zealot,eoe,Foil,1.07,2.49,1.25
2026-10-05,Disciple of Freyalise // Garden of Freyalise,mh3,Normal,4.86,7.99,3.09
2026-10-05,Living Death,ltc,Normal,7.42,8.49,4.78
2026-10-05,Underground Mortuary,mkm,Normal,16.28,22.99,14.5
2026-10-05,Hedge Shredder,dsk,Normal,3.26,3.99,1.84
2026-10-05,Altar of Dementia,brr,Normal,24.37,34.99,20.0
2026-10-05,Icetill Explorer,eoe,Normal,23.87,39.99,25.75
2026-10-05,Stinkweed Imp,gk1,Normal,2.12,1.29,1.19
2026-10-05,Cauldron of Essence,sos,Normal,4.62,5.99,3.0
2026-10-05,Snow-Covered Forest,mb2,Normal,2.14,3.49,1.18
2026-10-05,Fanatic of Rhonas,mh3,Normal,13.59,23.99,15.75
2026-10-05,Llanowar Wastes,bro,Normal,4.01,6.49,2.83
2026-10-05,Merchant of Venom,soc,Normal,0.31,0.49,0.17
2026-10-05,Colossal Grave-Reaver,tdc,Normal,10.94,18.99,11.98
2026-10-05,"Armaggon, Future Shark",tmt,Foil,2.2,1.99,1.43
2026-10-05,Town Greeter,fin,Normal,0.23,0.35,0.02
2026-10-05,Snow-Covered Swamp,mb2,Normal,1.95,3.99,1.89
2026-10-05,Nurturing Peatland,mh1,Normal,6.6,8.99,5.78
2026-10-05,Phyrexian Tower,jmp,Normal,28.96,42.99,26.5
2026-10-05,Twilight Mire,blc,Normal,0.46,0.69,0.69
2026-10-05,Golgari Thug,rvr,Foil,2.89,3.99,2.0
2026-10-05,Shifting Woodland,mh3,Normal,7.2,10.99,5.59
2026-10-05,The Meathook Massacre,inr,Normal,35.19,47.99,25.0
2026-10-05,Turbulent Fen,soc,Normal,8.25,9.99,6.53
2026-10-05,Bayou,3ed,Normal,494.87,699.99,259.99
2026-10-05,Overgrown Tomb,rvr,Normal,10.52,12.99,7.5
2026-10-05,"Mole Man, Moloid Master",msh,Normal,1.24,2.79,2.66
2026-10-05,Springheart Nantuko,mh3,Normal,8.58,11.99,6.25
2026-10-05,Orcish Bowmasters,ltr,Normal,52.74,69.99,39.98
2026-10-05,Liliana the Repentant,fra,Normal,3.86,6.99,3.29
2026-10-05,Bloodghast,zen,Normal,4.25,5.99,2.3
2026-10-05,Six,mh3,Foil,30.0,44.99,19.67
2026-10-05,Forest,hob,Foil,0.39,0.49,0.64
2026-10-05,Swamp,hob,Foil,0.29,0.49,0.35
2026-10-05,"Tom, Bert, and William",purl,Normal,,,2.14
2026-10-05,Flare of Denial,mh3,Normal,3.49,4.99,3.79
2026-10-05,"Grazilaxx, Illithid Scholar",clb,Normal,1.75,7.49,1.95
2026-10-05,Inkfathom Infiltrator,plst,Normal,0.36,0.35,0.2
2026-10-05,Lightning Greaves,who,Normal,4.87,6.49,3.47
2026-10-05,Reconnaissance Mission,iko,Normal,0.67,0.99,0.92
2026-10-05,Gudul Lurker,dtk,Normal,0.45,0.99,0.51
2026-10-05,Mist-Cloaked Herald,rix,Normal,0.37,0.69,0.74
2026-10-05,The Indomitable,lcc,Normal,5.05,3.49,2.29
2026-10-05,Dreamroot Cascade,who,Normal,1.08,1.79,0.9
2026-10-05,Beastmaster Ascension,ncc,Normal,6.91,7.99,3.86
2026-10-05,Ohran Frostfang,c19,Normal,7.6,9.99,5.98
2026-10-05,Brazen Borrower // Petty Theft,spg,Normal,6.23,7.49,6.1
2026-10-05,Shipwreck Marsh,mid,Normal,7.04,9.49,6.0
2026-10-05,Morphic Pool,clb,Normal,27.22,39.99,29.19
2026-10-05,Nether Traitor,tsp,Normal,9.87,3.99,3.5
2026-10-05,Clearwater Pathway // Murkwater Pathway,znr,Normal,4.75,6.49,4.7
2026-10-05,Slither Blade,znc,Normal,0.43,0.79,0.2
2026-10-05,Tormented Soul,m12,Normal,0.26,0.35,0.23
2026-10-05,Triton Shorestalker,znc,Normal,0.36,0.79,0.37
2026-10-05,Changeling Outcast,h1r,Foil,5.02,6.99,4.99
2026-10-05,Invisible Stalker,znc,Normal,1.21,1.29,1.52
2026-10-05,Looter il-Kor,ncc,Normal,0.33,0.35,0.13
2026-10-05,"Edric, Spymaster of Trest",cns,Normal,2.8,4.99,1.15
2026-10-05,Bident of Thassa,ths,Normal,0.61,0.79,0.94
2026-10-05,Coastal Piracy,jmp,Normal,1.41,1.99,0.75
2026-10-05,Beast Within,ncc,Normal,1.03,1.49,0.7
2026-10-05,Command Tower,brc,Normal,2.52,3.99,1.65
2026-10-05,Exotic Orchard,brc,Normal,0.61,1.29,0.59
2026-10-05,Path of Ancestry,brc,Normal,0.41,0.69,0.29
2026-10-05,Island,brc,Normal,0.25,0.49,0.1
2026-10-05,Hinterland Harbor,ltc,Normal,0.4,0.69,0.78
2026-10-05,Drowned Catacomb,ltc,Normal,2.44,2.79,2.16
2026-10-05,Enduring Curiosity,dsk,Normal,7.61,10.99,7.37
2026-10-05,"Gix, Yawgmoth Praetor",pbro,Normal,2.21,1.99,2.18
2026-10-05,Rejuvenating Springs,ltc,Normal,4.7,5.99,4.95
2026-10-05,Wu Light Cavalry,ptk,Normal,3.87,0.99,1.21
2026-10-05,Barkchannel Pathway // Tidechannel Pathway,khm,Normal,5.13,7.99,4.25
2026-10-05,Mockingbird,blb,Normal,3.36,4.99,3.14
2026-10-05,Zagoth Triome,iko,Normal,21.67,29.99,20.21
2026-10-05,Breeding Pool,gtc,Normal,10.11,17.99,10.3
2026-10-05,Watery Grave,grn,Normal,9.5,14.99,9.22
2026-10-05,Baleful Strix,blc,Normal,14.52,16.99,13.5
2026-10-05,Sink into Stupor // Soporific Springs,mh3,Normal,8.74,13.99,7.29
2026-10-05,Cephalid Facetaker,ncc,Normal,3.95,3.99,3.58
2026-10-05,Into the Flood Maw,blb,Normal,2.87,3.99,1.7
2026-10-05,Willowrush Verge,dft,Normal,5.2,9.49,7.07
2026-10-05,Shoreline Looter,blb,Foil,1.22,2.99,0.3
2026-10-05,Unsubstantiate,m21,Normal,0.35,0.69,0.15
2026-10-05,Ledger Shredder,snc,Normal,9.97,12.99,8.41
2026-10-05,Gloomlake Verge,dsk,Normal,11.12,17.99,10.97
2026-10-05,Flooded Grove,ltc,Normal,0.36,0.49,0.39
2026-10-05,Sunken Ruins,fic,Normal,2.13,3.49,2.72
2026-10-05,Departed Deckhand,lcc,Normal,0.32,0.35,0.1
2026-10-05,Notorious Throng,znc,Normal,3.33,3.49,3.0
2026-10-05,Dauthi Voidwalker,sld,Foil,15.27,14.99,10.98
2026-10-05,Silent Hallcreeper,dsk,Normal,1.07,2.49,1.21
2026-10-05,Thieving Skydiver,znr,Normal,0.25,0.69,0.44
2026-10-05,Faerie Mastermind,pmom,Normal,11.82,16.99,10.5
2026-10-05,Swamp,brc,Normal,0.36,0.49,0.2
2026-10-05,Geist of Saint Thalia,fra,Normal,9.78,8.99,4.31
2026-10-05,Orochi Soul-Reaver,otc,Normal,9.76,9.49,10.37
2026-10-05,Grim Hireling,afc,Normal,13.04,15.99,14.73
2026-10-05,Vedalken Infiltrator,mh2,Normal,0.23,0.35,0.09
2026-10-05,Bitterbloom Bearer,ecl,Normal,17.49,24.99,19.98
2026-10-05,Spectral Sailor,lcc,Normal,0.34,0.35,0.1
2026-10-05,"Malcolm, Alluring Scoundrel",plci,Normal,3.64,4.99,2.0
2026-10-05,Spyglass Siren,lci,Normal,0.31,0.69,0.41
2026-10-05,Waterbender Ascension,tla,Normal,0.66,1.29,0.49
2026-10-05,Flitterwing Nuisance,ecl,Normal,0.59,0.99,0.58
2026-10-05,Siren Stormtamer,lcc,Normal,0.49,0.79,1.09
2026-10-05,Cloud Pirates,por,Normal,1.91,2.29,1.99
2026-10-05,River of Tears,fut,Normal,1.79,3.49,2.28
2026-10-05,"Irma, Part-Time Mutant",tmc,Normal,4.55,6.99,4.32
2026-10-05,Scale Up,h1r,Foil,1.44,1.99,1.49
2026-10-05,"Toski, Bearer of Secrets",spg,Normal,16.46,22.99,10.66
2026-10-05,Faerie Slumber Party,woe,Normal,2.08,2.49,1.67
2026-10-05,Tegwyll's Scouring,woc,Normal,1.01,2.29,0.69
2026-10-05,Fell the Profane // Fell Mire,mh3,Normal,4.88,7.99,4.18
2026-10-05,Forest,inr,Normal,0.49,0.99,0.05
2026-10-05,Polluted Delta,zne,Normal,48.23,49.99,39.0
2026-10-05,The Destined Thief,fic,Foil,2.98,5.99,3.45
2026-10-05,Tezzeret the Seeker,sld,Normal,28.95,34.99,18.94
2026-10-05,Underground Sea,3ed,Normal,1105.08,1499.99,670.0
2026-10-05,Tropical Island,3ed,Normal,600.14,749.99,366.67
2026-10-05,"Wan Shi Tong, Librarian",tla,Foil,38.72,49.99,44.5
2026-10-05,Skyserpent Seeker,dft,Normal,0.32,0.79,0.1
2026-10-05,"Bilbo, Luckwearer // Burglar's Plot",pw26,Normal,0.53,0.79,0.44
2026-10-05,"Ikra Shidiqi, the Usurper",c16,Foil,1.23,1.79,1.81
2026-10-05,Skateboard,tmt,Normal,0.35,0.79,0.31
2026-10-05,"Malcolm, Keen-Eyed Navigator",spg,Foil,14.86,17.99,16.9
2026-10-05,Arcane Signet,p30m,Etched,,,
2026-10-05,"Lonis, Cryptozoologist",mh2,Normal,0.32,0.49,0.18
2026-10-05,Samwise Gamgee,ltr,Foil,3.79,4.49,2.17
2026-10-05,Minas Tirith,ltr,Foil,7.64,8.99,8.07
2026-10-05,Pendelhaven,ath,Normal,3.79,4.49,4.0
2026-10-05,Razortide Bridge,brc,Normal,2.02,2.29,2.21
2026-10-05,Seat of the Synod,brc,Normal,3.2,4.49,1.54
2026-10-05,Trenzalore Clocktower,who,Normal,0.29,0.49,0.23
2026-10-05,"Osgood, Operation Double",who,Normal,0.31,0.49,0.12
2026-10-05,"Venser, Shaper Savant",tsr,Normal,1.33,0.69,0.96
2026-10-05,"Raff Capashen, Ship's Mage",cmm,Normal,0.26,0.35,0.1
2026-10-05,The Shire,ltr,Normal,3.22,3.99,1.87
2026-10-05,Rivendell,ltr,Normal,1.77,2.99,1.83
2026-10-05,"Eiganjo, Seat of the Empire",neo,Foil,6.07,9.99,7.79
2026-10-05,Trial of a Time Lord,who,Normal,0.3,0.49,0.34
2026-10-05,Talisman of Progress,who,Normal,0.46,0.69,0.3
2026-10-05,"Jaheira, Friend of the Forest",clb,Normal,12.69,13.99,8.58
2026-10-05,Ancient Den,mrd,Normal,2.67,3.99,1.61
2026-10-05,Command Tower,who,Normal,0.35,0.69,0.29
2026-10-05,Tree of Tales,mrd,Normal,1.66,2.29,1.05
2026-10-05,Thornglint Bridge,mh2,Normal,0.36,0.35,0.13
2026-10-05,Braided Net // Braided Quipu,lci,Normal,0.31,0.49,0.2
2026-10-05,Flagstones of Trokair,tsr,Normal,3.6,3.49,3.56
2026-10-05,"Okina, Temple to the Grandfathers",chk,Normal,4.65,9.49,3.0
2026-10-05,Tolaria,leg,Normal,7.49,8.99,4.39
2026-10-05,Five Hundred Year Diary,who,Foil,0.8,0.79,0.5
2026-10-05,"Oko, Thief of Crowns",otp,Normal,5.44,6.99,4.78
2026-10-05,Island,who,Foil,0.32,0.79,0.1
2026-10-05,Path of Ancestry,who,Normal,0.27,0.35,0.1
2026-10-05,Inventors' Fair,sld,Foil,22.14,20.99,14.5
2026-10-05,"Crystal Skull, Isu Spyglass",acr,Etched,,,
2026-10-05,Tanglepool Bridge,mh2,Normal,0.27,0.35,0.13
2026-10-05,"Minamo, School at Water's Edge",ltc,Foil,66.32,84.99,44.95
2026-10-05,Haywire Mite,dsc,Normal,1.19,1.29,0.97
2026-10-05,Gandalf the White,ltr,Normal,10.06,14.99,7.12
2026-10-05,"Urza, Lord High Artificer",dmr,Normal,15.19,19.99,15.99
2026-10-05,Azorius Signet,gk2,Normal,0.39,0.79,0.59
2026-10-05,Fellwar Stone,onc,Normal,1.69,2.29,1.32
2026-10-05,Graham O'Brien,who,Foil,0.81,0.49,0.5
2026-10-05,Stridehangar Automaton,drc,Normal,2.47,5.49,3.31
2026-10-05,Officious Interrogation,mkm,Foil,0.22,0.49,0.1
2026-10-05,Transmutation Font,pw24,Foil,1.7,2.29,0.5
2026-10-05,Academy Ruins,2xm,Normal,8.85,10.99,6.33
2026-10-05,Ignis Scientia,fin,Normal,0.23,0.35,0.12
2026-10-05,Serah Farron // Crystallized Serah,fin,Normal,4.97,5.49,3.5
2026-10-05,Eiganjo Castle,sld,Normal,8.6,9.49,20.59
2026-10-05,"Oboro, Palace in the Clouds",ltc,Foil,19.02,32.99,17.0
2026-10-05,Clock of Omens,5dn,Normal,10.05,4.99,4.64
2026-10-05,Forest,who,Normal,0.25,0.49,0.05
2026-10-05,Plains,who,Normal,0.29,0.49,0.05
2026-10-05,Sonic Screwdriver,sld,Foil,49.34,42.99,17.24
2026-10-05,Astrid Peth,who,Normal,4.3,6.49,2.93
2026-10-05,"James, Wandering Dad // Follow Him",pip,Foil,2.95,1.49,1.0
2026-10-05,Spectacular Spider-Man,spm,Normal,6.77,11.99,5.41
2026-10-05,The Blue Spirit,tle,Normal,0.84,1.99,3.95
2026-10-05,The Grey Havens,ltr,Normal,0.35,0.49,0.14
2026-10-05,"Aang, Swift Savior // Aang and La, Ocean's Fury",tla,Foil,7.09,7.99,7.5
2026-10-05,The Cabbage Merchant,tle,Foil,34.2,54.99,25.88
2026-10-05,"Reki, the History of Kamigawa",sld,Foil,16.59,16.99,15.95
2026-10-05,King Solomon's Frogs,msc,Normal,0.28,0.49,0.28
2026-10-05,"Mutagen Man, Living Ooze",tmt,Foil,3.64,4.99,4.02
2026-10-05,"Growing Rites of Itlimoc // Itlimoc, Cradle of the Sun",lci,Normal,9.56,10.99,5.62
2026-10-05,Sol Ring,sld,Foil,17.67,20.99,18.5
2026-10-05,Spara's Headquarters,psnc,Normal,14.89,17.99,13.0
2026-10-05,"Mondrak, Glory Dominus",one,Normal,48.78,74.99,37.62
2026-10-05,Flooded Strand,zne,Normal,34.68,39.99,35.0
2026-10-05,Tundra,3ed,Normal,695.59,849.99,394.74
2026-10-05,"Mona Lisa, Ever Adaptable",tmc,Normal,3.56,5.49,3.46
2026-10-05,"Yavimaya, Cradle of Growth",ltc,Normal,52.34,74.99,58.0
2026-10-05,"Adrix and Nev, Twincasters",c21,Foil,8.42,8.99,5.59
2026-10-05,Academy Manufactor,sld,Foil,15.68,20.99,12.0
2026-10-05,"Donatello, the Brains",tmc,Foil,0.73,0.99,0.5
2026-10-05,The Wondrous Wasp,msh,Normal,0.87,1.99,1.2
2026-10-05,"King T'Challa // Black Panther, Hope Enduring",msh,Normal,17.53,22.99,16.99
2026-10-05,"Mister Fantastic, Reed Richards",msh,Normal,0.33,0.49,0.26
2026-10-05,"Tippy-Toe, Terrific Partner",sld,Normal,11.48,16.99,17.75
2026-10-05,"Justice, Vance Astrovik",msh,Normal,0.14,0.35,0.05
2026-10-05,"Meatsqueak, Hoard Lord",mbc,Normal,,,
2026-10-05,Cryptolith Fragment // Aurora of Emrakul,inr,Normal,0.36,0.69,0.09
2026-10-05,"Lita, Little Orphan Amphibian",tmt,Foil,0.28,0.49,0.14
2026-10-05,The Goose Mother,woe,Normal,0.45,0.49,0.75
2026-10-05,Sarah Jane Smith,who,Foil,1.71,0.99,0.75
2026-10-05,"The Theorist, Jace Beleren",fra,Normal,44.46,42.99,30.72
2026-10-05,Cyclonic Rift,soa,Normal,32.18,42.99,28.25
2026-10-05,The Fourth Doctor,who,Foil,1.22,0.99,1.0
2026-10-06,Abandoned Air Temple,tla,Normal,5.29,9.99,7.74
2026-10-06,"Agent Bishop, Man in Black",tmt,Normal,0.33,0.99,0.26
2026-10-06,Sakura-Tribe Elder,plg24,Foil,3.42,3.99,1.91
2026-10-06,Birds of Paradise,sld,Foil,55.85,64.99,66.45
2026-10-06,Farseek,ltc,Normal,1.91,1.99,1.09
2026-10-06,Three Visits,sld,Foil,53.16,69.99,36.95
2026-10-06,Utopia Sprawl,wot,Foil,2.03,2.99,1.99
2026-10-06,Nature's Lore,sld,Foil,12.2,11.99,7.7
2026-10-06,"Anim Pakal, Thousandth Moon",lci,Normal,5.19,5.99,4.05
2026-10-06,Botanical Brawler,mom,Normal,0.28,0.35,0.14
2026-10-06,Commander Liara Portyr,clb,Normal,0.23,0.35,0.25
2026-10-06,Dusk Legion Duelist,mom,Normal,1.81,3.49,1.2
2026-10-06,"Etali, Primal Conqueror // Etali, Primal Sickness",mom,Normal,29.36,37.99,24.47
2026-10-06,Path to Exile,who,Normal,1.68,2.79,1.49
2026-10-06,Healer's Hawk,fdn,Foil,0.3,0.49,0.32
2026-10-06,"Kutzil, Malamet Exemplar",lci,Normal,3.29,2.99,2.55
2026-10-06,Peregrin Took,ltr,Normal,1.27,0.79,0.28
2026-10-06,"Ozolith, the Shattered Spire",mom,Foil,8.89,11.99,7.98
2026-10-06,Kami of Whispered Hopes,mom,Normal,6.12,7.49,2.49
2026-10-06,Rosie Cotton of South Lane,ltr,Normal,0.37,0.49,0.13
2026-10-06,Share the Spoils,afc,Normal,3.6,6.99,4.87
2026-10-06,Sovereign Okinec Ahau,lci,Normal,5.08,3.99,3.54
2026-10-06,Swords to Plowshares,brc,Normal,2.0,3.99,2.5
2026-10-06,The Ozolith,sld,Foil,68.81,79.99,43.0
2026-10-06,Germination Practicum,sos,Normal,12.65,13.99,6.72
2026-10-06,Improvisation Capstone,sos,Normal,15.01,18.99,13.29
2026-10-06,Patrolling Peacemaker,eoc,Normal,2.04,2.79,1.44
2026-10-06,Avatar's Wrath,tla,Normal,3.44,6.99,3.97
2026-10-06,Bigger on the Inside,who,Normal,0.51,0.59,0.15
2026-10-06,Exploration,dmr,Normal,30.16,37.99,25.99
2026-10-06,Generous Pup,j25,Normal,7.56,12.99,6.74
2026-10-06,Esper Sentinel,mh2,Normal,60.93,69.99,44.78
2026-10-06,Kami of Celebration,nec,Normal,1.11,1.29,0.25
2026-10-06,Terrasymbiosis,eoe,Normal,9.73,12.99,10.95
2026-10-06,Rhythm of the Wild,sld,Foil,15.6,16.99,8.9
2026-10-06,"Mikey & Leo, Chaos & Order",tmt,Normal,4.03,5.49,3.93
2026-10-06,Kodama of the West Tree,neo,Normal,20.88,24.99,16.5
2026-10-06,"Halana and Alena, Partners",fdn,Normal,0.36,0.69,0.69
2026-10-06,Ouroboroid,eoe,Normal,44.05,57.99,42.5
2026-10-06,The Ooze,tmt,Normal,4.44,8.49,5.14
2026-10-06,Agatha's Soul Cauldron,woe,Normal,41.44,54.99,37.07
2026-10-06,Hardened Scales,wot,Normal,4.53,5.99,3.2
2026-10-06,"Laelia, the Blade Reforged",mh3,Normal,2.07,2.79,0.99
2026-10-06,Champion of Lambholt,ncc,Normal,4.12,4.49,2.7
2026-10-06,Speaker of the Heavens,plst,Normal,0.47,0.69,0.75
2026-10-06,Beast Within,cmr,Normal,1.06,1.49,0.68
2026-10-06,Suspend Aggression,sos,Normal,0.24,0.49,0.11
2026-10-06,Generous Gift,blc,Normal,1.76,2.79,1.27
2026-10-06,Call Forth the Tempest,hoc,Normal,19.62,27.99,18.25
2026-10-06,Guff Rewrites History,cmm,Normal,3.06,4.99,3.31
2026-10-06,Dispatch,eoc,Normal,0.37,1.49,2.79
2026-10-06,Chaos Warp,c20,Normal,0.7,0.99,0.49
2026-10-06,"Arwen, Weaver of Hope",ltc,Normal,4.7,5.99,5.74
2026-10-06,Heartwood Crafter // Soul Tether,fra,Normal,0.29,0.49,0.19
2026-10-06,Studious First-Year // Rampant Growth,sos,Normal,0.15,0.39,0.19
2026-10-06,Falcon and Redwing,msc,Normal,0.67,1.49,0.69
2026-10-06,Shroofus Sproutsire,j25,Normal,4.93,8.99,4.98
2026-10-06,Wild Wasteland,pip,Normal,1.26,2.99,0.95
2026-10-06,Mosswort Bridge,c18,Normal,0.42,0.69,0.25
2026-10-06,Yotian Dissident,bro,Normal,0.28,0.35,0.05
2026-10-06,Inspiring Statuary,brr,Normal,0.8,1.79,0.98
2026-10-06,"Rocco, Street Chef",mat,Foil,0.67,2.99,0.94
2026-10-06,Aerial Responder,kld,Normal,0.14,0.35,0.11
2026-10-06,Thundering Raiju,neo,Foil,0.71,0.79,0.32
2026-10-06,Forest,otj,Foil,0.35,0.99,0.12
2026-10-06,Mountain,otj,Foil,0.34,0.79,0.1
2026-10-06,Plains,otj,Foil,0.39,0.79,0.2
2026-10-06,Command Tower,c17,Normal,0.37,0.69,0.38
2026-10-06,Hushwood Verge,dsk,Normal,9.71,14.99,7.85
2026-10-06,Jetmir's Garden,snc,Normal,15.31,21.99,14.5
2026-10-06,Thornspire Verge,dsk,Normal,5.81,8.99,4.78
2026-10-06,Exotic Orchard,c21,Normal,0.3,0.59,0.19
2026-10-06,Sunbillow Verge,dft,Normal,10.68,19.99,9.52
2026-10-06,Sacred Foundry,rvr,Normal,12.27,17.99,10.75
2026-10-06,"Yavimaya, Cradle of Growth",mh2,Normal,17.19,21.99,13.45
2026-10-06,"Boseiju, Who Endures",neo,Normal,49.09,64.99,42.18
2026-10-06,Commercial District,mkm,Normal,7.89,12.99,7.4
2026-10-06,Plateau,3ed,Normal,392.05,549.99,265.0
2026-10-06,Lush Portico,mkm,Normal,7.09,9.49,6.71
2026-10-06,Rockfall Vale,inr,Normal,3.86,4.99,2.5
2026-10-06,Wooded Foothills,mh3,Normal,18.17,29.99,17.47
2026-10-06,Taiga,3ed,Normal,449.66,549.99,275.0
2026-10-06,Stomping Ground,rvr,Normal,8.5,9.99,6.5
2026-10-06,Bountiful Promenade,clb,Normal,8.91,12.99,11.67
2026-10-06,Clifftop Retreat,tdc,Normal,0.35,0.69,0.38
2026-10-06,Rootbound Crag,tdc,Normal,0.43,1.29,0.5
2026-10-06,Overgrown Farmland,inr,Normal,4.35,5.49,3.62
2026-10-06,Spectator Seating,cmm,Normal,11.24,12.99,8.5
2026-10-06,Sundown Pass,inr,Normal,3.22,5.99,3.42
2026-10-06,Spire Garden,clb,Normal,7.14,9.49,13.98
2026-10-06,Temple Garden,rvr,Normal,8.76,11.99,7.87
2026-10-06,Savannah,3ed,Normal,412.51,549.99,200.0
2026-10-06,Arid Mesa,mh2,Normal,29.9,42.99,27.02
2026-10-06,Sunpetal Grove,tdc,Normal,0.56,0.99,0.88
2026-10-06,Windswept Heath,mh3,Normal,12.57,16.99,9.61
2026-10-06,Great Hall of the Citadel,ltr,Normal,0.35,0.79,0.23
2026-10-06,Hall of Echoes,fra,Normal,5.77,7.49,4.76
2026-10-06,Plaza of Heroes,dmu,Normal,6.31,7.49,5.89
2026-10-06,Arid Archway,otj,Normal,1.47,1.79,0.53
2026-10-06,Arena,mb2,Normal,1.01,3.49,0.7
2026-10-06,Cavern of Souls,lci,Normal,51.81,64.99,40.0
2026-10-06,City of Shadows,me3,Normal,,,121.65
2026-10-06,Maze of Ith,dmr,Foil,16.83,22.99,16.75
2026-10-06,Desert of the Indomitable,m3c,Normal,0.29,0.35,0.18
2026-10-06,Wasteland,slc,Normal,16.07,24.99,12.99
2026-10-06,Scorched Ruins,wth,Normal,61.67,74.99,47.98
2026-10-06,Fabled Passage,tmc,Normal,1.33,1.99,1.51
2026-10-06,Castle Garenbrig,eld,Normal,10.68,12.99,5.98
2026-10-06,Ancient Tomb,zne,Normal,139.32,159.99,136.5
2026-10-06,Ash Barrens,cmm,Normal,0.22,0.35,0.13
2026-10-06,Bant Panorama,ala,Normal,0.62,0.49,0.2
2026-10-06,Crystal Vein,cma,Normal,8.74,9.49,9.87
2026-10-06,Emergence Zone,war,Normal,4.01,4.49,2.07
2026-10-06,Forest,blb,Foil,0.33,0.99,0.31
2026-10-06,Ghost Quarter,ltc,Normal,0.64,0.99,0.94
2026-10-06,Grasslands,cmm,Normal,0.35,0.35,0.45
2026-10-06,Hall of the Bandit Lord,chk,Normal,22.11,24.99,9.92
2026-10-06,Havenwood Battleground,c14,Normal,0.38,0.49,0.15
2026-10-06,Hickory Woodlot,mmq,Normal,4.65,6.99,3.95
2026-10-06,Hollow Trees,5ed,Normal,0.81,1.49,0.59
2026-10-06,Homeward Path,ltc,Normal,12.93,20.99,11.94
2026-10-06,Command Beacon,cmr,Normal,9.23,12.99,8.89
2026-10-06,Deserted Temple,mh3,Normal,0.77,1.49,0.63
2026-10-06,Dryad Arbor,mb2,Normal,3.24,4.99,3.0
2026-10-06,Echoing Deeps,lci,Normal,0.84,0.59,0.45
2026-10-06,Field of the Dead,m20,Normal,28.53,32.99,27.4
2026-10-06,Gemstone Caverns,plst,Normal,62.59,84.99,42.3
2026-10-06,High Market,c21,Normal,2.49,1.49,1.89
2026-10-06,Horizon of Progress,m3c,Normal,4.54,4.99,2.53
2026-10-06,Diamond Valley,me1,Normal,,,1.96
2026-10-06,City of Traitors,tpr,Normal,,,4.78
2026-10-06,Jund Panorama,ala,Normal,0.41,0.35,0.22
2026-10-06,Lotus Vale,wth,Normal,47.38,54.99,29.49
2026-10-06,Mage-Ring Network,cmm,Normal,0.36,0.35,0.1
2026-10-06,"Miren, the Moaning Well",sok,Normal,22.53,34.99,12.0
2026-10-06,Misty Rainforest,zne,Normal,54.18,57.99,35.42
2026-10-06,Mountain Valley,eoc,Normal,0.26,0.35,0.17
2026-10-06,Myriad Landscape,ltc,Foil,3.98,3.99,3.2
2026-10-06,Mystifying Maze,eos,Normal,2.11,2.79,2.03
2026-10-06,Ominous Cemetery,who,Normal,0.31,0.35,0.12
2026-10-06,Pit of Offerings,lci,Normal,0.39,0.69,0.3
2026-10-06,Rushwood Grove,mmq,Normal,0.59,0.79,0.43
2026-10-06,Safe Haven,tsb,Normal,0.49,0.99,0.3
2026-10-06,Sanctum of Eternity,c19,Normal,6.92,9.99,9.07
2026-10-06,Sandstorm Verge,otj,Normal,0.24,0.35,0.06
2026-10-06,Sequestered Stash,kld,Normal,0.15,0.35,0.49
2026-10-06,Shire Terrace,ltr,Normal,0.23,0.39,0.11
2026-10-06,Slippery Karst,dmr,Normal,0.25,0.35,0.13
2026-10-06,Snow-Covered Forest,mh1,Normal,1.1,1.49,0.51
2026-10-06,Tower of the Magistrate,mb2,Normal,1.38,2.29,1.99
2026-10-06,Underdark Rift,afc,Normal,0.44,0.79,0.37
2026-10-06,"Untaidake, the Cloud Keeper",chk,Normal,5.49,5.49,1.35
2026-10-06,Urza's Cave,mh3,Normal,2.55,3.49,1.16
2026-10-06,Verdant Catacombs,zne,Normal,50.23,47.99,28.9
2026-10-06,Vesuva,slc,Normal,4.98,6.49,4.25
2026-10-06,Winding Canyons,wth,Normal,35.41,39.99,13.16
2026-10-06,Windswept Heath,zne,Normal,31.86,29.99,27.99
2026-10-06,Wooded Foothills,zne,Normal,32.18,34.99,31.08
2026-10-06,Daily Bugle Building,spm,Normal,0.29,0.39,0.04
2026-10-06,"Argoth, Sanctum of Nature",bro,Normal,3.51,5.49,1.4
2026-10-06,Chocobo Camp,fic,Normal,8.87,18.99,4.99
2026-10-06,Northampton Farm,tmt,Normal,0.34,0.49,0.54
2026-10-06,Tranquil Thicket,mh1,Normal,0.22,0.35,0.12
2026-10-06,Rogue's Passage,ltc,Normal,0.9,1.29,1.32
2026-10-06,Sunken Citadel,lci,Normal,0.53,0.69,0.5
2026-10-06,Temple of the False God,cm2,Normal,0.31,0.35,0.22
2026-10-06,Scavenger Grounds,c21,Normal,0.47,0.49,0.3
2026-10-06,Lazotep Quarry,m3c,Normal,5.79,7.99,4.91
2026-10-06,Lotus Field,soc,Normal,2.55,3.49,2.75
2026-10-06,Mariposa Military Base,pip,Normal,0.4,0.69,0.38
2026-10-06,Prismatic Vista,mh1,Normal,30.92,42.99,33.5
2026-10-06,Talon Gates of Madara,m3c,Normal,30.99,42.99,24.7
2026-10-06,Terrain Generator,clb,Normal,2.31,3.49,1.98
2026-10-06,"Urborg, Tomb of Yawgmoth",tsr,Normal,55.42,59.99,41.71
2026-10-06,Witch's Clinic,c21,Normal,14.88,18.99,13.47
2026-10-06,The Tabernacle at Pendrell Vale,me3,Normal,,,
2026-10-06,Bazaar of Baghdad,vma,Normal,,,747.66
2026-10-06,Mirrorpool,cmm,Normal,2.88,2.99,2.11
2026-10-06,Thespian's Stage,who,Normal,0.43,0.79,0.31
2026-10-06,"Lumra, Bellow of the Woods",blb,Foil,116.69,149.99,145.0
2026-10-06,Yavimaya Hollow,vma,Normal,,,
2026-10-06,Embiggen,unf,Normal,0.22,0.79,1.49
2026-10-06,Empyrial Armor,wth,Normal,0.3,0.35,0.58
2026-10-06,Empyrial Plate,c16,Normal,1.85,2.79,1.21
2026-10-06,"Inner Calm, Outer Strength",sok,Normal,0.26,0.35,0.32
2026-10-06,Wild Defiance,avr,Normal,0.68,0.99,0.33
2026-10-06,Reliquary Tower,brc,Normal,5.62,8.99,4.5
2026-10-06,Llanowar Elves,7ed,Normal,0.54,0.79,0.91
2026-10-06,Duelist's Heritage,tle,Normal,2.37,5.49,2.99
2026-10-06,Phytoburst,dgm,Normal,0.18,0.35,0.02
2026-10-06,Flaming Fist,clb,Normal,0.25,0.35,0.02
2026-10-06,Might of the Nephilim,dis,Normal,0.57,1.29,0.26
2026-10-06,Tamiyo's Safekeeping,neo,Normal,5.13,8.49,3.88
2026-10-06,Ranger's Guile,isd,Normal,0.2,0.35,0.19
2026-10-06,Scent of Ivy,uds,Normal,0.23,0.35,0.08
2026-10-06,Tyvar's Stand,one,Normal,1.62,2.99,1.38
2026-10-06,Scale Up,mh1,Normal,0.46,0.79,0.3
2026-10-06,Titanic Growth,one,Normal,0.23,0.35,0.03
2026-10-06,Arbor Elf,pw21,Normal,0.48,1.49,0.95
2026-10-06,Swords to Plowshares,40k,Normal,2.36,3.99,2.38
2026-10-06,Path to Exile,ss2,Normal,2.01,2.79,1.99
2026-10-06,Blossoming Defense,kld,Normal,0.33,0.79,0.38
2026-10-06,Summer Bloom,2x2,Normal,1.8,1.99,0.48
2026-10-06,Spellbook,9ed,Normal,2.85,4.99,1.06
2026-10-06,Revive,mmq,Normal,0.21,0.39,1.75
2026-10-06,Regrowth,sta,Normal,1.57,1.49,0.95
2026-10-06,Groundswell,wwk,Normal,0.34,0.59,0.33
2026-10-06,Birds of Paradise,dmr,Normal,11.39,15.99,15.97
2026-10-06,Bridgeworks Battle // Tanglespan Bridgeworks,mh3,Normal,1.2,1.99,1.23
2026-10-06,Choose Your Weapon,afr,Normal,0.23,0.35,0.19
2026-10-06,Bounty of the Hunt,all,Normal,0.42,0.69,0.19
2026-10-06,Become Immense,ktk,Normal,0.27,0.35,0.09
2026-10-06,Collective Resistance,mh3,Normal,2.46,2.99,1.51
2026-10-06,Snakeskin Veil,sta,Normal,0.31,1.29,0.1
2026-10-06,Elvish Mystic,m15,Normal,0.52,1.79,0.73
2026-10-06,Vines of Vastwood,zen,Normal,1.74,2.49,0.98
2026-10-06,Wild Growth,ice,Normal,0.6,0.99,0.76
2026-10-06,Fyndhorn Elves,p30a,Foil,,7.49,1.95
2026-10-06,Might of Old Krosa,tsp,Normal,0.3,0.49,0.1
2026-10-06,Overprotect,blb,Foil,2.22,3.49,2.9
2026-10-06,Ram Through,iko,Normal,0.43,0.99,0.66
2026-10-06,Command Tower,cmr,Normal,0.34,0.69,0.15
2026-10-06,Sol Ring,c14,Normal,1.99,2.99,1.12
2026-10-06,Blacksmith's Skill,mh2,Normal,0.37,0.79,0.16
2026-10-06,Defend the Rider,dft,Normal,0.8,2.49,0.96
2026-10-06,Delighted Halfling,ltr,Normal,26.45,32.99,19.82
2026-10-06,Razorverge Thicket,blc,Normal,0.39,0.79,0.73
2026-10-06,Horizon Canopy,ima,Normal,4.58,6.49,3.6
2026-10-06,Branchloft Pathway // Boulderloft Pathway,znr,Normal,3.76,4.99,3.15
2026-10-06,Dual-Sun Technique,eoe,Normal,0.25,0.35,0.15
2026-10-06,Voice of Victory,tdm,Normal,20.25,29.99,20.5
2026-10-06,Grow Extra Arms,spm,Normal,0.13,0.35,0.02
2026-10-06,Avacyn's Pilgrim,pf25,Foil,4.0,6.49,5.44
2026-10-06,Chrome Mox,2xm,Normal,166.58,179.99,70.0
2026-10-06,Crop Rotation,soa,Foil,4.56,6.99,5.49
2026-10-06,Gift of the Viper,mh3,Normal,0.27,0.35,0.19
2026-10-06,Enlightened Tutor,6ed,Normal,36.47,44.99,22.43
2026-10-06,"Heliod, Sun-Crowned",thb,Normal,20.61,29.99,15.38
2026-10-06,Lotus Petal,mb2,Normal,34.85,44.99,27.12
2026-10-06,Elvish Spirit Guide,dmr,Normal,3.57,3.99,1.35
2026-10-06,Invigorate,2xm,Foil,0.45,0.79,0.29
2026-10-06,Walking Ballista,mb2,Normal,8.87,11.99,8.98
2026-10-06,Mutagenic Growth,nph,Normal,1.62,2.79,2.46
2026-10-06,Rustler Rampage,otj,Normal,0.26,0.39,0.21
2026-10-06,Tifa's Limit Break,fin,Normal,0.32,0.35,0.16
2026-10-06,Feral Ferocity,msc,Normal,0.21,0.99,0.25
2026-10-06,Forest,dmu,Foil,0.22,0.49,0.05
2026-10-06,Bala Ged Recovery // Bala Ged Sanctuary,znr,Normal,6.89,10.99,4.72
2026-10-06,Graduation Day,sos,Normal,0.29,0.35,0.07
2026-10-06,Giant Growth,soa,Normal,0.27,0.35,0.09
2026-10-06,Forbidden Orchard,c16,Normal,10.09,16.99,5.65
2026-10-06,Berserk,soa,Normal,7.33,10.99,7.33
2026-10-06,Royal Treatment,soa,Normal,0.26,0.35,0.1
2026-10-06,Mana Confluence,jou,Normal,35.9,42.99,25.12
2026-10-06,Plains,40k,Foil,1.14,,
2026-10-06,Prismatic Vista,zne,Normal,41.69,59.99,30.0
2026-10-06,Brushland,bro,Normal,4.38,4.49,2.85
2026-10-06,Utopia Sprawl,sld,Foil,7.78,10.99,7.3
2026-10-06,Gemstone Caverns,eos,Normal,90.26,109.99,74.98
2026-10-06,Sergeant John Benton,who,Foil,12.11,10.99,7.5
2026-10-06,City of Brass,2x2,Normal,27.08,27.99,21.5
2026-10-06,Battlefield Forge,c21,Normal,0.44,0.69,0.8
2026-10-06,Path of Ancestry,m3c,Normal,0.29,0.35,0.23
2026-10-06,The Gaffer,ltc,Normal,6.68,9.99,8.78
2026-10-06,Genji Glove,fin,Normal,8.05,13.99,5.17
2026-10-06,Descent into Avernus,sld,Foil,17.65,24.99,16.99
2026-10-06,Ingris Stingerquill,fra,Normal,13.29,15.99,8.39
2026-10-06,Tymna the Weaver,c16,Foil,31.6,24.99,26.5
2026-10-06,"Arabella, Abandoned Doll",dsk,Normal,0.83,0.79,0.23
2026-10-06,"Vito, Thorn of the Dusk Rose",pm21,Foil,11.24,15.99,10.69
2026-10-06,Professional Face-Breaker,snc,Normal,6.92,9.99,5.96
2026-10-06,Guild Artisan,clb,Normal,0.27,0.59,0.21
2026-10-06,"Elas il-Kor, Sadistic Pilgrim",dmu,Normal,0.57,2.29,1.21
2026-10-06,Arbaaz Mir,acr,Normal,0.3,0.35,0.15
2026-10-06,"Prosper, Tome-Bound",afc,Foil,6.53,8.49,11.63
2026-10-06,Access Tunnel,ltc,Normal,0.46,0.79,0.4
2026-10-06,"Shizo, Death's Storehouse",dmc,Normal,33.23,37.99,31.84
2026-10-06,Arcane Signet,nec,Normal,0.77,0.79,0.55
2026-10-06,Talisman of Hierarchy,pip,Normal,0.7,0.99,0.96
2026-10-06,Boros Signet,c15,Normal,0.54,1.49,0.58
2026-10-06,Talisman of Conviction,ltc,Normal,0.38,0.99,0.5
2026-10-06,Talisman of Indulgence,40k,Normal,3.64,4.99,1.81
2026-10-06,Silver Shroud Costume,sld,Foil,11.38,16.99,8.93
2026-10-06,Inkshield,sld,Foil,10.63,13.99,9.0
2026-10-06,Damn,mh2,Normal,1.76,3.49,1.97
2026-10-06,Sundering Eruption // Volcanic Fissure,mh3,Normal,1.52,2.99,1.59
2026-10-06,Steelshaper's Gift,sld,Foil,13.74,18.99,9.95
2026-10-06,Dusk // Dawn,blc,Normal,0.31,0.59,0.25
2026-10-06,Swords to Plowshares,dmr,Normal,2.06,3.49,1.69
2026-10-06,Thieves' Tools,clb,Foil,0.31,0.49,0.22
2026-10-06,Lightning Greaves,c19,Normal,4.8,7.49,2.87
2026-10-06,"Daxos, Blessed by the Sun",thb,Normal,0.27,0.49,0.1
2026-10-06,"Delney, Streetwise Lookout",mkm,Normal,34.86,47.99,30.48
2026-10-06,"Gollum, Obsessed Stalker",ltc,Normal,0.36,0.49,0.43
2026-10-06,"Elena, Turk Recruit",fic,Normal,0.23,0.49,0.29
2026-10-06,"Subira, Tulzidi Caravanner",m21,Normal,0.28,0.49,0.2
2026-10-06,"Deadpool, Trading Card",sld,Foil,15.47,18.99,18.0
2026-10-06,Brash Taunter,m21,Normal,4.16,3.99,1.36
2026-10-06,Exotic Orchard,c19,Normal,0.31,0.59,0.2
2026-10-06,Great Hall of the Citadel,ltr,Foil,0.42,0.99,0.15
2026-10-06,"Saradoc, Master of Buckland",ltr,Normal,0.31,0.69,0.43
2026-10-06,"Mangara, the Diplomat",blc,Normal,0.49,0.99,0.75
2026-10-06,Fellwar Stone,ncc,Normal,1.46,1.79,0.79
2026-10-06,Orzhov Signet,brc,Normal,0.6,1.49,0.59
2026-10-06,Deadly Rollick,sld,Foil,26.69,34.99,22.87
2026-10-06,"Mjölnir, Hammer of Thor",msh,Normal,17.31,22.99,16.97
2026-10-06,"Shanid, Sleepers' Scourge",dmc,Foil,2.98,3.99,1.07
2026-10-06,"Black Widow, Agile Avenger",msc,Normal,6.14,8.99,7.56
2026-10-06,"General Kreat, the Boltbringer",j25,Normal,6.45,9.99,8.26
2026-10-06,Savai Triome,iko,Normal,17.31,27.99,17.37
2026-10-06,Darkstar Augur,blb,Normal,2.0,2.29,1.49
2026-10-06,Brotherhood Regalia,acr,Foil,10.54,17.99,9.99
2026-10-06,"Lotho, Corrupt Shirriff",ltr,Normal,11.1,13.99,11.75
2026-10-06,Loran of the Third Path,bro,Normal,8.08,11.99,5.95
2026-10-06,"Moseo, Vein's New Dean",sos,Foil,1.06,0.79,0.93
2026-10-06,Plaza of Heroes,dmu,Foil,10.18,14.99,10.0
2026-10-06,"Minas Morgul, Dark Fortress",ltc,Foil,11.45,16.99,12.67
2026-10-06,Eiganjo Castle,chk,Normal,14.88,10.99,8.9
2026-10-06,Clifftop Retreat,pip,Normal,0.34,0.69,0.39
2026-10-06,Caves of Koilos,dmu,Normal,2.87,6.49,3.87
2026-10-06,Isolated Chapel,ltc,Normal,0.53,1.29,0.62
2026-10-06,Fetid Heath,tdc,Normal,0.55,0.79,0.56
2026-10-06,Knuckles the Echidna,sld,Foil,23.5,27.99,20.31
2026-10-06,Scheming Silvertongue // Sign in Blood,sos,Foil,1.68,1.49,1.54
2026-10-06,Villainous Wrath,spm,Foil,1.24,1.49,1.48
2026-10-06,Swamp,mkm,Foil,0.59,1.49,0.33
2026-10-06,Mountain,mkm,Normal,0.31,0.79,0.19
2026-10-06,Plains,mkm,Foil,0.39,1.99,0.46
2026-10-06,Blood Crypt,rvr,Normal,9.6,14.99,9.75
2026-10-06,Scrubland,3ed,Normal,452.56,599.99,295.0
2026-10-06,Arid Mesa,zne,Normal,46.67,49.99,36.49
2026-10-06,Marsh Flats,zne,Normal,46.58,69.99,36.5
2026-10-06,Badlands,3ed,Normal,586.77,749.99,375.75
2026-10-06,Bloodstained Mire,zne,Normal,38.32,47.99,27.0
2026-10-06,Godless Shrine,rvr,Normal,9.67,13.99,9.49
2026-10-06,Witch Enchanter // Witch-Blessed Meadow,mh3,Foil,7.27,10.99,5.28
2026-10-06,Chaos Warp,sld,Foil,10.51,12.99,7.75
2026-10-06,Wayfarer's Bauble,sld,Foil,5.01,7.49,6.8
2026-10-06,Aggravated Assault,sld,Foil,31.39,32.99,16.97
2026-10-06,"Kellan, the Fae-Blooded // Birthright Boon",woe,Normal,6.23,7.49,6.03
2026-10-06,The Reaver Cleaver,sld,Normal,26.75,34.99,17.0
2026-10-06,Stoneforge Mystic,spg,Normal,40.04,42.99,27.86
2026-10-06,The Queen of Dale,hob,Normal,20.32,29.99,22.36
2026-10-06,"Kediss, Emberclaw Familiar",sld,Foil,14.84,14.99,13.45
2026-10-06,Command Tower,pw25,Foil,11.51,12.99,5.15
2026-10-06,The Echoverse Fulcrum,fra,Normal,4.71,5.99,6.2
2026-10-06,Castle Ardenvale,peld,Normal,2.78,0.79,0.42
2026-10-06,Alhammarret's Archive,c21,Normal,10.58,13.99,9.38
2026-10-06,Loran of the Third Path,blc,Normal,5.37,7.99,4.37
2026-10-06,Claim Jumper,otj,Foil,0.9,0.99,0.85
2026-10-06,Spirited Companion,plst,Normal,0.22,0.69,0.19
2026-10-06,Inspiring Overseer,snc,Normal,0.3,0.69,0.07
2026-10-06,Helpful Hunter,fdn,Normal,0.28,0.59,0.16
2026-10-06,Sun Titan,sld,Normal,6.32,7.99,4.2
2026-10-06,Witch Enchanter // Witch-Blessed Meadow,mh3,Normal,5.92,9.49,4.5
2026-10-06,Pearl Medallion,mh3,Normal,6.76,8.99,4.35
2026-10-06,Clever Concealment,msc,Normal,3.62,5.99,4.61
2026-10-06,Tocasia's Welcome,bro,Normal,3.92,4.49,4.97
2026-10-06,Path to Exile,ltc,Normal,2.13,3.99,1.55
2026-10-06,Plains,hob,Foil,0.35,0.49,0.62
2026-10-06,Enduring Innocence,dsk,Normal,3.17,5.49,4.93
2026-10-06,Monument to Endurance,dft,Normal,17.44,23.99,18.64
2026-10-06,Razorgrass Ambush // Razorgrass Field,mh3,Normal,0.31,0.39,0.49
2026-10-06,Illustrious Wanderglyph,lcc,Normal,14.94,21.99,14.96
2026-10-06,Charismatic Conqueror,lcc,Normal,23.72,34.99,20.16
2026-10-06,Redemption Choir,lcc,Normal,0.37,0.79,0.57
2026-10-06,Tataru Taru,fic,Normal,6.45,9.49,6.8
2026-10-06,"Emeria, the Sky Ruin",soc,Normal,7.2,8.49,4.43
2026-10-06,War Room,soc,Normal,5.03,6.99,3.54
2026-10-06,Three Tree City,blb,Normal,47.5,69.99,33.0
2026-10-06,Trouble in Pairs,mkc,Normal,25.13,29.99,21.24
2026-10-06,Sand Scout,otc,Normal,5.78,7.49,7.19
2026-10-06,"Haliya, Guided by Light",eoe,Normal,3.73,5.49,3.64
2026-10-06,Soul's Attendant,roe,Normal,7.19,9.99,5.3
2026-10-06,Idol of Oblivion,c19,Normal,2.57,4.99,2.02
2026-10-06,Selfless Spirit,blc,Normal,0.84,1.49,0.94
2026-10-06,Authority of the Consuls,fdn,Normal,5.74,6.49,4.52
2026-10-06,Excise the Imperfect,moc,Normal,0.4,0.99,0.33
2026-10-06,Approach of the Second Sun,sta,Normal,7.97,12.99,5.91
2026-10-06,Moonshaker Cavalry,soc,Normal,9.56,10.99,7.56
2026-10-06,Recruiter of the Guard,mh3,Normal,6.82,7.99,6.49
2026-10-06,Mirror Entity,plst,Normal,1.09,2.29,0.65
2026-10-06,Parting Gust,blb,Foil,1.51,2.49,2.41
2026-10-06,Knight of the White Orchid,sld,Foil,0.82,3.49,1.92
2026-10-06,Remote Farm,mmq,Normal,0.94,1.29,0.78
2026-10-06,"Boseiju, Who Shelters All",sld,Foil,14.93,20.99,10.7
2026-10-06,Chivalric Alliance,moc,Normal,13.42,20.99,17.95
2026-10-06,Archaeomancer's Map,soc,Normal,1.06,2.29,1.54
2026-10-06,Guardian Scalelord,moc,Normal,3.85,2.99,3.43
2026-10-06,"Legion's Landing // Adanto, the First Fort",xln,Normal,3.33,4.49,2.92
2026-10-06,Fountainport,blb,Normal,3.17,5.49,3.61
2026-10-06,Currency Converter,frc,Normal,0.3,0.59,0.48
2026-10-06,Erode,sos,Normal,7.34,11.99,7.97
2026-10-06,Galadriel's Dismissal,ltc,Normal,29.92,49.99,24.99
2026-10-06,Caretaker's Talent,blb,Normal,12.47,16.99,8.48
2026-10-06,Abolish,pcy,Normal,0.95,1.49,0.6
2026-10-06,"Emeria's Call // Emeria, Shattered Skyclave",znr,Normal,4.23,7.49,3.51
2026-10-06,Kami of False Hope,bok,Normal,1.94,0.99,0.49
2026-10-06,Guide of Souls,mh3,Foil,3.71,4.99,4.18
2026-10-06,Loyal Warhound,blc,Normal,0.55,1.29,0.63
2026-10-06,Kindly Customer,tle,Normal,0.28,0.99,0.69
2026-10-06,Cathar Commando,mid,Normal,0.23,0.35,0.16
2026-10-06,Mentor of the Meek,2x2,Normal,0.55,1.49,0.46
2026-10-06,"Bennie Bracks, Zoologist",mkc,Normal,11.89,12.99,7.78
2026-10-06,Scavenger Grounds,msc,Normal,0.29,0.49,0.24
2026-10-06,Welcoming Vampire,vow,Normal,4.14,5.49,2.65
2026-10-06,Angel of Indemnity,soc,Normal,0.43,0.79,0.61
2026-10-06,Horn of Gondor,ltr,Foil,3.36,3.99,1.59
2026-10-06,Touch the Spirit Realm,neo,Normal,0.46,1.79,0.85
2026-10-06,Haunted Library,voc,Normal,0.42,1.29,1.15
2026-10-06,Bender's Waterskin,tla,Normal,0.99,1.79,0.84
2026-10-06,Restoration Seminar,sos,Normal,3.67,5.49,2.54
2026-10-06,Skullclamp,brc,Normal,6.84,10.99,6.63
2026-10-06,Sevinne's Reclamation,c19,Normal,0.55,0.69,0.62
2026-10-06,Soul Warden,exo,Normal,3.8,4.99,2.1
2026-10-06,Whitemane Lion,plc,Normal,0.25,0.39,0.22
2026-10-06,Wall of Omens,plst,Normal,0.33,0.35,0.27
2026-10-06,Sire of Seven Deaths,fdn,Normal,33.31,49.99,32.0
2026-10-06,"Elrond, Moon-Reader",hob,Normal,2.12,1.99,2.87
2026-10-06,Exit Specialist,mkm,Normal,0.21,0.35,0.16
2026-10-06,Dreamstone Hedron,cmr,Normal,0.34,0.35,0.12
2026-10-06,Stonespeaker Crystal,clb,Normal,0.38,1.29,0.62
2026-10-06,The Eternity Elevator,eoe,Normal,2.78,3.49,1.16
2026-10-06,Waterbender's Restoration,tle,Normal,3.81,5.49,8.99
2026-10-06,Lord of Change,40k,Normal,2.95,3.99,5.58
2026-10-06,Fear of Sleep Paralysis,dsc,Normal,0.38,1.49,0.51
2026-10-06,Sol Ring,blc,Normal,2.27,2.79,1.3
2026-10-06,Scroll Rack,cmr,Normal,31.04,44.99,29.99
2026-10-06,Illusionist's Bracers,rvr,Foil,5.54,6.99,3.99
2026-10-06,Wonder,cma,Normal,3.54,3.49,1.3
2026-10-06,Cavalier of Gales,j25,Normal,1.56,2.99,3.04
2026-10-06,Glasspool Mimic // Glasspool Shore,znr,Normal,5.92,10.99,6.62
2026-10-06,"Silver Surfer, Cosmic Voyager",msc,Normal,0.59,1.29,1.18
2026-10-06,Displacer Kitten,pclb,Foil,23.18,89.99,34.99
2026-10-06,Heartstone,sth,Normal,3.04,2.99,1.37
2026-10-06,Training Grounds,mat,Normal,10.01,10.99,4.36
2026-10-06,"Grazilaxx, Illithid Scholar",sld,Normal,3.1,,3.0
2026-10-06,Stratus Dancer,c19,Normal,0.38,0.49,0.48
2026-10-06,Y'shtola Rhul,fin,Normal,5.22,6.99,4.41
2026-10-06,Unstoppable Plan,dft,Normal,2.42,3.99,1.85
2026-10-06,Gilded Lotus,msc,Normal,0.53,1.49,0.51
2026-10-06,Sceptre of Eternal Glory,40k,Normal,20.08,34.99,17.48
2026-10-06,Chromatic Orrery,m21,Normal,31.71,47.99,24.03
2026-10-06,Ring of the Lucii,fin,Normal,0.29,0.39,0.55
2026-10-06,Brass Infiniscope,soc,Normal,0.35,0.49,0.33
2026-10-06,"Galactus, Devourer of Worlds",msc,Normal,3.35,5.49,3.95
2026-10-06,"Tri-Sentinel, Act of Vengeance",msc,Normal,0.39,0.59,0.32
2026-10-06,Displace,emn,Normal,0.33,0.69,0.4
2026-10-06,Conjurer's Closet,inr,Normal,6.91,9.99,4.5
2026-10-06,Baboon Spirit,tle,Foil,0.44,0.49,0.67
2026-10-06,"Gandalf, Shadow's Foe",hoc,Normal,21.56,32.99,19.97
2026-10-06,"Ixidor, Reality Sculptor",ons,Normal,2.1,4.49,1.69
2026-10-06,Branch of Vitu-Ghazi,mkm,Normal,0.98,0.35,0.18
2026-10-06,"Otawara, Soaring City",neo,Normal,25.76,39.99,22.0
2026-10-06,Dowsing Dagger // Lost Vale,xln,Normal,7.38,7.99,4.9
2026-10-06,Sword of Hearth and Home,tmc,Foil,12.6,14.99,9.25
2026-10-06,Abhorrent Oculus,pdsk,Normal,12.67,16.99,10.5
2026-10-06,Dour Port-Mage,blb,Normal,3.48,4.99,2.7
2026-10-06,"Thassa, Deep-Dwelling",thb,Foil,35.09,44.99,26.49
2026-10-06,Island,j25,Normal,0.15,0.35,0.32
2026-10-06,Hide on the Ceiling,spm,Normal,0.97,1.79,1.19
2026-10-06,Relic of Legends,dmu,Normal,2.25,2.29,0.77
2026-10-06,"Wan Shi Tong, All-Knowing",tle,Foil,3.73,4.49,3.74
2026-10-06,Wurmcoil Engine,sld,Foil,10.18,12.99,13.0
2026-10-06,Essence Flux,inr,Normal,1.93,2.29,0.77
2026-10-06,Siren Stormtamer,cmr,Normal,0.45,0.79,0.74
2026-10-06,Glitch Interpreter,dsc,Normal,0.33,0.49,0.1
2026-10-06,Enigma Thief,znc,Normal,0.35,0.99,0.22
2026-10-06,Primordial Mist,dsc,Normal,0.33,0.49,0.25
2026-10-06,"Sash and Waistcoat, Unmen",mbc,Normal,,,
2026-10-06,Ur-Golem's Eye,dst,Normal,0.32,0.49,0.02
2026-10-06,Scourge of Fleets,jou,Normal,0.53,1.49,0.95
2026-10-06,Spellskite,sld,Normal,15.49,17.99,15.99
2026-10-06,Sol Talisman,mh2,Normal,1.19,1.49,1.24
2026-10-06,Gossip's Talent,blb,Foil,0.37,0.49,0.18
2026-10-06,Voidwalk,gtc,Normal,0.26,0.35,0.38
2026-10-06,Zoetic Cavern,fut,Normal,0.4,0.49,0.02
2026-10-06,Scroll of Fate,c19,Normal,0.3,0.49,0.14
2026-10-06,Willbender,lgn,Normal,0.25,0.35,0.1
2026-10-06,Ghostly Flicker,sld,Foil,6.24,14.99,13.0
2026-10-06,Thran Dynamo,blc,Normal,4.05,3.49,2.79
2026-10-06,Hedron Archive,c21,Normal,0.33,0.69,0.2
2026-10-06,Marang River Regent // Coil and Catch,tdm,Foil,1.99,2.49,1.35
2026-10-06,Leonin Elder,mrd,Normal,0.35,0.49,0.36
2026-10-06,Ashes of the Abhorrent,xln,Normal,0.78,0.79,0.55
2026-10-06,Aunt May,spm,Normal,0.31,0.35,0.07
2026-10-06,Essence Channeler,blb,Foil,1.14,0.99,1.0
2026-10-06,Powerleech,atq,Normal,19.83,21.99,10.82
2026-10-06,"Ajani, Strength of the Pride",m20,Normal,8.68,12.99,7.39
2026-10-06,Ancient Tomb,zne,Foil,170.31,279.99,199.45
2026-10-06,"Yavimaya, Cradle of Growth",mh2,Foil,24.26,24.99,31.94
2026-10-06,Shefet Dunes,otc,Normal,0.3,0.35,0.3
2026-10-06,Branchloft Pathway // Boulderloft Pathway,znr,Foil,4.68,7.99,4.95
2026-10-06,Brushland,bro,Foil,11.11,14.99,5.85
2026-10-06,"Heliod, Sun-Crowned",sld,Foil,31.7,44.99,33.19
2026-10-06,Exemplar of Light,fdn,Foil,51.08,74.99,59.0
2026-10-06,Swords to Plowshares,sld,Foil,23.94,34.99,24.0
2026-10-06,The One Ring,ltr,Foil,113.83,139.99,103.96
2026-10-06,Kodama of the West Tree,j25,Normal,19.45,24.99,16.97
2026-10-06,Voice of the Blessed,vow,Foil,4.11,5.99,3.98
2026-10-06,Return of the Wildspeaker,znc,Normal,2.35,3.99,1.32
2026-10-06,Archivist of Oghma,clb,Normal,6.4,7.99,6.65
2026-10-06,Sylvan Library,cc1,Normal,27.0,32.99,22.0
2026-10-06,Temple Garden,unf,Normal,19.16,23.99,15.5
2026-10-06,Soul's Attendant,ltc,Foil,9.95,10.99,9.93
2026-10-06,Rogue's Passage,sld,Foil,53.86,54.99,44.98
2026-10-06,Auriok Champion,ima,Normal,10.63,16.99,6.43
2026-10-06,Augur of Autumn,mid,Foil,1.45,0.99,2.95
2026-10-06,Overgrown Farmland,dbl,Normal,5.03,6.99,3.94
2026-10-06,Canopy Vista,ltc,Normal,0.37,0.69,0.34
2026-10-06,Horizon Canopy,zne,Normal,6.21,8.99,5.89
2026-10-06,Windswept Heath,ktk,Normal,12.36,20.99,10.07
2026-10-06,Sunpetal Grove,m10,Normal,1.92,2.49,1.24
2026-10-06,Command Tower,sld,Foil,6.87,7.49,10.0
2026-10-06,Wooded Bastion,shm,Normal,17.26,23.99,10.42
2026-10-06,Hashep Oasis,otc,Normal,0.24,0.35,0.09
2026-10-06,Plains,sld,Foil,6.93,7.99,12.66
2026-10-06,Forest,snc,Normal,0.38,0.49,0.19
2026-10-06,Plains,one,Foil,8.65,10.99,4.26
2026-10-06,Plains,blb,Foil,1.58,1.99,1.49
2026-10-06,Plains,dmu,Foil,4.42,6.99,2.73
2026-10-06,Forest,ltr,Normal,0.82,1.29,0.31
2026-10-06,Plains,thb,Normal,1.27,0.99,0.67
2026-10-06,Plains,neo,Normal,2.86,5.99,2.31
2026-10-06,Plains,ugl,Normal,6.8,6.99,3.89
2026-10-06,Forest,und,Foil,4.18,4.99,3.65
2026-10-06,Forest,tdm,Foil,1.34,1.99,1.73
2026-10-06,Path to Exile,otp,Normal,2.62,2.79,1.35
2026-10-06,Aerith Gainsborough,fin,Normal,2.28,4.49,1.56
2026-10-06,Plains,eoe,Normal,1.12,2.29,0.85
2026-10-06,"Lyra, Archangel of Dawn",fra,Normal,3.87,6.99,4.35
2026-10-06,Unflinching Hortimancer,fra,Normal,0.19,0.35,0.06
2026-10-06,Bloombrute,fra,Normal,0.24,0.35,0.15
2026-10-06,"Celestine, the Living Saint",40k,Normal,24.91,34.99,22.3
2026-10-06,Essence Warden,plc,Normal,8.12,12.99,2.14
2026-10-06,Lunarch Veteran // Luminous Phantom,mid,Normal,0.31,0.69,0.24
2026-10-06,Soul Warden,m10,Foil,10.75,12.99,3.4
2026-10-06,Authority of the Consuls,kld,Normal,5.34,6.99,4.4
2026-10-06,Hinterland Sanctifier,j25,Normal,0.34,0.69,0.34
2026-10-06,Scavenging Ooze,plg21,Foil,0.4,0.59,0.29
2026-10-06,Case of the Uneaten Feast,mkm,Foil,1.27,1.99,0.97
2026-10-06,Shadowspear,thb,Normal,30.12,42.99,24.63
2026-10-06,Terrasymbiosis,eoe,Foil,10.51,14.99,14.2
2026-10-06,Solitude,spg,Foil,48.76,79.99,47.5
2026-10-06,City of Brass,2x2,Foil,40.78,49.99,37.95
2026-10-06,Plains,tla,Normal,0.55,0.99,0.75
2026-10-06,The Destined White Mage,fic,Foil,14.4,17.99,11.99
2026-10-06,Spry and Mighty,ecl,Normal,0.47,0.49,0.48
2026-10-06,Virulent Emissary,ecl,Foil,1.06,1.49,0.74
2026-10-06,Avatar's Wrath,tla,Foil,4.55,6.99,4.2
2026-10-06,Guide of Souls,sch,Foil,7.65,9.49,7.16
2026-10-06,Plains,sos,Foil,1.49,1.99,0.78
2026-10-06,Sungrass Prairie,c19,Normal,0.28,0.49,0.2
2026-10-06,"Tigra, Feline Fury",msh,Normal,0.21,0.35,0.33
2026-10-06,Dr. Beverly Crusher,trk,Normal,52.97,9.99,
2026-10-06,Pest Infestation,otp,Normal,1.16,1.49,0.84
2026-10-06,The Great Henge,eld,Normal,65.89,84.99,51.63
2026-10-06,"Leonardo, Cutting Edge",tmt,Normal,2.49,2.29,2.08
2026-10-06,Elenda's Hierophant,lcc,Normal,5.04,6.49,4.59
2026-10-06,Suture Priest,nph,Normal,1.98,2.79,1.97
2026-10-06,Herd Heirloom,tdm,Normal,4.25,7.49,3.57
2026-10-06,Ajani Resolute,fra,Normal,12.34,13.99,10.57
2026-10-06,Liliana the Faultless,fra,Normal,10.2,9.99,6.63
2026-10-06,Haywire Mite,bro,Foil,3.1,3.49,1.65
2026-10-06,Solarium Sentry,fra,Normal,0.35,0.99,0.85
2026-10-06,"Trelasarra, Moon Dancer",afr,Foil,0.39,1.99,0.79
2026-10-06,Healer's Hawk,jmp,Normal,0.3,0.35,0.05
2026-10-06,Righteous Cause,ons,Normal,0.43,0.49,0.1
2026-10-06,Beast Within,sld,Foil,29.83,29.99,29.96
2026-10-06,Generous Gift,cmm,Normal,1.18,2.29,1.01
2026-10-06,Witch Enchanter // Witch-Blessed Meadow,sld,Foil,76.77,79.99,45.0
2026-10-06,Bojuka Bog,brc,Normal,3.66,5.99,4.25
2026-10-06,Blood Artist,plst,Normal,3.81,3.99,2.0
2026-10-06,Wood Elves,ncc,Normal,0.46,0.35,0.39
2026-10-06,"Journey to Eternity // Atzal, Cave of Eternity",rix,Normal,5.11,6.49,3.68
2026-10-06,Dread Return,cmm,Normal,0.74,0.99,0.58
2026-10-06,Viridian Emissary,mbs,Normal,0.26,0.35,0.15
2026-10-06,Woodland Cemetery,sld,Foil,17.98,18.99,10.99
2026-10-06,Stitcher's Supplier,m19,Normal,0.46,0.99,0.54
2026-10-06,Noxious Gearhulk,moc,Normal,0.86,1.29,0.72
2026-10-06,Command Tower,cc1,Normal,4.25,4.49,1.99
2026-10-06,Necron Deathmark,40k,Normal,4.7,8.49,7.39
2026-10-06,Satyr Wayfinder,znc,Normal,0.2,0.35,0.09
2026-10-06,Skullwinder,m3c,Normal,0.36,0.35,0.18
2026-10-06,Chthonian Nightmare,mh3,Foil,4.57,9.99,5.99
2026-10-06,Rise of the Witch-king,ltr,Normal,0.53,0.79,0.2
2026-10-06,Fabled Passage,eoc,Normal,1.17,2.79,2.34
2026-10-06,Clifftop Lookout,blb,Normal,0.29,0.49,0.05
2026-10-06,Ripples of Undeath,mh3,Normal,8.29,11.99,6.65
2026-10-06,Primal Druid,emn,Normal,0.23,0.35,0.08
2026-10-06,Undergrowth Stadium,cmr,Normal,6.98,10.99,8.5
2026-10-06,"Takenuma, Abandoned Mire",neo,Normal,10.72,17.99,8.73
2026-10-06,Eternal Witness,m3c,Normal,2.2,2.29,1.37
2026-10-06,Zulaport Cutthroat,bfz,Normal,2.01,2.79,1.08
2026-10-06,"Sephiroth, Fabled SOLDIER // Sephiroth, One-Winged Angel",fin,Normal,28.31,39.99,31.13
2026-10-06,Field of the Dead,slc,Normal,26.64,32.99,21.15
2026-10-06,Haywire Mite,bro,Normal,1.26,0.99,1.0
2026-10-06,Blossoming Tortoise,woe,Normal,4.89,6.99,6.67
2026-10-06,Deathcap Glade,vow,Foil,8.58,6.99,4.49
2026-10-06,Metamorphosis Fanatic,dsc,Normal,5.68,8.49,6.05
2026-10-06,Prowling Geistcatcher,mic,Normal,0.56,0.79,0.49
2026-10-06,Wastewood Verge,dft,Normal,10.27,14.99,10.29
2026-10-06,Accursed Marauder,mh3,Normal,0.33,0.59,0.33
2026-10-06,Vein Ripper,mkm,Foil,7.28,11.99,7.64
2026-10-06,Birthing Ritual,mh3,Normal,3.99,5.99,6.01
2026-10-06,"Braids, Arisen Nightmare",dmu,Normal,4.15,6.99,3.96
2026-10-06,Wight of the Reliquary,mh3,Normal,0.77,1.29,1.06
2026-10-06,Spinner of Souls,fdn,Normal,0.88,0.99,1.44
2026-10-06,"Lumra, Bellow of the Woods",blb,Normal,28.88,39.99,24.27
2026-10-06,Incarnation Technique,c21,Normal,9.71,18.99,11.98
2026-10-06,Skyfisher Spider,bro,Normal,0.26,0.39,0.06
2026-10-06,Vernal Fen,eoc,Normal,2.58,2.29,2.25
2026-10-06,"Vraska, the Cutting Glare",fra,Normal,0.41,0.59,0.6
2026-10-06,"Pia, Aether Ascetic",fra,Normal,0.99,2.49,0.53
2026-10-06,"Winter, Tormented Loner",fra,Normal,0.48,0.35,0.35
2026-10-06,Simulacrum Shaper,fra,Normal,2.13,2.29,2.85
2026-10-06,Primal Witchstalker,fra,Normal,0.28,0.35,0.2
2026-10-06,Aftermath Analyst,mkm,Normal,2.78,1.49,0.79
2026-10-06,Reclamation Sage,fdn,Normal,0.32,0.69,0.3
2026-10-06,Umbral Collar Zealot,eoe,Foil,1.07,2.49,1.25
2026-10-06,Disciple of Freyalise // Garden of Freyalise,mh3,Normal,4.86,7.99,3.09
2026-10-06,Living Death,ltc,Normal,7.42,8.49,4.78
2026-10-06,Underground Mortuary,mkm,Normal,16.28,22.99,14.5
2026-10-06,Hedge Shredder,dsk,Normal,3.26,3.99,1.84
2026-10-06,Altar of Dementia,brr,Normal,24.37,34.99,20.0
2026-10-06,Icetill Explorer,eoe,Normal,23.87,39.99,25.75
2026-10-06,Stinkweed Imp,gk1,Normal,2.12,1.29,1.19
2026-10-06,Cauldron of Essence,sos,Normal,4.62,5.99,3.0
2026-10-06,Snow-Covered Forest,mb2,Normal,2.14,3.49,1.18
2026-10-06,Fanatic of Rhonas,mh3,Normal,13.59,23.99,15.75
2026-10-06,Llanowar Wastes,bro,Normal,4.01,6.49,2.83
2026-10-06,Merchant of Venom,soc,Normal,0.31,0.49,0.17
2026-10-06,Colossal Grave-Reaver,tdc,Normal,10.94,18.99,11.98
2026-10-06,"Armaggon, Future Shark",tmt,Foil,2.2,1.99,1.43
2026-10-06,Town Greeter,fin,Normal,0.23,0.35,0.02
2026-10-06,Snow-Covered Swamp,mb2,Normal,1.95,3.99,1.89
2026-10-06,Nurturing Peatland,mh1,Normal,6.6,8.99,5.78
2026-10-06,Phyrexian Tower,jmp,Normal,28.96,42.99,26.5
2026-10-06,Twilight Mire,blc,Normal,0.46,0.69,0.69
2026-10-06,Golgari Thug,rvr,Foil,2.89,3.99,2.0
2026-10-06,Shifting Woodland,mh3,Normal,7.2,10.99,5.59
2026-10-06,The Meathook Massacre,inr,Normal,35.19,47.99,25.0
2026-10-06,Turbulent Fen,soc,Normal,8.25,9.99,6.53
2026-10-06,Bayou,3ed,Normal,494.87,699.99,259.99
2026-10-06,Overgrown Tomb,rvr,Normal,10.52,12.99,7.5
2026-10-06,"Mole Man, Moloid Master",msh,Normal,1.24,2.79,2.66
2026-10-06,Springheart Nantuko,mh3,Normal,8.58,11.99,6.25
2026-10-06,Orcish Bowmasters,ltr,Normal,52.74,69.99,39.98
2026-10-06,Liliana the Repentant,fra,Normal,3.86,6.99,3.29
2026-10-06,Bloodghast,zen,Normal,4.25,5.99,2.3
2026-10-06,Six,mh3,Foil,30.0,44.99,19.67
2026-10-06,Forest,hob,Foil,0.39,0.49,0.64
2026-10-06,Swamp,hob,Foil,0.29,0.49,0.35
2026-10-06,"Tom, Bert, and William",purl,Normal,,,2.14
2026-10-06,Flare of Denial,mh3,Normal,3.49,4.99,3.79
2026-10-06,"Grazilaxx, Illithid Scholar",clb,Normal,1.75,7.49,1.95
2026-10-06,Inkfathom Infiltrator,plst,Normal,0.36,0.35,0.2
2026-10-06,Lightning Greaves,who,Normal,4.87,6.49,3.47
2026-10-06,Reconnaissance Mission,iko,Normal,0.67,0.99,0.92
2026-10-06,Gudul Lurker,dtk,Normal,0.45,0.99,0.51
2026-10-06,Mist-Cloaked Herald,rix,Normal,0.37,0.69,0.74
2026-10-06,The Indomitable,lcc,Normal,5.05,3.49,2.29
2026-10-06,Dreamroot Cascade,who,Normal,1.08,1.79,0.9
2026-10-06,Beastmaster Ascension,ncc,Normal,6.91,7.99,3.86
2026-10-06,Ohran Frostfang,c19,Normal,7.6,9.99,5.98
2026-10-06,Brazen Borrower // Petty Theft,spg,Normal,6.23,7.49,6.1
2026-10-06,Shipwreck Marsh,mid,Normal,7.04,9.49,6.0
2026-10-06,Morphic Pool,clb,Normal,27.22,39.99,29.19
2026-10-06,Nether Traitor,tsp,Normal,9.87,3.99,3.5
2026-10-06,Clearwater Pathway // Murkwater Pathway,znr,Normal,4.75,6.49,4.7
2026-10-06,Slither Blade,znc,Normal,0.43,0.79,0.2
2026-10-06,Tormented Soul,m12,Normal,0.26,0.35,0.23
2026-10-06,Triton Shorestalker,znc,Normal,0.36,0.79,0.37
2026-10-06,Changeling Outcast,h1r,Foil,5.02,6.99,4.99
2026-10-06,Invisible Stalker,znc,Normal,1.21,1.29,1.52
2026-10-06,Looter il-Kor,ncc,Normal,0.33,0.35,0.13
2026-10-06,"Edric, Spymaster of Trest",cns,Normal,2.8,4.99,1.15
2026-10-06,Bident of Thassa,ths,Normal,0.61,0.79,0.94
2026-10-06,Coastal Piracy,jmp,Normal,1.41,1.99,0.75
2026-10-06,Beast Within,ncc,Normal,1.03,1.49,0.7
2026-10-06,Command Tower,brc,Normal,2.52,3.99,1.65
2026-10-06,Exotic Orchard,brc,Normal,0.61,1.29,0.59
2026-10-06,Path of Ancestry,brc,Normal,0.41,0.69,0.29
2026-10-06,Island,brc,Normal,0.25,0.49,0.1
2026-10-06,Hinterland Harbor,ltc,Normal,0.4,0.69,0.78
2026-10-06,Drowned Catacomb,ltc,Normal,2.44,2.79,2.16
2026-10-06,Enduring Curiosity,dsk,Normal,7.61,10.99,7.37
2026-10-06,"Gix, Yawgmoth Praetor",pbro,Normal,2.21,1.99,2.18
2026-10-06,Rejuvenating Springs,ltc,Normal,4.7,5.99,4.95
2026-10-06,Wu Light Cavalry,ptk,Normal,3.87,0.99,1.21
2026-10-06,Barkchannel Pathway // Tidechannel Pathway,khm,Normal,5.13,7.99,4.25
2026-10-06,Mockingbird,blb,Normal,3.36,4.99,3.14
2026-10-06,Zagoth Triome,iko,Normal,21.67,29.99,20.21
2026-10-06,Breeding Pool,gtc,Normal,10.11,17.99,10.3
2026-10-06,Watery Grave,grn,Normal,9.5,14.99,9.22
2026-10-06,Baleful Strix,blc,Normal,14.52,16.99,13.5
2026-10-06,Sink into Stupor // Soporific Springs,mh3,Normal,8.74,13.99,7.29
2026-10-06,Cephalid Facetaker,ncc,Normal,3.95,3.99,3.58
2026-10-06,Into the Flood Maw,blb,Normal,2.87,3.99,1.7
2026-10-06,Willowrush Verge,dft,Normal,5.2,9.49,7.07
2026-10-06,Shoreline Looter,blb,Foil,1.22,2.99,0.3
2026-10-06,Unsubstantiate,m21,Normal,0.35,0.69,0.15
2026-10-06,Ledger Shredder,snc,Normal,9.97,12.99,8.41
2026-10-06,Gloomlake Verge,dsk,Normal,11.12,17.99,10.97
2026-10-06,Flooded Grove,ltc,Normal,0.36,0.49,0.39
2026-10-06,Sunken Ruins,fic,Normal,2.13,3.49,2.72
2026-10-06,Departed Deckhand,lcc,Normal,0.32,0.35,0.1
2026-10-06,Notorious Throng,znc,Normal,3.33,3.49,3.0
2026-10-06,Dauthi Voidwalker,sld,Foil,15.27,14.99,10.98
2026-10-06,Silent Hallcreeper,dsk,Normal,1.07,2.49,1.21
2026-10-06,Thieving Skydiver,znr,Normal,0.25,0.69,0.44
2026-10-06,Faerie Mastermind,pmom,Normal,11.82,16.99,10.5
2026-10-06,Swamp,brc,Normal,0.36,0.49,0.2
2026-10-06,Geist of Saint Thalia,fra,Normal,9.78,8.99,4.31
2026-10-06,Orochi Soul-Reaver,otc,Normal,9.76,9.49,10.37
2026-10-06,Grim Hireling,afc,Normal,13.04,15.99,14.73
2026-10-06,Vedalken Infiltrator,mh2,Normal,0.23,0.35,0.09
2026-10-06,Bitterbloom Bearer,ecl,Normal,17.49,24.99,19.98
2026-10-06,Spectral Sailor,lcc,Normal,0.34,0.35,0.1
2026-10-06,"Malcolm, Alluring Scoundrel",plci,Normal,3.64,4.99,2.0
2026-10-06,Spyglass Siren,lci,Normal,0.31,0.69,0.41
2026-10-06,Waterbender Ascension,tla,Normal,0.66,1.29,0.49
2026-10-06,Flitterwing Nuisance,ecl,Normal,0.59,0.99,0.58
2026-10-06,Siren Stormtamer,lcc,Normal,0.49,0.79,1.09
2026-10-06,Cloud Pirates,por,Normal,1.91,2.29,1.99
2026-10-06,River of Tears,fut,Normal,1.79,3.49,2.28
2026-10-06,"Irma, Part-Time Mutant",tmc,Normal,4.55,6.99,4.32
2026-10-06,Scale Up,h1r,Foil,1.44,1.99,1.49
2026-10-06,"Toski, Bearer of Secrets",spg,Normal,16.46,22.99,10.66
2026-10-06,Faerie Slumber Party,woe,Normal,2.08,2.49,1.67
2026-10-06,Tegwyll's Scouring,woc,Normal,1.01,2.29,0.69
2026-10-06,Fell the Profane // Fell Mire,mh3,Normal,4.88,7.99,4.18
2026-10-06,Forest,inr,Normal,0.49,0.99,0.05
2026-10-06,Polluted Delta,zne,Normal,48.23,49.99,39.0
2026-10-06,The Destined Thief,fic,Foil,2.98,5.99,3.45
2026-10-06,Tezzeret the Seeker,sld,Normal,28.95,34.99,18.94
2026-10-06,Underground Sea,3ed,Normal,1105.08,1499.99,670.0
2026-10-06,Tropical Island,3ed,Normal,600.14,749.99,366.67
2026-10-06,"Wan Shi Tong, Librarian",tla,Foil,38.72,49.99,44.5
2026-10-06,Skyserpent Seeker,dft,Normal,0.32,0.79,0.1
2026-10-06,"Bilbo, Luckwearer // Burglar's Plot",pw26,Normal,0.53,0.79,0.44
2026-10-06,"Ikra Shidiqi, the Usurper",c16,Foil,1.23,1.79,1.81
2026-10-06,Skateboard,tmt,Normal,0.35,0.79,0.31
2026-10-06,"Malcolm, Keen-Eyed Navigator",spg,Foil,14.86,17.99,16.9
2026-10-06,Arcane Signet,p30m,Etched,,,
2026-10-06,"Lonis, Cryptozoologist",mh2,Normal,0.32,0.49,0.18
2026-10-06,Samwise Gamgee,ltr,Foil,3.79,4.49,2.17
2026-10-06,Minas Tirith,ltr,Foil,7.64,8.99,8.07
2026-10-06,Pendelhaven,ath,Normal,3.79,4.49,4.0
2026-10-06,Razortide Bridge,brc,Normal,2.02,2.29,2.21
2026-10-06,Seat of the Synod,brc,Normal,3.2,4.49,1.54
2026-10-06,Trenzalore Clocktower,who,Normal,0.29,0.49,0.23
2026-10-06,"Osgood, Operation Double",who,Normal,0.31,0.49,0.12
2026-10-06,"Venser, Shaper Savant",tsr,Normal,1.33,0.69,0.96
2026-10-06,"Raff Capashen, Ship's Mage",cmm,Normal,0.26,0.35,0.1
2026-10-06,The Shire,ltr,Normal,3.22,3.99,1.87
2026-10-06,Rivendell,ltr,Normal,1.77,2.99,1.83
2026-10-06,"Eiganjo, Seat of the Empire",neo,Foil,6.07,9.99,7.79
2026-10-06,Trial of a Time Lord,who,Normal,0.3,0.49,0.34
2026-10-06,Talisman of Progress,who,Normal,0.46,0.69,0.3
2026-10-06,"Jaheira, Friend of the Forest",clb,Normal,12.69,13.99,8.58
2026-10-06,Ancient Den,mrd,Normal,2.67,3.99,1.61
2026-10-06,Command Tower,who,Normal,0.35,0.69,0.29
2026-10-06,Tree of Tales,mrd,Normal,1.66,2.29,1.05
2026-10-06,Thornglint Bridge,mh2,Normal,0.36,0.35,0.13
2026-10-06,Braided Net // Braided Quipu,lci,Normal,0.31,0.49,0.2
2026-10-06,Flagstones of Trokair,tsr,Normal,3.6,3.49,3.56
2026-10-06,"Okina, Temple to the Grandfathers",chk,Normal,4.65,9.49,3.0
2026-10-06,Tolaria,leg,Normal,7.49,8.99,4.39
2026-10-06,Five Hundred Year Diary,who,Foil,0.8,0.79,0.5
2026-10-06,"Oko, Thief of Crowns",otp,Normal,5.44,6.99,4.78
2026-10-06,Island,who,Foil,0.32,0.79,0.1
2026-10-06,Path of Ancestry,who,Normal,0.27,0.35,0.1
2026-10-06,Inventors' Fair,sld,Foil,22.14,20.99,14.5
2026-10-06,"Crystal Skull, Isu Spyglass",acr,Etched,,,
2026-10-06,Tanglepool Bridge,mh2,Normal,0.27,0.35,0.13
2026-10-06,"Minamo, School at Water's Edge",ltc,Foil,66.32,84.99,44.95
2026-10-06,Haywire Mite,dsc,Normal,1.19,1.29,0.97
2026-10-06,Gandalf the White,ltr,Normal,10.06,14.99,7.12
2026-10-06,"Urza, Lord High Artificer",dmr,Normal,15.19,19.99,15.99
2026-10-06,Azorius Signet,gk2,Normal,0.39,0.79,0.59
2026-10-06,Fellwar Stone,onc,Normal,1.69,2.29,1.32
2026-10-06,Graham O'Brien,who,Foil,0.81,0.49,0.5
2026-10-06,Stridehangar Automaton,drc,Normal,2.47,5.49,3.31
2026-10-06,Officious Interrogation,mkm,Foil,0.22,0.49,0.1
2026-10-06,Transmutation Font,pw24,Foil,1.7,2.29,0.5
2026-10-06,Academy Ruins,2xm,Normal,8.85,10.99,6.33
2026-10-06,Ignis Scientia,fin,Normal,0.23,0.35,0.12
2026-10-06,Serah Farron // Crystallized Serah,fin,Normal,4.97,5.49,3.5
2026-10-06,Eiganjo Castle,sld,Normal,8.6,9.49,20.59
2026-10-06,"Oboro, Palace in the Clouds",ltc,Foil,19.02,32.99,17.0
2026-10-06,Clock of Omens,5dn,Normal,10.05,4.99,4.64
2026-10-06,Forest,who,Normal,0.25,0.49,0.05
2026-10-06,Plains,who,Normal,0.29,0.49,0.05
2026-10-06,Sonic Screwdriver,sld,Foil,49.34,42.99,17.24
2026-10-06,Astrid Peth,who,Normal,4.3,6.49,2.93
2026-10-06,"James, Wandering Dad // Follow Him",pip,Foil,2.95,1.49,1.0
2026-10-06,Spectacular Spider-Man,spm,Normal,6.77,11.99,5.41
2026-10-06,The Blue Spirit,tle,Normal,0.84,1.99,3.95
2026-10-06,The Grey Havens,ltr,Normal,0.35,0.49,0.14
2026-10-06,"Aang, Swift Savior // Aang and La, Ocean's Fury",tla,Foil,7.09,7.99,7.5
2026-10-06,The Cabbage Merchant,tle,Foil,34.2,54.99,25.88
2026-10-06,"Reki, the History of Kamigawa",sld,Foil,16.59,16.99,15.95
2026-10-06,King Solomon's Frogs,msc,Normal,0.28,0.49,0.28
2026-10-06,"Mutagen Man, Living Ooze",tmt,Foil,3.64,4.99,4.02
2026-10-06,"Growing Rites of Itlimoc // Itlimoc, Cradle of the Sun",lci,Normal,9.56,10.99,5.62
2026-10-06,Sol Ring,sld,Foil,17.67,20.99,18.5
2026-10-06,Spara's Headquarters,psnc,Normal,14.89,17.99,13.0
2026-10-06,"Mondrak, Glory Dominus",one,Normal,48.78,74.99,37.62
2026-10-06,Flooded Strand,zne,Normal,34.68,39.99,35.0
2026-10-06,Tundra,3ed,Normal,695.59,849.99,394.74
2026-10-06,"Mona Lisa, Ever Adaptable",tmc,Normal,3.56,5.49,3.46
2026-10-06,"Yavimaya, Cradle of Growth",ltc,Normal,52.34,74.99,58.0
2026-10-06,"Adrix and Nev, Twincasters",c21,Foil,8.42,8.99,5.59
2026-10-06,Academy Manufactor,sld,Foil,15.68,20.99,12.0
2026-10-06,"Donatello, the Brains",tmc,Foil,0.73,0.99,0.5
2026-10-06,The Wondrous Wasp,msh,Normal,0.87,1.99,1.2
2026-10-06,"King T'Challa // Black Panther, Hope Enduring",msh,Normal,17.53,22.99,16.99
2026-10-06,"Mister Fantastic, Reed Richards",msh,Normal,0.33,0.49,0.26
2026-10-06,"Tippy-Toe, Terrific Partner",sld,Normal,11.48,16.99,17.75
2026-10-06,"Justice, Vance Astrovik",msh,Normal,0.14,0.35,0.05
2026-10-06,"Meatsqueak, Hoard Lord",mbc,Normal,,,
2026-10-06,Cryptolith Fragment // Aurora of Emrakul,inr,Normal,0.36,0.69,0.09
2026-10-06,"Lita, Little Orphan Amphibian",tmt,Foil,0.28,0.49,0.14
2026-10-06,The Goose Mother,woe,Normal,0.45,0.49,0.75
2026-10-06,Sarah Jane Smith,who,Foil,1.71,0.99,0.75
2026-10-06,"The Theorist, Jace Beleren",fra,Normal,44.46,42.99,30.72
2026-10-06,Cyclonic Rift,soa,Normal,32.18,42.99,28.25
2026-10-06,The Fourth Doctor,who,Foil,1.22,0.99,1.0
2026-10-07,Abandoned Air Temple,tla,Normal,5.29,9.99,8.33
2026-10-07,"Agent Bishop, Man in Black",tmt,Normal,0.31,0.99,0.2
2026-10-07,Sakura-Tribe Elder,plg24,Foil,3.4,3.99,1.81
2026-10-07,Birds of Paradise,sld,Foil,55.85,64.99,66.45
2026-10-07,Farseek,ltc,Normal,1.77,1.99,1.47
2026-10-07,Three Visits,sld,Foil,53.19,69.99,36.95
2026-10-07,Utopia Sprawl,wot,Foil,1.99,2.99,1.99
2026-10-07,Nature's Lore,sld,Foil,12.41,11.99,7.0
2026-10-07,"Anim Pakal, Thousandth Moon",lci,Normal,5.04,6.49,4.79
2026-10-07,Botanical Brawler,mom,Normal,0.3,0.35,0.06
2026-10-07,Commander Liara Portyr,clb,Normal,0.23,0.35,0.2
2026-10-07,Dusk Legion Duelist,mom,Normal,2.24,3.49,1.36
2026-10-07,"Etali, Primal Conqueror // Etali, Primal Sickness",mom,Normal,28.95,37.99,21.84
2026-10-07,Path to Exile,who,Normal,1.68,2.79,1.42
2026-10-07,Healer's Hawk,fdn,Foil,0.31,0.49,0.38
2026-10-07,"Kutzil, Malamet Exemplar",lci,Normal,3.35,3.49,2.66
2026-10-07,Peregrin Took,ltr,Normal,1.16,0.79,0.22
2026-10-07,"Ozolith, the Shattered Spire",mom,Foil,8.89,11.99,5.49
2026-10-07,Kami of Whispered Hopes,mom,Normal,6.12,7.49,2.57
2026-10-07,Rosie Cotton of South Lane,ltr,Normal,0.38,0.49,0.09
2026-10-07,Share the Spoils,afc,Normal,3.58,6.99,5.99
2026-10-07,Sovereign Okinec Ahau,lci,Normal,5.08,3.99,3.54
2026-10-07,Swords to Plowshares,brc,Normal,2.0,3.99,2.5
2026-10-07,The Ozolith,sld,Foil,68.81,79.99,37.5
2026-10-07,Germination Practicum,sos,Normal,12.62,13.99,9.95
2026-10-07,Improvisation Capstone,sos,Normal,14.4,18.99,13.58
2026-10-07,Patrolling Peacemaker,eoc,Normal,2.1,2.79,1.71
2026-10-07,Avatar's Wrath,tla,Normal,3.59,6.99,3.86
2026-10-07,Bigger on the Inside,who,Normal,0.51,0.59,0.5
2026-10-07,Exploration,dmr,Normal,30.53,37.99,29.25
2026-10-07,Generous Pup,j25,Normal,7.65,12.99,7.0
2026-10-07,Esper Sentinel,mh2,Normal,60.56,74.99,43.99
2026-10-07,Kami of Celebration,nec,Normal,1.11,1.29,0.43
2026-10-07,Terrasymbiosis,eoe,Normal,10.09,12.99,11.04
2026-10-07,Rhythm of the Wild,sld,Foil,15.6,16.99,8.9
2026-10-07,"Mikey & Leo, Chaos & Order",tmt,Normal,3.98,5.49,3.38
2026-10-07,Kodama of the West Tree,neo,Normal,20.88,24.99,10.0
2026-10-07,"Halana and Alena, Partners",fdn,Normal,0.35,0.69,0.61
2026-10-07,Ouroboroid,eoe,Normal,44.05,57.99,42.5
2026-10-07,The Ooze,tmt,Normal,5.47,8.49,5.09
2026-10-07,Agatha's Soul Cauldron,woe,Normal,41.04,54.99,35.22
2026-10-07,Hardened Scales,wot,Normal,4.9,5.99,2.1
2026-10-07,"Laelia, the Blade Reforged",mh3,Normal,2.07,2.79,1.2
2026-10-07,Champion of Lambholt,ncc,Normal,4.12,4.49,2.5
2026-10-07,Speaker of the Heavens,plst,Normal,0.47,0.69,0.75
2026-10-07,Beast Within,cmr,Normal,1.06,1.49,1.35
2026-10-07,Suspend Aggression,sos,Normal,0.23,0.49,0.19
2026-10-07,Generous Gift,blc,Normal,1.87,2.79,1.26
2026-10-07,Call Forth the Tempest,hoc,Normal,19.67,27.99,17.87
2026-10-07,Guff Rewrites History,cmm,Normal,3.09,4.49,3.99
2026-10-07,Dispatch,eoc,Normal,0.38,1.49,3.69
2026-10-07,Chaos Warp,c20,Normal,0.7,0.99,0.74
2026-10-07,"Arwen, Weaver of Hope",ltc,Normal,4.73,5.99,5.05
2026-10-07,Heartwood Crafter // Soul Tether,fra,Normal,0.26,0.49,0.16
2026-10-07,Studious First-Year // Rampant Growth,sos,Normal,0.19,0.39,0.22
2026-10-07,Falcon and Redwing,msc,Normal,0.64,1.49,0.6
2026-10-07,Shroofus Sproutsire,j25,Normal,5.05,8.99,3.49
2026-10-07,Wild Wasteland,pip,Normal,1.2,2.99,0.45
2026-10-07,Mosswort Bridge,c18,Normal,0.42,0.69,0.23
2026-10-07,Yotian Dissident,bro,Normal,0.28,0.35,0.15
2026-10-07,Inspiring Statuary,brr,Normal,0.8,1.79,0.35
2026-10-07,"Rocco, Street Chef",mat,Foil,0.67,2.99,0.94
2026-10-07,Aerial Responder,kld,Normal,0.14,0.35,0.1
2026-10-07,Thundering Raiju,neo,Foil,0.71,0.79,0.06
2026-10-07,Forest,otj,Foil,0.34,0.99,0.25
2026-10-07,Mountain,otj,Foil,0.34,0.79,0.24
2026-10-07,Plains,otj,Foil,0.39,0.79,0.3
2026-10-07,Command Tower,c17,Normal,0.37,0.69,0.31
2026-10-07,Hushwood Verge,dsk,Normal,9.77,14.99,6.66
2026-10-07,Jetmir's Garden,snc,Normal,15.31,21.99,15.66
2026-10-07,Thornspire Verge,dsk,Normal,5.86,8.99,4.38
2026-10-07,Exotic Orchard,c21,Normal,0.3,0.59,0.15
2026-10-07,Sunbillow Verge,dft,Normal,10.91,19.99,8.95
2026-10-07,Sacred Foundry,rvr,Normal,11.81,17.99,10.75
2026-10-07,"Yavimaya, Cradle of Growth",mh2,Normal,17.14,21.99,13.21
2026-10-07,"Boseiju, Who Endures",neo,Normal,48.85,64.99,45.05
2026-10-07,Commercial District,mkm,Normal,7.94,11.99,7.95
2026-10-07,Plateau,3ed,Normal,392.05,549.99,294.83
2026-10-07,Lush Portico,mkm,Normal,6.93,9.99,5.83
2026-10-07,Rockfall Vale,inr,Normal,3.86,4.99,1.25
2026-10-07,Wooded Foothills,mh3,Normal,18.52,29.99,17.59
2026-10-07,Taiga,3ed,Normal,449.66,549.99,275.0
2026-10-07,Stomping Ground,rvr,Normal,8.71,9.99,6.5
2026-10-07,Bountiful Promenade,clb,Normal,8.9,12.99,9.94
2026-10-07,Clifftop Retreat,tdc,Normal,0.35,0.69,0.68
2026-10-07,Rootbound Crag,tdc,Normal,0.43,1.29,0.5
2026-10-07,Overgrown Farmland,inr,Normal,4.35,5.49,3.62
2026-10-07,Spectator Seating,cmm,Normal,11.32,12.99,13.42
2026-10-07,Sundown Pass,inr,Normal,3.15,5.99,2.49
2026-10-07,Spire Garden,clb,Normal,7.15,9.49,8.94
2026-10-07,Temple Garden,rvr,Normal,8.6,11.99,7.87
2026-10-07,Savannah,3ed,Normal,412.51,549.99,198.75
2026-10-07,Arid Mesa,mh2,Normal,30.43,42.99,25.99
2026-10-07,Sunpetal Grove,tdc,Normal,0.55,0.99,0.74
2026-10-07,Windswept Heath,mh3,Normal,12.51,16.99,10.52
2026-10-07,Great Hall of the Citadel,ltr,Normal,0.35,0.79,0.13
2026-10-07,Hall of Echoes,fra,Normal,5.97,7.49,4.88
2026-10-07,Plaza of Heroes,dmu,Normal,6.2,7.49,5.79
2026-10-07,Arid Archway,otj,Normal,1.47,1.79,0.52
2026-10-07,Arena,mb2,Normal,1.0,3.49,2.05
2026-10-07,Cavern of Souls,lci,Normal,50.99,64.99,38.5
2026-10-07,City of Shadows,me3,Normal,,,121.65
2026-10-07,Maze of Ith,dmr,Foil,16.76,22.99,16.75
2026-10-07,Desert of the Indomitable,m3c,Normal,0.29,0.35,0.12
2026-10-07,Wasteland,slc,Normal,16.07,23.99,8.53
2026-10-07,Scorched Ruins,wth,Normal,61.67,74.99,30.5
2026-10-07,Fabled Passage,tmc,Normal,1.4,1.79,1.28
2026-10-07,Castle Garenbrig,eld,Normal,10.68,12.99,6.83
2026-10-07,Ancient Tomb,zne,Normal,139.32,159.99,119.0
2026-10-07,Ash Barrens,cmm,Normal,0.22,0.35,0.13
2026-10-07,Bant Panorama,ala,Normal,0.62,0.49,0.18
2026-10-07,Crystal Vein,cma,Normal,8.74,9.49,9.87
2026-10-07,Emergence Zone,war,Normal,4.11,4.49,2.16
2026-10-07,Forest,blb,Foil,0.32,0.99,0.2
2026-10-07,Ghost Quarter,ltc,Normal,0.65,0.99,0.94
2026-10-07,Grasslands,cmm,Normal,0.35,0.35,0.15
2026-10-07,Hall of the Bandit Lord,chk,Normal,22.11,24.99,6.5
2026-10-07,Havenwood Battleground,c14,Normal,0.39,0.49,0.32
2026-10-07,Hickory Woodlot,mmq,Normal,4.65,6.99,3.43
2026-10-07,Hollow Trees,5ed,Normal,0.81,1.49,0.97
2026-10-07,Homeward Path,ltc,Normal,12.87,20.99,11.94
2026-10-07,Command Beacon,cmr,Normal,9.47,12.99,8.08
2026-10-07,Deserted Temple,mh3,Normal,0.8,1.49,0.51
2026-10-07,Dryad Arbor,mb2,Normal,3.24,4.99,2.75
2026-10-07,Echoing Deeps,lci,Normal,0.81,0.59,1.24
2026-10-07,Field of the Dead,m20,Normal,28.53,32.99,26.24
2026-10-07,Gemstone Caverns,plst,Normal,62.59,84.99,42.3
2026-10-07,High Market,c21,Normal,2.49,1.49,2.09
2026-10-07,Horizon of Progress,m3c,Normal,4.58,4.99,3.24
2026-10-07,Diamond Valley,me1,Normal,,,1.96
2026-10-07,City of Traitors,tpr,Normal,,,4.78
2026-10-07,Jund Panorama,ala,Normal,0.42,0.35,0.04
2026-10-07,Lotus Vale,wth,Normal,47.38,54.99,24.24
2026-10-07,Mage-Ring Network,cmm,Normal,0.36,0.39,0.1
2026-10-07,"Miren, the Moaning Well",sok,Normal,22.53,34.99,12.0
2026-10-07,Misty Rainforest,zne,Normal,54.18,57.99,34.99
2026-10-07,Mountain Valley,eoc,Normal,0.26,0.35,0.09
2026-10-07,Myriad Landscape,ltc,Foil,3.98,3.99,3.99
2026-10-07,Mystifying Maze,eos,Normal,2.15,2.99,0.9
2026-10-07,Ominous Cemetery,who,Normal,0.31,0.35,0.29
2026-10-07,Pit of Offerings,lci,Normal,0.39,0.69,0.25
2026-10-07,Rushwood Grove,mmq,Normal,0.59,0.79,0.3
2026-10-07,Safe Haven,tsb,Normal,0.49,0.99,0.3
2026-10-07,Sanctum of Eternity,c19,Normal,7.11,9.99,4.48
2026-10-07,Sandstorm Verge,otj,Normal,0.24,0.35,0.1
2026-10-07,Sequestered Stash,kld,Normal,0.15,0.35,0.09
2026-10-07,Shire Terrace,ltr,Normal,0.25,0.39,0.12
2026-10-07,Slippery Karst,dmr,Normal,0.22,0.35,0.07
2026-10-07,Snow-Covered Forest,mh1,Normal,1.14,1.49,0.87
2026-10-07,Tower of the Magistrate,mb2,Normal,1.39,2.29,2.63
2026-10-07,Underdark Rift,afc,Normal,0.45,0.69,0.75
2026-10-07,"Untaidake, the Cloud Keeper",chk,Normal,5.59,5.49,1.34
2026-10-07,Urza's Cave,mh3,Normal,2.4,3.49,1.23
2026-10-07,Verdant Catacombs,zne,Normal,50.23,47.99,39.99
2026-10-07,Vesuva,slc,Normal,5.1,6.49,4.25
2026-10-07,Winding Canyons,wth,Normal,35.57,39.99,19.85
2026-10-07,Windswept Heath,zne,Normal,31.86,29.99,27.99
2026-10-07,Wooded Foothills,zne,Normal,31.74,34.99,24.95
2026-10-07,Daily Bugle Building,spm,Normal,0.28,0.39,0.06
2026-10-07,"Argoth, Sanctum of Nature",bro,Normal,3.39,5.49,1.45
2026-10-07,Chocobo Camp,fic,Normal,8.87,18.99,4.99
2026-10-07,Northampton Farm,tmt,Normal,0.33,0.49,0.44
2026-10-07,Tranquil Thicket,mh1,Normal,0.22,0.35,0.19
2026-10-07,Rogue's Passage,ltc,Normal,0.9,1.29,0.74
2026-10-07,Sunken Citadel,lci,Normal,0.51,0.69,1.15
2026-10-07,Temple of the False God,cm2,Normal,0.31,0.35,0.89
2026-10-07,Scavenger Grounds,c21,Normal,0.46,0.49,0.25
2026-10-07,Lazotep Quarry,m3c,Normal,5.76,7.99,5.86
2026-10-07,Lotus Field,soc,Normal,2.54,3.49,2.67
2026-10-07,Mariposa Military Base,pip,Normal,0.41,0.69,0.23
2026-10-07,Prismatic Vista,mh1,Normal,30.85,42.99,35.47
2026-10-07,Talon Gates of Madara,m3c,Normal,30.96,42.99,29.52
2026-10-07,Terrain Generator,clb,Normal,2.25,3.49,1.89
2026-10-07,"Urborg, Tomb of Yawgmoth",tsr,Normal,55.32,59.99,39.7
2026-10-07,Witch's Clinic,c21,Normal,14.88,18.99,11.78
2026-10-07,The Tabernacle at Pendrell Vale,me3,Normal,,,
2026-10-07,Bazaar of Baghdad,vma,Normal,,,747.66
2026-10-07,Mirrorpool,cmm,Normal,2.84,2.99,2.11
2026-10-07,Thespian's Stage,who,Normal,0.43,0.79,0.4
2026-10-07,"Lumra, Bellow of the Woods",blb,Foil,116.69,149.99,145.0
2026-10-07,Yavimaya Hollow,vma,Normal,,,
2026-10-07,Embiggen,unf,Normal,0.22,0.79,1.5
2026-10-07,Empyrial Armor,wth,Normal,0.31,0.35,0.13
2026-10-07,Empyrial Plate,c16,Normal,1.85,2.79,1.26
2026-10-07,"Inner Calm, Outer Strength",sok,Normal,0.26,0.35,0.5
2026-10-07,Wild Defiance,avr,Normal,0.68,0.99,1.13
2026-10-07,Reliquary Tower,brc,Normal,5.76,8.99,4.5
2026-10-07,Llanowar Elves,7ed,Normal,0.53,0.79,0.5
2026-10-07,Duelist's Heritage,tle,Normal,2.42,5.49,2.36
2026-10-07,Phytoburst,dgm,Normal,0.18,0.35,0.17
2026-10-07,Flaming Fist,clb,Normal,0.26,0.35,0.07
2026-10-07,Might of the Nephilim,dis,Normal,0.57,1.29,0.26
2026-10-07,Tamiyo's Safekeeping,neo,Normal,5.09,8.49,3.65
2026-10-07,Ranger's Guile,isd,Normal,0.2,0.35,0.19
2026-10-07,Scent of Ivy,uds,Normal,0.23,0.35,0.35
2026-10-07,Tyvar's Stand,one,Normal,1.61,3.49,2.05
2026-10-07,Scale Up,mh1,Normal,0.47,0.79,0.67
2026-10-07,Titanic Growth,one,Normal,0.23,0.35,0.16
2026-10-07,Arbor Elf,pw21,Normal,0.48,1.49,0.72
2026-10-07,Swords to Plowshares,40k,Normal,2.36,3.99,1.3
2026-10-07,Path to Exile,ss2,Normal,2.01,2.79,0.5
2026-10-07,Blossoming Defense,kld,Normal,0.33,0.79,0.49
2026-10-07,Summer Bloom,2x2,Normal,1.8,1.99,0.98
2026-10-07,Spellbook,9ed,Normal,2.85,4.99,0.48
2026-10-07,Revive,mmq,Normal,0.2,0.39,1.75
2026-10-07,Regrowth,sta,Normal,1.58,1.49,0.95
2026-10-07,Groundswell,wwk,Normal,0.32,0.59,0.29
2026-10-07,Birds of Paradise,dmr,Normal,11.39,15.99,15.97
2026-10-07,Bridgeworks Battle // Tanglespan Bridgeworks,mh3,Normal,1.32,1.99,1.32
2026-10-07,Choose Your Weapon,afr,Normal,0.24,0.35,0.1
2026-10-07,Bounty of the Hunt,all,Normal,0.42,0.69,0.71
2026-10-07,Become Immense,ktk,Normal,0.27,0.35,0.2
2026-10-07,Collective Resistance,mh3,Normal,2.53,2.99,1.85
2026-10-07,Snakeskin Veil,sta,Normal,0.32,1.29,0.1
2026-10-07,Elvish Mystic,m15,Normal,0.52,1.79,0.63
2026-10-07,Vines of Vastwood,zen,Normal,1.74,2.49,2.07
2026-10-07,Wild Growth,ice,Normal,0.66,0.99,0.25
2026-10-07,Fyndhorn Elves,p30a,Foil,,7.49,2.0
2026-10-07,Might of Old Krosa,tsp,Normal,0.3,0.39,0.45
2026-10-07,Overprotect,blb,Foil,2.3,3.49,3.58
2026-10-07,Ram Through,iko,Normal,0.42,0.79,1.16
2026-10-07,Command Tower,cmr,Normal,0.34,0.69,0.51
2026-10-07,Sol Ring,c14,Normal,1.99,2.99,0.65
2026-10-07,Blacksmith's Skill,mh2,Normal,0.37,0.79,0.47
2026-10-07,Defend the Rider,dft,Normal,0.8,2.49,0.86
2026-10-07,Delighted Halfling,ltr,Normal,25.15,32.99,23.08
2026-10-07,Razorverge Thicket,blc,Normal,0.38,0.99,0.8
2026-10-07,Horizon Canopy,ima,Normal,4.58,6.49,3.0
2026-10-07,Branchloft Pathway // Boulderloft Pathway,znr,Normal,3.59,4.99,3.26
2026-10-07,Dual-Sun Technique,eoe,Normal,0.25,0.35,0.14
2026-10-07,Voice of Victory,tdm,Normal,20.99,29.99,23.09
2026-10-07,Grow Extra Arms,spm,Normal,0.13,0.35,0.08
2026-10-07,Avacyn's Pilgrim,pf25,Foil,4.12,6.49,4.95
2026-10-07,Chrome Mox,2xm,Normal,166.69,179.99,78.0
2026-10-07,Crop Rotation,soa,Foil,4.62,6.99,6.87
2026-10-07,Gift of the Viper,mh3,Normal,0.26,0.35,0.25
2026-10-07,Enlightened Tutor,6ed,Normal,36.47,44.99,19.99
2026-10-07,"Heliod, Sun-Crowned",thb,Normal,20.49,29.99,15.49
2026-10-07,Lotus Petal,mb2,Normal,34.85,44.99,26.0
2026-10-07,Elvish Spirit Guide,dmr,Normal,3.54,3.99,1.21
2026-10-07,Invigorate,2xm,Foil,0.45,0.79,0.29
2026-10-07,Walking Ballista,mb2,Normal,8.81,11.99,8.98
2026-10-07,Mutagenic Growth,nph,Normal,1.58,2.79,2.95
2026-10-07,Rustler Rampage,otj,Normal,0.26,0.39,0.21
2026-10-07,Tifa's Limit Break,fin,Normal,0.32,0.35,0.27
2026-10-07,Feral Ferocity,msc,Normal,0.21,0.99,0.25
2026-10-07,Forest,dmu,Foil,0.22,0.49,0.05
2026-10-07,Bala Ged Recovery // Bala Ged Sanctuary,znr,Normal,6.78,10.99,5.3
2026-10-07,Graduation Day,sos,Normal,0.3,0.35,0.76
2026-10-07,Giant Growth,soa,Normal,0.26,0.35,0.15
2026-10-07,Forbidden Orchard,c16,Normal,10.09,16.99,5.65
2026-10-07,Berserk,soa,Normal,7.33,10.99,9.39
2026-10-07,Royal Treatment,soa,Normal,0.27,0.35,0.21
2026-10-07,Mana Confluence,jou,Normal,35.54,42.99,26.71
2026-10-07,Plains,40k,Foil,1.14,,
2026-10-07,Prismatic Vista,zne,Normal,41.45,59.99,30.0
2026-10-07,Brushland,bro,Normal,4.35,4.49,3.58
2026-10-07,Utopia Sprawl,sld,Foil,7.78,10.99,7.3
2026-10-07,Gemstone Caverns,eos,Normal,90.26,109.99,74.98
2026-10-07,Sergeant John Benton,who,Foil,12.11,10.99,7.5
2026-10-07,City of Brass,2x2,Normal,27.08,27.99,23.49
2026-10-07,Battlefield Forge,c21,Normal,0.44,0.69,0.8
2026-10-07,Path of Ancestry,m3c,Normal,0.29,0.35,0.12
2026-10-07,The Gaffer,ltc,Normal,6.83,9.99,9.57
2026-10-07,Genji Glove,fin,Normal,8.15,13.99,5.4
2026-10-07,Descent into Avernus,sld,Foil,17.65,24.99,19.99
2026-10-07,Ingris Stingerquill,fra,Normal,13.53,15.99,7.39
2026-10-07,Tymna the Weaver,c16,Foil,31.39,27.99,36.29
2026-10-07,"Arabella, Abandoned Doll",dsk,Normal,0.8,0.79,0.36
2026-10-07,"Vito, Thorn of the Dusk Rose",pm21,Foil,11.24,15.99,10.69
2026-10-07,Professional Face-Breaker,snc,Normal,6.63,9.99,5.31
2026-10-07,Guild Artisan,clb,Normal,0.27,0.59,0.14
2026-10-07,"Elas il-Kor, Sadistic Pilgrim",dmu,Normal,0.61,2.29,0.69
2026-10-07,Arbaaz Mir,acr,Normal,0.3,0.35,0.25
2026-10-07,"Prosper, Tome-Bound",afc,Foil,6.73,8.49,6.99
2026-10-07,Access Tunnel,ltc,Normal,0.46,0.79,0.68
2026-10-07,"Shizo, Death's Storehouse",dmc,Normal,33.23,37.99,22.39
2026-10-07,Arcane Signet,nec,Normal,0.76,0.79,0.38
2026-10-07,Talisman of Hierarchy,pip,Normal,0.7,0.99,1.24
2026-10-07,Boros Signet,c15,Normal,0.54,1.49,0.58
2026-10-07,Talisman of Conviction,ltc,Normal,0.38,0.99,0.35
2026-10-07,Talisman of Indulgence,40k,Normal,3.64,4.99,1.81
2026-10-07,Silver Shroud Costume,sld,Foil,11.09,16.99,8.0
2026-10-07,Inkshield,sld,Foil,10.7,13.99,9.0
2026-10-07,Damn,mh2,Normal,1.78,3.49,1.87
2026-10-07,Sundering Eruption // Volcanic Fissure,mh3,Normal,1.46,2.99,1.5
2026-10-07,Steelshaper's Gift,sld,Foil,13.74,18.99,9.95
2026-10-07,Dusk // Dawn,blc,Normal,0.3,0.59,0.25
2026-10-07,Swords to Plowshares,dmr,Normal,2.02,3.49,1.61
2026-10-07,Thieves' Tools,clb,Foil,0.31,0.49,0.1
2026-10-07,Lightning Greaves,c19,Normal,4.8,7.49,2.58
2026-10-07,"Daxos, Blessed by the Sun",thb,Normal,0.28,0.49,0.09
2026-10-07,"Delney, Streetwise Lookout",mkm,Normal,34.84,47.99,34.99
2026-10-07,"Gollum, Obsessed Stalker",ltc,Normal,0.35,0.49,0.57
2026-10-07,"Elena, Turk Recruit",fic,Normal,0.24,0.49,0.25
2026-10-07,"Subira, Tulzidi Caravanner",m21,Normal,0.29,0.49,0.37
2026-10-07,"Deadpool, Trading Card",sld,Foil,15.38,18.99,18.0
2026-10-07,Brash Taunter,m21,Normal,4.02,3.99,1.95
2026-10-07,Exotic Orchard,c19,Normal,0.31,0.49,0.16
2026-10-07,Great Hall of the Citadel,ltr,Foil,0.42,0.99,0.05
2026-10-07,"Saradoc, Master of Buckland",ltr,Normal,0.32,0.69,0.5
2026-10-07,"Mangara, the Diplomat",blc,Normal,0.49,0.99,0.78
2026-10-07,Fellwar Stone,ncc,Normal,1.44,1.79,1.17
2026-10-07,Orzhov Signet,brc,Normal,0.6,1.49,0.49
2026-10-07,Deadly Rollick,sld,Foil,26.81,34.99,23.5
2026-10-07,"Mjölnir, Hammer of Thor",msh,Normal,16.58,22.99,16.78
2026-10-07,"Shanid, Sleepers' Scourge",dmc,Foil,2.98,3.99,3.33
2026-10-07,"Black Widow, Agile Avenger",msc,Normal,6.21,8.99,6.97
2026-10-07,"General Kreat, the Boltbringer",j25,Normal,6.59,10.99,8.2
2026-10-07,Savai Triome,iko,Normal,17.22,27.99,18.95
2026-10-07,Darkstar Augur,blb,Normal,1.98,2.29,1.1
2026-10-07,Brotherhood Regalia,acr,Foil,10.35,17.99,9.5
2026-10-07,"Lotho, Corrupt Shirriff",ltr,Normal,11.09,13.99,12.65
2026-10-07,Loran of the Third Path,bro,Normal,8.08,11.99,5.95
2026-10-07,"Moseo, Vein's New Dean",sos,Foil,0.99,0.79,1.31
2026-10-07,Plaza of Heroes,dmu,Foil,10.18,14.99,8.99
2026-10-07,"Minas Morgul, Dark Fortress",ltc,Foil,11.43,16.99,15.9
2026-10-07,Eiganjo Castle,chk,Normal,14.88,10.99,14.24
2026-10-07,Clifftop Retreat,pip,Normal,0.33,0.69,0.38
2026-10-07,Caves of Koilos,dmu,Normal,2.98,6.49,3.87
2026-10-07,Isolated Chapel,ltc,Normal,0.51,1.29,0.49
2026-10-07,Fetid Heath,tdc,Normal,0.55,0.79,0.56
2026-10-07,Knuckles the Echidna,sld,Foil,23.09,27.99,23.22
2026-10-07,Scheming Silvertongue // Sign in Blood,sos,Foil,1.6,1.49,1.5
2026-10-07,Villainous Wrath,spm,Foil,1.2,1.49,1.0
2026-10-07,Swamp,mkm,Foil,0.61,1.49,0.27
2026-10-07,Mountain,mkm,Normal,0.32,0.79,0.19
2026-10-07,Plains,mkm,Foil,0.35,1.99,0.49
2026-10-07,Blood Crypt,rvr,Normal,9.82,14.99,9.5
2026-10-07,Scrubland,3ed,Normal,452.56,599.99,250.0
2026-10-07,Arid Mesa,zne,Normal,46.67,49.99,28.5
2026-10-07,Marsh Flats,zne,Normal,46.58,69.99,34.0
2026-10-07,Badlands,3ed,Normal,586.77,749.99,240.0
2026-10-07,Bloodstained Mire,zne,Normal,38.32,44.99,38.5
2026-10-07,Godless Shrine,rvr,Normal,9.59,13.99,12.25
2026-10-07,Witch Enchanter // Witch-Blessed Meadow,mh3,Foil,7.33,10.99,6.11
2026-10-07,Chaos Warp,sld,Foil,10.51,12.99,7.25
2026-10-07,Wayfarer's Bauble,sld,Foil,5.01,7.49,1.67
2026-10-07,Aggravated Assault,sld,Foil,31.39,32.99,16.97
2026-10-07,"Kellan, the Fae-Blooded // Birthright Boon",woe,Normal,6.33,7.49,5.0
2026-10-07,The Reaver Cleaver,sld,Normal,26.79,34.99,17.0
2026-10-07,Stoneforge Mystic,spg,Normal,40.04,42.99,25.0
2026-10-07,The Queen of Dale,hob,Normal,20.34,29.99,21.82
2026-10-07,"Kediss, Emberclaw Familiar",sld,Foil,14.84,14.99,13.45
2026-10-07,Command Tower,pw25,Foil,11.41,12.99,4.0
2026-10-07,The Echoverse Fulcrum,fra,Normal,4.05,5.99,5.84
2026-10-07,Castle Ardenvale,peld,Normal,2.78,0.79,0.42
2026-10-07,Alhammarret's Archive,c21,Normal,10.56,13.99,10.66
2026-10-07,Loran of the Third Path,blc,Normal,5.32,7.99,4.39
2026-10-07,Claim Jumper,otj,Foil,0.9,0.99,2.0
2026-10-07,Spirited Companion,plst,Normal,0.22,0.69,0.19
2026-10-07,Inspiring Overseer,snc,Normal,0.3,0.69,0.16
2026-10-07,Helpful Hunter,fdn,Normal,0.3,0.59,0.23
2026-10-07,Sun Titan,sld,Normal,6.36,7.99,6.73
2026-10-07,Witch Enchanter // Witch-Blessed Meadow,mh3,Normal,6.03,9.49,4.49
2026-10-07,Pearl Medallion,mh3,Normal,7.02,8.99,4.24
2026-10-07,Clever Concealment,msc,Normal,3.66,5.99,4.62
2026-10-07,Tocasia's Welcome,bro,Normal,3.92,4.49,3.5
2026-10-07,Path to Exile,ltc,Normal,2.15,3.99,1.48
2026-10-07,Plains,hob,Foil,0.34,0.49,0.51
2026-10-07,Enduring Innocence,dsk,Normal,3.14,5.49,4.22
2026-10-07,Monument to Endurance,dft,Normal,17.33,23.99,17.77
2026-10-07,Razorgrass Ambush // Razorgrass Field,mh3,Normal,0.31,0.39,0.37
2026-10-07,Illustrious Wanderglyph,lcc,Normal,15.1,21.99,19.5
2026-10-07,Charismatic Conqueror,lcc,Normal,23.82,34.99,19.61
2026-10-07,Redemption Choir,lcc,Normal,0.38,0.69,0.77
2026-10-07,Tataru Taru,fic,Normal,6.23,9.49,7.52
2026-10-07,"Emeria, the Sky Ruin",soc,Normal,7.18,8.49,4.63
2026-10-07,War Room,soc,Normal,5.16,6.99,3.75
2026-10-07,Three Tree City,blb,Normal,47.5,69.99,33.0
2026-10-07,Trouble in Pairs,mkc,Normal,25.83,32.99,23.78
2026-10-07,Sand Scout,otc,Normal,5.78,7.99,7.64
2026-10-07,"Haliya, Guided by Light",eoe,Normal,4.35,5.49,3.78
2026-10-07,Soul's Attendant,roe,Normal,6.78,9.99,5.65
2026-10-07,Idol of Oblivion,c19,Normal,2.52,4.99,1.25
2026-10-07,Selfless Spirit,blc,Normal,0.81,1.49,1.05
2026-10-07,Authority of the Consuls,fdn,Normal,5.42,6.49,4.74
2026-10-07,Excise the Imperfect,moc,Normal,0.4,0.99,0.96
2026-10-07,Approach of the Second Sun,sta,Normal,7.79,12.99,6.75
2026-10-07,Moonshaker Cavalry,soc,Normal,9.56,10.99,7.36
2026-10-07,Recruiter of the Guard,mh3,Normal,6.82,7.99,6.72
2026-10-07,Mirror Entity,plst,Normal,1.09,2.29,0.56
2026-10-07,Parting Gust,blb,Foil,1.51,2.49,1.99
2026-10-07,Knight of the White Orchid,sld,Foil,0.82,3.49,2.76
2026-10-07,Remote Farm,mmq,Normal,0.95,1.29,0.63
2026-10-07,"Boseiju, Who Shelters All",sld,Foil,14.98,20.99,10.9
2026-10-07,Chivalric Alliance,moc,Normal,13.37,20.99,16.4
2026-10-07,Archaeomancer's Map,soc,Normal,1.05,2.29,1.5
2026-10-07,Guardian Scalelord,moc,Normal,3.85,2.99,3.43
2026-10-07,"Legion's Landing // Adanto, the First Fort",xln,Normal,3.33,4.49,2.19
2026-10-07,Fountainport,blb,Normal,3.19,5.49,3.01
2026-10-07,Currency Converter,frc,Normal,0.3,0.59,0.36
2026-10-07,Erode,sos,Normal,6.72,11.99,9.04
2026-10-07,Galadriel's Dismissal,ltc,Normal,29.92,49.99,23.48
2026-10-07,Caretaker's Talent,blb,Normal,12.13,16.99,8.64
2026-10-07,Abolish,pcy,Normal,0.95,1.49,0.2
2026-10-07,"Emeria's Call // Emeria, Shattered Skyclave",znr,Normal,4.21,7.49,2.6
2026-10-07,Kami of False Hope,bok,Normal,1.94,0.99,0.55
2026-10-07,Guide of Souls,mh3,Foil,3.71,4.99,4.4
2026-10-07,Loyal Warhound,blc,Normal,0.55,1.29,0.81
2026-10-07,Kindly Customer,tle,Normal,0.28,0.99,0.95
2026-10-07,Cathar Commando,mid,Normal,0.24,0.35,0.09
2026-10-07,Mentor of the Meek,2x2,Normal,0.56,1.49,0.36
2026-10-07,"Bennie Bracks, Zoologist",mkc,Normal,11.54,12.99,8.17
2026-10-07,Scavenger Grounds,msc,Normal,0.28,0.49,0.23
2026-10-07,Welcoming Vampire,vow,Normal,4.08,5.49,2.33
2026-10-07,Angel of Indemnity,soc,Normal,0.39,0.79,0.55
2026-10-07,Horn of Gondor,ltr,Foil,3.36,3.99,2.37
2026-10-07,Touch the Spirit Realm,neo,Normal,0.54,1.79,0.5
2026-10-07,Haunted Library,voc,Normal,0.42,1.29,0.49
2026-10-07,Bender's Waterskin,tla,Normal,0.96,1.79,1.09
2026-10-07,Restoration Seminar,sos,Normal,3.61,5.49,2.95
2026-10-07,Skullclamp,brc,Normal,6.84,10.99,6.78
2026-10-07,Sevinne's Reclamation,c19,Normal,0.55,0.69,0.75
2026-10-07,Soul Warden,exo,Normal,3.8,5.49,2.32
2026-10-07,Whitemane Lion,plc,Normal,0.25,0.39,0.02
2026-10-07,Wall of Omens,plst,Normal,0.33,0.35,0.27
2026-10-07,Sire of Seven Deaths,fdn,Normal,33.83,49.99,30.0
2026-10-07,"Elrond, Moon-Reader",hob,Normal,1.78,1.99,2.89
2026-10-07,Exit Specialist,mkm,Normal,0.21,0.35,0.25
2026-10-07,Dreamstone Hedron,cmr,Normal,0.34,0.35,0.09
2026-10-07,Stonespeaker Crystal,clb,Normal,0.38,1.29,0.29
2026-10-07,The Eternity Elevator,eoe,Normal,2.9,3.49,1.48
2026-10-07,Waterbender's Restoration,tle,Normal,3.92,5.49,8.99
2026-10-07,Lord of Change,40k,Normal,2.95,3.99,2.59
2026-10-07,Fear of Sleep Paralysis,dsc,Normal,0.39,1.49,0.6
2026-10-07,Sol Ring,blc,Normal,2.18,2.79,1.32
2026-10-07,Scroll Rack,cmr,Normal,31.12,44.99,28.49
2026-10-07,Illusionist's Bracers,rvr,Foil,5.54,6.99,3.8
2026-10-07,Wonder,cma,Normal,3.54,3.49,1.3
2026-10-07,Cavalier of Gales,j25,Normal,1.55,2.99,5.0
2026-10-07,Glasspool Mimic // Glasspool Shore,znr,Normal,6.26,10.99,6.41
2026-10-07,"Silver Surfer, Cosmic Voyager",msc,Normal,0.61,1.29,1.07
2026-10-07,Displacer Kitten,pclb,Foil,23.18,89.99,34.99
2026-10-07,Heartstone,sth,Normal,3.02,2.99,0.98
2026-10-07,Training Grounds,mat,Normal,9.97,10.99,3.96
2026-10-07,"Grazilaxx, Illithid Scholar",sld,Normal,3.09,,3.0
2026-10-07,Stratus Dancer,c19,Normal,0.38,0.49,0.1
2026-10-07,Y'shtola Rhul,fin,Normal,5.34,6.99,4.43
2026-10-07,Unstoppable Plan,dft,Normal,2.39,3.99,2.14
2026-10-07,Gilded Lotus,msc,Normal,0.53,1.49,0.45
2026-10-07,Sceptre of Eternal Glory,40k,Normal,20.11,34.99,22.97
2026-10-07,Chromatic Orrery,m21,Normal,31.69,47.99,15.9
2026-10-07,Ring of the Lucii,fin,Normal,0.3,0.39,0.12
2026-10-07,Brass Infiniscope,soc,Normal,0.34,0.49,0.37
2026-10-07,"Galactus, Devourer of Worlds",msc,Normal,3.39,5.99,4.27
2026-10-07,"Tri-Sentinel, Act of Vengeance",msc,Normal,0.43,0.59,0.33
2026-10-07,Displace,emn,Normal,0.33,0.69,0.24
2026-10-07,Conjurer's Closet,inr,Normal,6.85,10.99,6.0
2026-10-07,Baboon Spirit,tle,Foil,0.44,0.49,0.22
2026-10-07,"Gandalf, Shadow's Foe",hoc,Normal,21.41,32.99,19.5
2026-10-07,"Ixidor, Reality Sculptor",ons,Normal,2.1,4.49,1.69
2026-10-07,Branch of Vitu-Ghazi,mkm,Normal,0.97,0.35,0.08
2026-10-07,"Otawara, Soaring City",neo,Normal,26.35,42.99,24.74
2026-10-07,Dowsing Dagger // Lost Vale,xln,Normal,7.32,7.99,5.35
2026-10-07,Sword of Hearth and Home,tmc,Foil,12.72,14.99,10.77
2026-10-07,Abhorrent Oculus,pdsk,Normal,12.46,16.99,10.5
2026-10-07,Dour Port-Mage,blb,Normal,3.61,4.99,2.79
2026-10-07,"Thassa, Deep-Dwelling",thb,Foil,35.04,44.99,25.0
2026-10-07,Island,j25,Normal,0.15,0.35,0.1
2026-10-07,Hide on the Ceiling,spm,Normal,0.98,1.79,1.0
2026-10-07,Relic of Legends,dmu,Normal,2.29,2.29,1.41
2026-10-07,"Wan Shi Tong, All-Knowing",tle,Foil,3.74,4.49,3.0
2026-10-07,Wurmcoil Engine,sld,Foil,10.18,12.99,13.0
2026-10-07,Essence Flux,inr,Normal,1.91,2.29,1.4
2026-10-07,Siren Stormtamer,cmr,Normal,0.45,0.69,0.75
2026-10-07,Glitch Interpreter,dsc,Normal,0.33,0.49,0.1
2026-10-07,Enigma Thief,znc,Normal,0.38,0.99,0.38
2026-10-07,Primordial Mist,dsc,Normal,0.33,0.49,0.25
2026-10-07,"Sash and Waistcoat, Unmen",mbc,Normal,,,
2026-10-07,Ur-Golem's Eye,dst,Normal,0.32,0.49,0.13
2026-10-07,Scourge of Fleets,jou,Normal,0.54,1.49,0.6
2026-10-07,Spellskite,sld,Normal,15.49,16.99,16.44
2026-10-07,Sol Talisman,mh2,Normal,1.2,1.79,0.65
2026-10-07,Gossip's Talent,blb,Foil,0.37,0.49,0.29
2026-10-07,Voidwalk,gtc,Normal,0.26,0.35,0.43
2026-10-07,Zoetic Cavern,fut,Normal,0.4,0.49,0.02
2026-10-07,Scroll of Fate,c19,Normal,0.3,0.49,0.14
2026-10-07,Willbender,lgn,Normal,0.25,0.35,0.18
2026-10-07,Ghostly Flicker,sld,Foil,6.24,14.99,9.0
2026-10-07,Thran Dynamo,blc,Normal,4.18,3.49,2.79
2026-10-07,Hedron Archive,c21,Normal,0.32,0.59,0.17
2026-10-07,Marang River Regent // Coil and Catch,tdm,Foil,2.01,2.49,2.16
2026-10-07,Leonin Elder,mrd,Normal,0.36,0.49,0.26
2026-10-07,Ashes of the Abhorrent,xln,Normal,0.78,0.79,0.47
2026-10-07,Aunt May,spm,Normal,0.3,0.35,0.17
2026-10-07,Essence Channeler,blb,Foil,1.24,0.99,1.0
2026-10-07,Powerleech,atq,Normal,19.87,21.99,9.94
2026-10-07,"Ajani, Strength of the Pride",m20,Normal,8.65,12.99,6.15
2026-10-07,Ancient Tomb,zne,Foil,170.31,279.99,179.9
2026-10-07,"Yavimaya, Cradle of Growth",mh2,Foil,24.11,24.99,20.0
2026-10-07,Shefet Dunes,otc,Normal,0.3,0.35,0.37
2026-10-07,Branchloft Pathway // Boulderloft Pathway,znr,Foil,4.68,7.99,4.95
2026-10-07,Brushland,bro,Foil,11.25,14.99,5.85
2026-10-07,"Heliod, Sun-Crowned",sld,Foil,31.7,44.99,33.19
2026-10-07,Exemplar of Light,fdn,Foil,51.08,74.99,33.45
2026-10-07,Swords to Plowshares,sld,Foil,24.19,34.99,24.0
2026-10-07,The One Ring,ltr,Foil,114.49,139.99,96.0
2026-10-07,Kodama of the West Tree,j25,Normal,19.37,24.99,17.5
2026-10-07,Voice of the Blessed,vow,Foil,4.11,5.99,2.99
2026-10-07,Return of the Wildspeaker,znc,Normal,2.32,3.99,1.25
2026-10-07,Archivist of Oghma,clb,Normal,6.34,7.99,7.3
2026-10-07,Sylvan Library,cc1,Normal,27.07,32.99,23.5
2026-10-07,Temple Garden,unf,Normal,19.16,23.99,18.0
2026-10-07,Soul's Attendant,ltc,Foil,9.95,10.99,9.95
2026-10-07,Rogue's Passage,sld,Foil,53.86,54.99,44.98
2026-10-07,Auriok Champion,ima,Normal,10.76,16.99,6.74
2026-10-07,Augur of Autumn,mid,Foil,1.44,0.99,2.5
2026-10-07,Overgrown Farmland,dbl,Normal,5.03,6.99,3.94
2026-10-07,Canopy Vista,ltc,Normal,0.37,0.69,0.29
2026-10-07,Horizon Canopy,zne,Normal,6.21,8.99,5.99
2026-10-07,Windswept Heath,ktk,Normal,12.45,20.99,9.3
2026-10-07,Sunpetal Grove,m10,Normal,1.92,2.49,2.9
2026-10-07,Command Tower,sld,Foil,6.87,7.49,9.95
2026-10-07,Wooded Bastion,shm,Normal,17.26,23.99,8.17
2026-10-07,Hashep Oasis,otc,Normal,0.24,0.35,0.18
2026-10-07,Plains,sld,Foil,6.93,7.99,12.66
2026-10-07,Forest,snc,Normal,0.38,0.49,0.36
2026-10-07,Plains,one,Foil,8.66,10.99,6.93
2026-10-07,Plains,blb,Foil,1.62,1.99,1.49
2026-10-07,Plains,dmu,Foil,4.48,6.99,2.73
2026-10-07,Forest,ltr,Normal,0.8,1.29,0.2
2026-10-07,Plains,thb,Normal,1.28,0.99,0.53
2026-10-07,Plains,neo,Normal,2.8,5.99,2.73
2026-10-07,Plains,ugl,Normal,6.8,6.99,3.89
2026-10-07,Forest,und,Foil,4.18,4.99,3.65
2026-10-07,Forest,tdm,Foil,1.33,1.99,0.78
2026-10-07,Path to Exile,otp,Normal,2.64,2.79,1.98
2026-10-07,Aerith Gainsborough,fin,Normal,2.3,4.49,1.8
2026-10-07,Plains,eoe,Normal,1.13,2.29,0.81
2026-10-07,"Lyra, Archangel of Dawn",fra,Normal,3.88,6.99,3.98
2026-10-07,Unflinching Hortimancer,fra,Normal,0.19,0.35,0.1
2026-10-07,Bloombrute,fra,Normal,0.23,0.35,0.15
2026-10-07,"Celestine, the Living Saint",40k,Normal,24.86,34.99,22.85
2026-10-07,Essence Warden,plc,Normal,8.08,12.99,3.96
2026-10-07,Lunarch Veteran // Luminous Phantom,mid,Normal,0.34,0.69,0.36
2026-10-07,Soul Warden,m10,Foil,10.75,12.99,3.4
2026-10-07,Authority of the Consuls,kld,Normal,5.42,7.49,4.72
2026-10-07,Hinterland Sanctifier,j25,Normal,0.42,0.69,0.21
2026-10-07,Scavenging Ooze,plg21,Foil,0.38,0.59,0.37
2026-10-07,Case of the Uneaten Feast,mkm,Foil,1.27,1.99,0.97
2026-10-07,Shadowspear,thb,Normal,29.53,42.99,21.39
2026-10-07,Terrasymbiosis,eoe,Foil,10.21,14.99,10.95
2026-10-07,Solitude,spg,Foil,48.76,79.99,54.9
2026-10-07,City of Brass,2x2,Foil,40.78,49.99,37.95
2026-10-07,Plains,tla,Normal,0.56,0.99,0.1
2026-10-07,The Destined White Mage,fic,Foil,14.68,17.99,13.47
2026-10-07,Spry and Mighty,ecl,Normal,0.49,0.59,0.48
2026-10-07,Virulent Emissary,ecl,Foil,1.11,1.49,0.78
2026-10-07,Avatar's Wrath,tla,Foil,4.52,6.99,3.5
2026-10-07,Guide of Souls,sch,Foil,7.63,9.49,4.95
2026-10-07,Plains,sos,Foil,1.33,1.99,0.62
2026-10-07,Sungrass Prairie,c19,Normal,0.28,0.49,0.2
2026-10-07,"Tigra, Feline Fury",msh,Normal,0.2,0.35,0.11
2026-10-07,Dr. Beverly Crusher,trk,Normal,52.97,9.99,
2026-10-07,Pest Infestation,otp,Normal,1.16,1.49,1.53
2026-10-07,The Great Henge,eld,Normal,65.53,89.99,42.5
2026-10-07,"Leonardo, Cutting Edge",tmt,Normal,2.41,2.29,1.94
2026-10-07,Elenda's Hierophant,lcc,Normal,4.92,6.49,4.99
2026-10-07,Suture Priest,nph,Normal,1.91,2.79,2.21
2026-10-07,Herd Heirloom,tdm,Normal,4.15,7.49,3.57
2026-10-07,Ajani Resolute,fra,Normal,12.72,13.99,9.12
2026-10-07,Liliana the Faultless,fra,Normal,10.02,9.99,6.85
2026-10-07,Haywire Mite,bro,Foil,3.1,3.49,2.2
2026-10-07,Solarium Sentry,fra,Normal,0.41,0.99,0.76
2026-10-07,"Trelasarra, Moon Dancer",afr,Foil,0.39,1.99,0.4
2026-10-07,Healer's Hawk,jmp,Normal,0.3,0.35,0.13
2026-10-07,Righteous Cause,ons,Normal,0.43,0.49,0.4
2026-10-07,Beast Within,sld,Foil,29.83,29.99,29.96
2026-10-07,Generous Gift,cmm,Normal,1.2,2.29,1.36
2026-10-07,Witch Enchanter // Witch-Blessed Meadow,sld,Foil,76.77,79.99,55.0
2026-10-07,Bojuka Bog,brc,Normal,3.66,5.99,2.8
2026-10-07,Blood Artist,plst,Normal,3.81,3.99,2.99
2026-10-07,Wood Elves,ncc,Normal,0.46,0.35,0.39
2026-10-07,"Journey to Eternity // Atzal, Cave of Eternity",rix,Normal,5.11,6.49,4.99
2026-10-07,Dread Return,cmm,Normal,0.73,1.29,0.42
2026-10-07,Viridian Emissary,mbs,Normal,0.25,0.35,0.1
2026-10-07,Woodland Cemetery,sld,Foil,17.98,18.99,13.02
2026-10-07,Stitcher's Supplier,m19,Normal,0.49,0.99,0.89
2026-10-07,Noxious Gearhulk,moc,Normal,0.84,1.29,0.35
2026-10-07,Command Tower,cc1,Normal,4.25,4.49,2.0
2026-10-07,Necron Deathmark,40k,Normal,4.7,8.49,6.44
2026-10-07,Satyr Wayfinder,znc,Normal,0.2,0.35,0.05
2026-10-07,Skullwinder,m3c,Normal,0.36,0.35,0.19
2026-10-07,Chthonian Nightmare,mh3,Foil,4.57,9.99,5.99
2026-10-07,Rise of the Witch-king,ltr,Normal,0.54,0.79,0.24
2026-10-07,Fabled Passage,eoc,Normal,1.23,2.79,1.74
2026-10-07,Clifftop Lookout,blb,Normal,0.29,0.49,0.12
2026-10-07,Ripples of Undeath,mh3,Normal,9.05,11.99,6.95
2026-10-07,Primal Druid,emn,Normal,0.22,0.35,0.08
2026-10-07,Undergrowth Stadium,cmr,Normal,6.83,10.99,6.49
2026-10-07,"Takenuma, Abandoned Mire",neo,Normal,10.5,17.99,10.48
2026-10-07,Eternal Witness,m3c,Normal,2.19,2.49,1.14
2026-10-07,Zulaport Cutthroat,bfz,Normal,1.85,2.79,1.31
2026-10-07,"Sephiroth, Fabled SOLDIER // Sephiroth, One-Winged Angel",fin,Normal,28.42,39.99,28.49
2026-10-07,Field of the Dead,slc,Normal,26.85,32.99,21.17
2026-10-07,Haywire Mite,bro,Normal,1.28,0.99,1.05
2026-10-07,Blossoming Tortoise,woe,Normal,4.91,6.99,5.92
2026-10-07,Deathcap Glade,vow,Foil,8.58,6.99,5.99
2026-10-07,Metamorphosis Fanatic,dsc,Normal,5.69,8.99,7.13
2026-10-07,Prowling Geistcatcher,mic,Normal,0.56,0.79,0.49
2026-10-07,Wastewood Verge,dft,Normal,9.51,14.99,7.5
2026-10-07,Accursed Marauder,mh3,Normal,0.33,0.59,0.36
2026-10-07,Vein Ripper,mkm,Foil,7.28,11.99,7.77
2026-10-07,Birthing Ritual,mh3,Normal,3.94,5.99,6.41
2026-10-07,"Braids, Arisen Nightmare",dmu,Normal,4.24,6.99,3.63
2026-10-07,Wight of the Reliquary,mh3,Normal,0.82,1.29,0.77
2026-10-07,Spinner of Souls,fdn,Normal,0.88,0.99,0.93
2026-10-07,"Lumra, Bellow of the Woods",blb,Normal,28.68,39.99,27.35
2026-10-07,Incarnation Technique,c21,Normal,9.64,18.99,11.24
2026-10-07,Skyfisher Spider,bro,Normal,0.25,0.39,0.05
2026-10-07,Vernal Fen,eoc,Normal,2.59,2.29,1.4
2026-10-07,"Vraska, the Cutting Glare",fra,Normal,0.4,0.49,0.72
2026-10-07,"Pia, Aether Ascetic",fra,Normal,1.04,2.49,0.55
2026-10-07,"Winter, Tormented Loner",fra,Normal,0.45,0.35,0.28
2026-10-07,Simulacrum Shaper,fra,Normal,1.8,2.49,2.73
2026-10-07,Primal Witchstalker,fra,Normal,0.25,0.35,0.15
2026-10-07,Aftermath Analyst,mkm,Normal,2.71,1.49,1.45
2026-10-07,Reclamation Sage,fdn,Normal,0.33,0.69,0.41
2026-10-07,Umbral Collar Zealot,eoe,Foil,1.08,2.49,1.54
2026-10-07,Disciple of Freyalise // Garden of Freyalise,mh3,Normal,5.22,7.99,3.64
2026-10-07,Living Death,ltc,Normal,7.38,8.49,4.29
2026-10-07,Underground Mortuary,mkm,Normal,16.3,22.99,14.5
2026-10-07,Hedge Shredder,dsk,Normal,3.27,3.99,1.69
2026-10-07,Altar of Dementia,brr,Normal,24.37,34.99,23.35
2026-10-07,Icetill Explorer,eoe,Normal,23.62,39.99,27.27
2026-10-07,Stinkweed Imp,gk1,Normal,2.12,1.29,1.19
2026-10-07,Cauldron of Essence,sos,Normal,4.64,5.99,3.62
2026-10-07,Snow-Covered Forest,mb2,Normal,2.14,3.49,1.41
2026-10-07,Fanatic of Rhonas,mh3,Normal,13.84,23.99,16.5
2026-10-07,Llanowar Wastes,bro,Normal,4.01,6.49,2.99
2026-10-07,Merchant of Venom,soc,Normal,0.31,0.49,0.35
2026-10-07,Colossal Grave-Reaver,tdc,Normal,10.68,18.99,11.99
2026-10-07,"Armaggon, Future Shark",tmt,Foil,2.36,1.99,1.64
2026-10-07,Town Greeter,fin,Normal,0.24,0.35,0.14
2026-10-07,Snow-Covered Swamp,mb2,Normal,1.95,3.99,1.89
2026-10-07,Nurturing Peatland,mh1,Normal,6.6,8.99,4.18
2026-10-07,Phyrexian Tower,jmp,Normal,28.96,44.99,33.75
2026-10-07,Twilight Mire,blc,Normal,0.46,0.69,0.99
2026-10-07,Golgari Thug,rvr,Foil,2.89,3.99,2.0
2026-10-07,Shifting Woodland,mh3,Normal,7.09,11.99,5.99
2026-10-07,The Meathook Massacre,inr,Normal,35.19,47.99,25.0
2026-10-07,Turbulent Fen,soc,Normal,8.32,9.99,6.82
2026-10-07,Bayou,3ed,Normal,494.87,699.99,269.0
2026-10-07,Overgrown Tomb,rvr,Normal,10.27,12.99,13.95
2026-10-07,"Mole Man, Moloid Master",msh,Normal,1.34,2.99,2.81
2026-10-07,Springheart Nantuko,mh3,Normal,8.62,11.99,7.13
2026-10-07,Orcish Bowmasters,ltr,Normal,52.62,69.99,38.29
2026-10-07,Liliana the Repentant,fra,Normal,3.38,7.49,3.57
2026-10-07,Bloodghast,zen,Normal,4.25,5.99,2.5
2026-10-07,Six,mh3,Foil,30.0,44.99,19.67
2026-10-07,Forest,hob,Foil,0.41,0.49,0.49
2026-10-07,Swamp,hob,Foil,0.31,0.49,0.42
2026-10-07,"Tom, Bert, and William",purl,Normal,,,1.84
2026-10-07,Flare of Denial,mh3,Normal,3.78,4.99,4.81
2026-10-07,"Grazilaxx, Illithid Scholar",clb,Normal,1.75,7.49,1.0
2026-10-07,Inkfathom Infiltrator,plst,Normal,0.36,0.35,0.19
2026-10-07,Lightning Greaves,who,Normal,4.87,6.49,3.68
2026-10-07,Reconnaissance Mission,iko,Normal,0.62,0.99,1.06
2026-10-07,Gudul Lurker,dtk,Normal,0.46,0.99,1.0
2026-10-07,Mist-Cloaked Herald,rix,Normal,0.37,0.69,0.67
2026-10-07,The Indomitable,lcc,Normal,4.36,3.49,1.97
2026-10-07,Dreamroot Cascade,who,Normal,1.05,1.79,0.98
2026-10-07,Beastmaster Ascension,ncc,Normal,7.03,7.99,3.73
2026-10-07,Ohran Frostfang,c19,Normal,7.47,9.99,4.82
2026-10-07,Brazen Borrower // Petty Theft,spg,Normal,6.11,7.49,5.0
2026-10-07,Shipwreck Marsh,mid,Normal,7.04,9.49,4.0
2026-10-07,Morphic Pool,clb,Normal,27.23,39.99,28.0
2026-10-07,Nether Traitor,tsp,Normal,9.64,3.99,5.0
2026-10-07,Clearwater Pathway // Murkwater Pathway,znr,Normal,4.76,5.99,4.98
2026-10-07,Slither Blade,znc,Normal,0.43,0.79,0.69
2026-10-07,Tormented Soul,m12,Normal,0.26,0.35,0.14
2026-10-07,Triton Shorestalker,znc,Normal,0.36,0.79,0.28
2026-10-07,Changeling Outcast,h1r,Foil,5.02,6.99,4.0
2026-10-07,Invisible Stalker,znc,Normal,1.22,1.29,1.48
2026-10-07,Looter il-Kor,ncc,Normal,0.33,0.35,0.13
2026-10-07,"Edric, Spymaster of Trest",cns,Normal,2.8,4.99,1.73
2026-10-07,Bident of Thassa,ths,Normal,0.61,0.79,0.76
2026-10-07,Coastal Piracy,jmp,Normal,1.34,1.99,1.0
2026-10-07,Beast Within,ncc,Normal,1.03,1.49,0.7
2026-10-07,Command Tower,brc,Normal,2.49,3.99,1.99
2026-10-07,Exotic Orchard,brc,Normal,0.6,1.29,0.1
2026-10-07,Path of Ancestry,brc,Normal,0.4,0.69,0.19
2026-10-07,Island,brc,Normal,0.25,0.49,0.29
2026-10-07,Hinterland Harbor,ltc,Normal,0.4,0.69,0.35
2026-10-07,Drowned Catacomb,ltc,Normal,2.44,2.79,1.96
2026-10-07,Enduring Curiosity,dsk,Normal,7.61,10.99,8.82
2026-10-07,"Gix, Yawgmoth Praetor",pbro,Normal,2.2,1.99,2.18
2026-10-07,Rejuvenating Springs,ltc,Normal,4.69,5.99,4.95
2026-10-07,Wu Light Cavalry,ptk,Normal,3.87,0.99,1.21
2026-10-07,Barkchannel Pathway // Tidechannel Pathway,khm,Normal,5.03,7.49,4.61
2026-10-07,Mockingbird,blb,Normal,3.36,4.99,2.62
2026-10-07,Zagoth Triome,iko,Normal,21.67,29.99,18.0
2026-10-07,Breeding Pool,gtc,Normal,10.11,17.99,9.5
2026-10-07,Watery Grave,grn,Normal,9.41,14.99,10.92
2026-10-07,Baleful Strix,blc,Normal,14.54,16.99,13.5
2026-10-07,Sink into Stupor // Soporific Springs,mh3,Normal,8.42,13.99,6.51
2026-10-07,Cephalid Facetaker,ncc,Normal,3.94,3.99,3.58
2026-10-07,Into the Flood Maw,blb,Normal,3.01,3.99,1.92
2026-10-07,Willowrush Verge,dft,Normal,5.02,9.49,7.0
2026-10-07,Shoreline Looter,blb,Foil,1.22,2.99,0.35
2026-10-07,Unsubstantiate,m21,Normal,0.36,0.69,0.15
2026-10-07,Ledger Shredder,snc,Normal,9.91,12.99,7.0
2026-10-07,Gloomlake Verge,dsk,Normal,10.78,17.99,10.15
2026-10-07,Flooded Grove,ltc,Normal,0.36,0.49,0.2
2026-10-07,Sunken Ruins,fic,Normal,2.23,3.49,3.11
2026-10-07,Departed Deckhand,lcc,Normal,0.32,0.35,0.1
2026-10-07,Notorious Throng,znc,Normal,3.33,3.49,1.95
2026-10-07,Dauthi Voidwalker,sld,Foil,15.27,14.99,10.98
2026-10-07,Silent Hallcreeper,dsk,Normal,1.09,2.29,1.45
2026-10-07,Thieving Skydiver,znr,Normal,0.25,0.69,0.5
2026-10-07,Faerie Mastermind,pmom,Normal,11.82,16.99,9.98
2026-10-07,Swamp,brc,Normal,0.36,0.49,0.29
2026-10-07,Geist of Saint Thalia,fra,Normal,9.35,8.99,4.69
2026-10-07,Orochi Soul-Reaver,otc,Normal,9.76,9.49,9.0
2026-10-07,Grim Hireling,afc,Normal,13.04,15.99,13.46
2026-10-07,Vedalken Infiltrator,mh2,Normal,0.23,0.35,0.09
2026-10-07,Bitterbloom Bearer,ecl,Normal,17.49,24.99,18.87
2026-10-07,Spectral Sailor,lcc,Normal,0.35,0.35,0.1
2026-10-07,"Malcolm, Alluring Scoundrel",plci,Normal,3.64,4.99,1.99
2026-10-07,Spyglass Siren,lci,Normal,0.31,0.69,0.86
2026-10-07,Waterbender Ascension,tla,Normal,0.63,1.29,0.51
2026-10-07,Flitterwing Nuisance,ecl,Normal,0.65,0.99,0.35
2026-10-07,Siren Stormtamer,lcc,Normal,0.49,0.69,0.79
2026-10-07,Cloud Pirates,por,Normal,1.91,2.29,1.56
2026-10-07,River of Tears,fut,Normal,1.79,3.49,1.0
2026-10-07,"Irma, Part-Time Mutant",tmc,Normal,4.6,6.99,4.02
2026-10-07,Scale Up,h1r,Foil,1.44,1.99,1.49
2026-10-07,"Toski, Bearer of Secrets",spg,Normal,16.5,22.99,12.0
2026-10-07,Faerie Slumber Party,woe,Normal,2.0,2.49,0.9
2026-10-07,Tegwyll's Scouring,woc,Normal,1.01,1.99,0.69
2026-10-07,Fell the Profane // Fell Mire,mh3,Normal,5.24,7.99,4.48
2026-10-07,Forest,inr,Normal,0.48,0.79,0.99
2026-10-07,Polluted Delta,zne,Normal,47.88,49.99,39.0
2026-10-07,The Destined Thief,fic,Foil,2.98,5.99,3.32
2026-10-07,Tezzeret the Seeker,sld,Normal,28.95,34.99,18.94
2026-10-07,Underground Sea,3ed,Normal,1105.08,1499.99,670.0
2026-10-07,Tropical Island,3ed,Normal,600.14,749.99,352.5
2026-10-07,"Wan Shi Tong, Librarian",tla,Foil,38.08,49.99,60.0
2026-10-07,Skyserpent Seeker,dft,Normal,0.32,0.79,0.1
2026-10-07,"Bilbo, Luckwearer // Burglar's Plot",pw26,Normal,0.53,0.79,0.2
2026-10-07,"Ikra Shidiqi, the Usurper",c16,Foil,1.23,1.79,1.24
2026-10-07,Skateboard,tmt,Normal,0.34,0.79,0.22
2026-10-07,"Malcolm, Keen-Eyed Navigator",spg,Foil,14.86,17.99,16.9
2026-10-07,Arcane Signet,p30m,Etched,,,
2026-10-07,"Lonis, Cryptozoologist",mh2,Normal,0.32,0.49,0.2
2026-10-07,Samwise Gamgee,ltr,Foil,3.79,4.49,2.5
2026-10-07,Minas Tirith,ltr,Foil,7.82,8.99,8.07
2026-10-07,Pendelhaven,ath,Normal,3.79,4.49,4.37
2026-10-07,Razortide Bridge,brc,Normal,2.05,2.29,0.92
2026-10-07,Seat of the Synod,brc,Normal,3.22,4.49,1.76
2026-10-07,Trenzalore Clocktower,who,Normal,0.29,0.49,0.35
2026-10-07,"Osgood, Operation Double",who,Normal,0.31,0.49,0.14
2026-10-07,"Venser, Shaper Savant",tsr,Normal,1.4,0.69,0.15
2026-10-07,"Raff Capashen, Ship's Mage",cmm,Normal,0.26,0.35,0.1
2026-10-07,The Shire,ltr,Normal,3.18,3.99,2.11
2026-10-07,Rivendell,ltr,Normal,1.8,2.99,1.63
2026-10-07,"Eiganjo, Seat of the Empire",neo,Foil,6.09,9.99,8.07
2026-10-07,Trial of a Time Lord,who,Normal,0.3,0.49,0.23
2026-10-07,Talisman of Progress,who,Normal,0.46,0.69,0.41
2026-10-07,"Jaheira, Friend of the Forest",clb,Normal,12.67,13.99,8.0
2026-10-07,Ancient Den,mrd,Normal,2.48,3.99,1.36
2026-10-07,Command Tower,who,Normal,0.35,0.69,0.21
2026-10-07,Tree of Tales,mrd,Normal,1.66,2.29,0.79
2026-10-07,Thornglint Bridge,mh2,Normal,0.34,0.35,0.25
2026-10-07,Braided Net // Braided Quipu,lci,Normal,0.31,0.49,0.18
2026-10-07,Flagstones of Trokair,tsr,Normal,3.65,3.99,3.96
2026-10-07,"Okina, Temple to the Grandfathers",chk,Normal,4.72,9.49,2.39
2026-10-07,Tolaria,leg,Normal,7.49,8.49,4.39
2026-10-07,Five Hundred Year Diary,who,Foil,0.8,0.79,0.5
2026-10-07,"Oko, Thief of Crowns",otp,Normal,5.25,6.99,3.92
2026-10-07,Island,who,Foil,0.32,0.79,0.18
2026-10-07,Path of Ancestry,who,Normal,0.27,0.35,0.05
2026-10-07,Inventors' Fair,sld,Foil,22.39,20.99,13.99
2026-10-07,"Crystal Skull, Isu Spyglass",acr,Etched,,,
2026-10-07,Tanglepool Bridge,mh2,Normal,0.27,0.35,0.25
2026-10-07,"Minamo, School at Water's Edge",ltc,Foil,66.32,84.99,46.0
2026-10-07,Haywire Mite,dsc,Normal,1.19,1.29,1.57
2026-10-07,Gandalf the White,ltr,Normal,10.48,14.99,8.97
2026-10-07,"Urza, Lord High Artificer",dmr,Normal,14.95,19.99,15.99
2026-10-07,Azorius Signet,gk2,Normal,0.39,0.79,0.59
2026-10-07,Fellwar Stone,onc,Normal,1.7,2.29,1.1
2026-10-07,Graham O'Brien,who,Foil,0.81,0.49,0.5
2026-10-07,Stridehangar Automaton,drc,Normal,2.36,5.49,3.27
2026-10-07,Officious Interrogation,mkm,Foil,0.22,0.49,0.1
2026-10-07,Transmutation Font,pw24,Foil,1.67,2.29,0.67
2026-10-07,Academy Ruins,2xm,Normal,8.93,10.99,5.9
2026-10-07,Ignis Scientia,fin,Normal,0.22,0.35,0.02
2026-10-07,Serah Farron // Crystallized Serah,fin,Normal,4.97,5.49,4.56
2026-10-07,Eiganjo Castle,sld,Normal,8.55,9.49,20.59
2026-10-07,"Oboro, Palace in the Clouds",ltc,Foil,19.02,32.99,17.0
2026-10-07,Clock of Omens,5dn,Normal,10.05,4.99,3.4
2026-10-07,Forest,who,Normal,0.25,0.49,0.04
2026-10-07,Plains,who,Normal,0.29,0.49,0.05
2026-10-07,Sonic Screwdriver,sld,Foil,49.34,42.99,17.24
2026-10-07,Astrid Peth,who,Normal,4.36,6.49,2.97
2026-10-07,"James, Wandering Dad // Follow Him",pip,Foil,2.95,1.49,1.0
2026-10-07,Spectacular Spider-Man,spm,Normal,6.42,11.99,3.75
2026-10-07,The Blue Spirit,tle,Normal,0.82,1.99,2.25
2026-10-07,The Grey Havens,ltr,Normal,0.35,0.49,0.18
2026-10-07,"Aang, Swift Savior // Aang and La, Ocean's Fury",tla,Foil,7.09,7.99,7.5
2026-10-07,The Cabbage Merchant,tle,Foil,34.27,54.99,25.0
2026-10-07,"Reki, the History of Kamigawa",sld,Foil,16.59,16.99,15.95
2026-10-07,King Solomon's Frogs,msc,Normal,0.26,0.49,0.35
2026-10-07,"Mutagen Man, Living Ooze",tmt,Foil,3.7,4.99,2.97
2026-10-07,"Growing Rites of Itlimoc // Itlimoc, Cradle of the Sun",lci,Normal,9.34,10.99,8.01
2026-10-07,Sol Ring,sld,Foil,17.73,20.99,18.5
2026-10-07,Spara's Headquarters,psnc,Normal,14.89,17.99,11.99
2026-10-07,"Mondrak, Glory Dominus",one,Normal,48.82,74.99,29.99
2026-10-07,Flooded Strand,zne,Normal,34.37,39.99,34.99
2026-10-07,Tundra,3ed,Normal,695.59,849.99,394.74
2026-10-07,"Mona Lisa, Ever Adaptable",tmc,Normal,3.56,5.49,3.47
2026-10-07,"Yavimaya, Cradle of Growth",ltc,Normal,52.34,74.99,58.0
2026-10-07,"Adrix and Nev, Twincasters",c21,Foil,8.42,8.99,5.16
2026-10-07,Academy Manufactor,sld,Foil,15.61,20.99,9.99
2026-10-07,"Donatello, the Brains",tmc,Foil,0.72,0.99,0.38
2026-10-07,The Wondrous Wasp,msh,Normal,0.82,1.99,1.19
2026-10-07,"King T'Challa // Black Panther, Hope Enduring",msh,Normal,17.38,22.99,18.98
2026-10-07,"Mister Fantastic, Reed Richards",msh,Normal,0.33,0.59,0.33
2026-10-07,"Tippy-Toe, Terrific Partner",sld,Normal,11.48,16.99,20.69
2026-10-07,"Justice, Vance Astrovik",msh,Normal,0.13,0.35,0.05
2026-10-07,"Meatsqueak, Hoard Lord",mbc,Normal,,,
2026-10-07,Cryptolith Fragment // Aurora of Emrakul,inr,Normal,0.36,0.69,0.15
2026-10-07,"Lita, Little Orphan Amphibian",tmt,Foil,0.26,0.49,0.49
2026-10-07,The Goose Mother,woe,Normal,0.4,0.49,0.6
2026-10-07,Sarah Jane Smith,who,Foil,1.71,0.99,0.75
2026-10-07,"The Theorist, Jace Beleren",fra,Normal,42.27,42.99,29.67
2026-10-07,Cyclonic Rift,soa,Normal,31.34,42.99,26.78
2026-10-07,The Fourth Doctor,who,Foil,1.22,0.99,1.0
2026-10-08,Sire of Seven Deaths,fdn,Normal,33.86,49.99,36.74
2026-10-08,"Elrond, Moon-Reader",hob,Normal,1.9,1.99,2.92
2026-10-08,Exit Specialist,mkm,Normal,0.21,0.35,0.25
2026-10-08,Dreamstone Hedron,cmr,Normal,0.33,0.35,0.09
2026-10-08,Stonespeaker Crystal,clb,Normal,0.37,1.29,0.49
2026-10-08,The Eternity Elevator,eoe,Normal,3.05,3.49,2.0
2026-10-08,Waterbender's Restoration,tle,Normal,3.86,5.49,3.65
2026-10-08,Lord of Change,40k,Normal,2.95,3.99,4.16
2026-10-08,Fear of Sleep Paralysis,dsc,Normal,0.39,1.49,0.54
2026-10-08,Sol Ring,blc,Normal,2.21,2.79,1.33
2026-10-08,Scroll Rack,cmr,Normal,31.33,44.99,28.22
2026-10-08,Illusionist's Bracers,rvr,Foil,5.54,6.99,3.8
2026-10-08,Wonder,cma,Normal,3.54,3.49,1.3
2026-10-08,Cavalier of Gales,j25,Normal,1.56,2.99,3.05
2026-10-08,Glasspool Mimic // Glasspool Shore,znr,Normal,6.44,10.99,7.01
2026-10-08,Heartstone,plst,Normal,1.78,2.49,1.49
2026-10-08,"Silver Surfer, Cosmic Voyager",msc,Normal,0.61,1.29,1.06
2026-10-08,Displacer Kitten,pclb,Foil,23.18,89.99,34.99
2026-10-08,Training Grounds,mat,Normal,10.02,10.99,5.5
2026-10-08,"Grazilaxx, Illithid Scholar",sld,Normal,2.97,,3.0
2026-10-08,Stratus Dancer,c19,Normal,0.38,0.49,0.16
2026-10-08,Y'shtola Rhul,fin,Normal,5.46,6.99,4.72
2026-10-08,Unstoppable Plan,dft,Normal,2.39,3.99,1.89
2026-10-08,Gilded Lotus,msc,Normal,0.54,1.49,0.6
2026-10-08,Sceptre of Eternal Glory,40k,Normal,20.11,34.99,19.5
2026-10-08,Chromatic Orrery,m21,Normal,32.11,47.99,18.35
2026-10-08,Ring of the Lucii,fin,Normal,0.28,0.39,0.2
2026-10-08,Brass Infiniscope,soc,Normal,0.33,0.49,0.37
2026-10-08,"Galactus, Devourer of Worlds",msc,Normal,3.45,5.99,4.22
2026-10-08,"Tri-Sentinel, Act of Vengeance",msc,Normal,0.43,0.59,0.38
2026-10-08,Displace,emn,Normal,0.33,0.69,0.42
2026-10-08,Conjurer's Closet,inr,Normal,6.67,10.99,6.0
2026-10-08,Baboon Spirit,tle,Foil,0.44,0.49,0.22
2026-10-08,"Gandalf, Shadow's Foe",hoc,Normal,21.4,32.99,19.44
2026-10-08,"Ixidor, Reality Sculptor",ons,Normal,2.09,4.49,1.42
2026-10-08,Branch of Vitu-Ghazi,mkm,Normal,0.98,0.35,0.18
2026-10-08,"Otawara, Soaring City",neo,Normal,27.38,42.99,24.35
2026-10-08,Dowsing Dagger // Lost Vale,xln,Normal,7.29,7.99,5.37
2026-10-08,Sword of Hearth and Home,tmc,Foil,12.75,14.99,9.07
2026-10-08,Abhorrent Oculus,pdsk,Normal,12.23,16.99,14.0
2026-10-08,Dour Port-Mage,blb,Normal,3.8,4.99,2.54
2026-10-08,"Thassa, Deep-Dwelling",thb,Foil,35.04,44.99,25.0
2026-10-08,Bender's Waterskin,tla,Normal,0.93,1.79,0.97
2026-10-08,Island,j25,Normal,0.16,0.35,0.1
2026-10-08,Hide on the Ceiling,spm,Normal,0.96,1.79,1.02
2026-10-08,Relic of Legends,dmu,Normal,2.32,2.29,1.32
2026-10-08,"Wan Shi Tong, All-Knowing",tle,Foil,3.74,4.49,3.63
2026-10-08,Wurmcoil Engine,sld,Foil,10.18,11.99,10.97
2026-10-08,Essence Flux,inr,Normal,1.97,2.29,0.85
2026-10-08,Siren Stormtamer,cmr,Normal,0.45,0.69,0.73
2026-10-08,Glitch Interpreter,dsc,Normal,0.33,0.49,0.3
2026-10-08,Enigma Thief,znc,Normal,0.38,0.99,0.47
2026-10-08,Primordial Mist,dsc,Normal,0.33,0.49,0.25
2026-10-08,"Sash and Waistcoat, Unmen",mbc,Normal,,,
2026-10-08,Ur-Golem's Eye,dst,Normal,0.32,0.49,0.18
2026-10-08,Scourge of Fleets,jou,Normal,0.54,1.49,0.99
2026-10-08,Spellskite,sld,Normal,15.49,16.99,16.44
2026-10-08,Sol Talisman,mh2,Normal,1.18,1.79,0.81
2026-10-08,Gossip's Talent,blb,Foil,0.39,0.49,0.25
2026-10-08,Voidwalk,gtc,Normal,0.26,0.35,0.46
2026-10-08,Zoetic Cavern,fut,Normal,0.4,0.49,0.26
2026-10-08,Scroll of Fate,c19,Normal,0.3,0.49,0.1
2026-10-08,Willbender,lgn,Normal,0.25,0.35,0.18
2026-10-08,Ghostly Flicker,sld,Foil,6.24,14.99,9.0
2026-10-08,Thran Dynamo,blc,Normal,4.34,3.49,2.57
2026-10-08,Hedron Archive,c21,Normal,0.32,0.59,0.16
2026-10-08,Marang River Regent // Coil and Catch,tdm,Foil,2.08,2.49,2.5
2026-10-08,Abandoned Air Temple,tla,Normal,5.57,9.99,7.3
2026-10-08,"Agent Bishop, Man in Black",tmt,Normal,0.32,0.99,0.18
2026-10-08,Sakura-Tribe Elder,plg24,Foil,3.38,3.99,2.15
2026-10-08,Birds of Paradise,sld,Foil,55.85,64.99,66.45
2026-10-08,Farseek,ltc,Normal,1.7,1.99,1.29
2026-10-08,Three Visits,sld,Foil,53.19,69.99,36.95
2026-10-08,Utopia Sprawl,pf26,Foil,4.33,5.49,5.0
2026-10-08,Nature's Lore,sld,Foil,12.41,11.99,8.8
2026-10-08,"Anim Pakal, Thousandth Moon",lci,Normal,4.98,6.49,4.18
2026-10-08,Botanical Brawler,mom,Normal,0.3,0.35,0.21
2026-10-08,Commander Liara Portyr,clb,Normal,0.23,0.35,0.23
2026-10-08,Dusk Legion Duelist,mom,Normal,2.44,3.49,1.7
2026-10-08,"Etali, Primal Conqueror // Etali, Primal Sickness",mom,Normal,29.38,37.99,21.29
2026-10-08,Path to Exile,who,Normal,1.68,2.79,1.42
2026-10-08,Healer's Hawk,fdn,Foil,0.31,0.49,0.06
2026-10-08,"Kutzil, Malamet Exemplar",lci,Normal,3.47,3.49,2.73
2026-10-08,Peregrin Took,ltr,Normal,1.11,0.79,0.17
2026-10-08,"Ozolith, the Shattered Spire",mom,Foil,8.89,11.99,5.49
2026-10-08,Kami of Whispered Hopes,mom,Normal,6.12,7.49,2.57
2026-10-08,Rosie Cotton of South Lane,ltr,Normal,0.37,0.49,0.38
2026-10-08,Share the Spoils,afc,Normal,3.72,6.99,5.37
2026-10-08,Sovereign Okinec Ahau,lci,Normal,5.08,3.99,3.04
2026-10-08,Swords to Plowshares,brc,Normal,2.0,3.99,2.99
2026-10-08,The Ozolith,sld,Foil,68.96,79.99,46.79
2026-10-08,Germination Practicum,sos,Normal,12.42,13.99,6.29
2026-10-08,Improvisation Capstone,sos,Normal,13.73,18.99,15.99
2026-10-08,Patrolling Peacemaker,eoc,Normal,2.01,2.79,1.87
2026-10-08,Avatar's Wrath,tla,Normal,3.54,6.99,4.02
2026-10-08,Bigger on the Inside,who,Normal,0.49,0.59,0.62
2026-10-08,Exploration,dmr,Normal,30.54,37.99,26.75
2026-10-08,Generous Pup,j25,Normal,7.77,12.99,6.4
2026-10-08,Esper Sentinel,mh2,Normal,60.56,74.99,41.0
2026-10-08,Kami of Celebration,nec,Normal,1.1,1.29,0.43
2026-10-08,Terrasymbiosis,eoe,Normal,9.77,12.99,11.76
2026-10-08,Rhythm of the Wild,sld,Foil,15.6,16.99,8.5
2026-10-08,"Mikey & Leo, Chaos & Order",tmt,Normal,3.86,5.49,3.44
2026-10-08,Kodama of the West Tree,neo,Normal,20.47,24.99,16.14
2026-10-08,"Halana and Alena, Partners",fdn,Normal,0.37,0.69,0.75
2026-10-08,Ouroboroid,eoe,Normal,44.06,57.99,36.0
2026-10-08,The Ooze,tmt,Normal,5.08,8.49,5.12
2026-10-08,Agatha's Soul Cauldron,woe,Normal,41.1,54.99,32.53
2026-10-08,Hardened Scales,wot,Normal,4.75,5.99,3.59
2026-10-08,"Laelia, the Blade Reforged",mh3,Normal,2.11,2.79,0.94
2026-10-08,Champion of Lambholt,ncc,Normal,4.11,4.49,2.5
2026-10-08,Speaker of the Heavens,plst,Normal,0.47,0.69,0.57
2026-10-08,Beast Within,cmr,Normal,1.06,1.49,1.35
2026-10-08,Suspend Aggression,sos,Normal,0.24,0.49,0.11
2026-10-08,Generous Gift,blc,Normal,1.87,2.79,1.41
2026-10-08,Call Forth the Tempest,hoc,Normal,19.15,27.99,18.33
2026-10-08,Guff Rewrites History,cmm,Normal,3.06,4.49,4.14
2026-10-08,Dispatch,eoc,Normal,0.38,1.49,2.74
2026-10-08,Chaos Warp,c20,Normal,0.7,0.99,0.74
2026-10-08,"Arwen, Weaver of Hope",ltc,Normal,4.9,5.99,5.58
2026-10-08,Heartwood Crafter // Soul Tether,fra,Normal,0.26,0.49,0.15
2026-10-08,Studious First-Year // Rampant Growth,sos,Normal,0.28,0.39,0.19
2026-10-08,Falcon and Redwing,msc,Normal,0.64,1.49,0.52
2026-10-08,Shroofus Sproutsire,j25,Normal,5.27,8.99,5.0
2026-10-08,Wild Wasteland,pip,Normal,1.2,2.99,2.11
2026-10-08,Mosswort Bridge,c18,Normal,0.42,0.69,0.23
2026-10-08,Yotian Dissident,bro,Normal,0.28,0.35,0.09
2026-10-08,Inspiring Statuary,brr,Normal,0.79,1.79,0.65
2026-10-08,"Rocco, Street Chef",mat,Foil,0.65,2.99,0.94
2026-10-08,Aerial Responder,kld,Normal,0.14,0.35,0.1
2026-10-08,Thundering Raiju,neo,Foil,0.67,0.79,0.62
2026-10-08,Forest,otj,Foil,0.35,0.99,0.31
2026-10-08,Mountain,otj,Foil,0.34,0.79,0.24
2026-10-08,Plains,otj,Foil,0.39,0.79,0.15
2026-10-08,Command Tower,c17,Normal,0.37,0.69,0.1
2026-10-08,Hushwood Verge,dsk,Normal,9.5,13.99,6.66
2026-10-08,Jetmir's Garden,snc,Normal,15.28,21.99,13.32
2026-10-08,Thornspire Verge,dsk,Normal,5.95,8.99,4.98
2026-10-08,Exotic Orchard,c21,Normal,0.29,0.59,0.25
2026-10-08,Sunbillow Verge,dft,Normal,11.4,19.99,9.96
2026-10-08,Sacred Foundry,rvr,Normal,11.81,17.99,10.75
2026-10-08,"Yavimaya, Cradle of Growth",mh2,Normal,17.14,21.99,11.61
2026-10-08,"Boseiju, Who Endures",neo,Normal,48.9,64.99,40.4
2026-10-08,Commercial District,mkm,Normal,7.81,11.99,7.15
2026-10-08,Plateau,3ed,Normal,390.15,549.99,257.5
2026-10-08,Lush Portico,mkm,Normal,7.2,9.99,6.39
2026-10-08,Rockfall Vale,inr,Normal,3.86,4.99,1.25
2026-10-08,Wooded Foothills,mh3,Normal,18.89,29.99,16.47
2026-10-08,Taiga,3ed,Normal,449.66,549.99,210.0
2026-10-08,Stomping Ground,rvr,Normal,8.71,9.99,6.5
2026-10-08,Bountiful Promenade,clb,Normal,8.9,12.99,9.0
2026-10-08,Clifftop Retreat,tdc,Normal,0.35,0.69,0.39
2026-10-08,Rootbound Crag,tdc,Normal,0.43,1.29,0.46
2026-10-08,Overgrown Farmland,inr,Normal,4.35,5.49,1.0
2026-10-08,Spectator Seating,cmm,Normal,11.32,12.99,13.42
2026-10-08,Sundown Pass,inr,Normal,3.21,5.99,3.42
2026-10-08,Spire Garden,clb,Normal,7.15,9.49,7.36
2026-10-08,Temple Garden,rvr,Normal,8.6,11.99,8.98
2026-10-08,Savannah,3ed,Normal,412.51,549.99,290.0
2026-10-08,Arid Mesa,mh2,Normal,30.48,42.99,27.24
2026-10-08,Sunpetal Grove,tdc,Normal,0.55,0.99,0.9
2026-10-08,Windswept Heath,mh3,Normal,12.27,17.99,10.95
2026-10-08,The Echoverse Fulcrum,fra,Normal,3.8,5.99,6.28
2026-10-08,Castle Ardenvale,peld,Normal,2.78,0.79,0.42
2026-10-08,Alhammarret's Archive,c21,Normal,10.55,13.99,10.99
2026-10-08,Loran of the Third Path,blc,Normal,5.54,8.49,4.77
2026-10-08,Claim Jumper,otj,Foil,0.89,1.49,2.0
2026-10-08,Spirited Companion,plst,Normal,0.22,0.69,0.19
2026-10-08,Inspiring Overseer,snc,Normal,0.31,0.69,0.23
2026-10-08,Helpful Hunter,fdn,Normal,0.3,0.59,0.12
2026-10-08,Sun Titan,sld,Normal,6.33,7.99,6.73
2026-10-08,Witch Enchanter // Witch-Blessed Meadow,mh3,Normal,6.23,9.49,4.5
2026-10-08,Pearl Medallion,mh3,Normal,7.54,9.49,4.29
2026-10-08,Clever Concealment,msc,Normal,3.61,5.99,4.56
2026-10-08,Tocasia's Welcome,bro,Normal,3.92,4.49,3.5
2026-10-08,Path to Exile,ltc,Normal,2.14,3.99,1.3
2026-10-08,Swords to Plowshares,dmr,Normal,2.12,3.49,1.38
2026-10-08,Plains,hob,Foil,0.36,0.49,0.56
2026-10-08,Enduring Innocence,dsk,Normal,3.17,5.49,4.27
2026-10-08,Monument to Endurance,dft,Normal,17.13,23.99,18.12
2026-10-08,Razorgrass Ambush // Razorgrass Field,mh3,Normal,0.35,0.39,0.35
2026-10-08,Illustrious Wanderglyph,lcc,Normal,15.2,21.99,18.24
2026-10-08,Charismatic Conqueror,lcc,Normal,23.87,34.99,20.99
2026-10-08,Lotus Field,soc,Normal,2.54,3.49,2.56
2026-10-08,Redemption Choir,lcc,Normal,0.38,0.69,0.64
2026-10-08,Lotus Vale,wth,Normal,47.38,57.99,21.34
2026-10-08,Tataru Taru,fic,Normal,6.14,9.49,6.65
2026-10-08,"Emeria, the Sky Ruin",soc,Normal,7.36,8.49,4.53
2026-10-08,War Room,soc,Normal,5.22,6.49,4.26
2026-10-08,Three Tree City,blb,Normal,47.94,69.99,33.0
2026-10-08,Urza's Cave,mh3,Normal,2.58,3.49,1.41
2026-10-08,Trouble in Pairs,mkc,Normal,25.71,32.99,22.25
2026-10-08,Arid Archway,otj,Normal,1.34,1.79,0.66
2026-10-08,Sand Scout,otc,Normal,5.78,7.99,6.02
2026-10-08,"Haliya, Guided by Light",eoe,Normal,4.48,5.99,3.83
2026-10-08,Soul's Attendant,roe,Normal,8.18,10.99,5.35
2026-10-08,Idol of Oblivion,c19,Normal,2.52,4.99,1.93
2026-10-08,Selfless Spirit,blc,Normal,0.86,1.49,1.05
2026-10-08,Authority of the Consuls,fdn,Normal,5.4,6.49,4.47
2026-10-08,Excise the Imperfect,moc,Normal,0.4,0.99,0.96
2026-10-08,Approach of the Second Sun,sta,Normal,7.84,12.99,4.83
2026-10-08,Moonshaker Cavalry,soc,Normal,9.67,10.99,8.15
2026-10-08,Recruiter of the Guard,mh3,Normal,6.82,7.99,7.07
2026-10-08,Mirror Entity,plst,Normal,1.05,2.29,0.63
2026-10-08,Parting Gust,blb,Foil,1.53,2.49,2.09
2026-10-08,Lazotep Quarry,m3c,Normal,9.07,9.99,6.99
2026-10-08,Knight of the White Orchid,sld,Foil,0.83,3.49,1.92
2026-10-08,Remote Farm,mmq,Normal,0.98,1.29,1.1
2026-10-08,"Boseiju, Who Shelters All",sld,Foil,15.03,20.99,10.9
2026-10-08,Chivalric Alliance,moc,Normal,13.24,20.99,17.36
2026-10-08,Archaeomancer's Map,soc,Normal,1.06,2.29,1.55
2026-10-08,Guardian Scalelord,moc,Normal,3.85,3.49,3.43
2026-10-08,"Legion's Landing // Adanto, the First Fort",xln,Normal,3.45,4.49,2.96
2026-10-08,Fountainport,blb,Normal,3.13,5.49,3.45
2026-10-08,Currency Converter,frc,Normal,0.25,0.59,0.36
2026-10-08,Erode,sos,Normal,7.63,11.99,8.26
2026-10-08,Galadriel's Dismissal,ltc,Normal,29.4,49.99,22.28
2026-10-08,Caretaker's Talent,blb,Normal,12.04,16.99,9.12
2026-10-08,Abolish,pcy,Normal,0.98,1.49,0.74
2026-10-08,"Emeria's Call // Emeria, Shattered Skyclave",znr,Normal,4.16,7.49,2.71
2026-10-08,Kami of False Hope,bok,Normal,1.88,0.99,0.8
2026-10-08,Guide of Souls,mh3,Foil,3.71,4.99,3.0
2026-10-08,Loyal Warhound,blc,Normal,0.58,1.29,0.72
2026-10-08,"Delney, Streetwise Lookout",mkm,Normal,34.71,49.99,33.66
2026-10-08,Kindly Customer,tle,Normal,0.27,0.99,0.49
2026-10-08,Cathar Commando,mid,Normal,0.24,0.35,0.04
2026-10-08,Mentor of the Meek,2x2,Normal,0.56,1.49,0.43
2026-10-08,"Bennie Bracks, Zoologist",mkc,Normal,11.43,12.99,7.77
2026-10-08,Deserted Temple,mh3,Normal,0.8,1.49,0.5
2026-10-08,Scavenger Grounds,msc,Normal,0.3,0.49,0.31
2026-10-08,Welcoming Vampire,vow,Normal,4.16,5.49,2.5
2026-10-08,Angel of Indemnity,soc,Normal,0.39,0.79,0.52
2026-10-08,Horn of Gondor,ltr,Foil,3.36,3.99,0.99
2026-10-08,Touch the Spirit Realm,neo,Normal,0.55,1.79,1.03
2026-10-08,Haunted Library,voc,Normal,0.42,1.29,1.16
2026-10-08,Restoration Seminar,sos,Normal,3.59,5.49,2.52
2026-10-08,Skullclamp,brc,Normal,6.89,10.99,7.33
2026-10-08,The Queen of Dale,hob,Normal,20.37,24.99,20.2
2026-10-08,Sevinne's Reclamation,c19,Normal,0.55,0.69,0.38
2026-10-08,Soul Warden,exo,Normal,3.86,5.49,2.83
2026-10-08,Whitemane Lion,plc,Normal,0.25,0.39,0.02
2026-10-08,Wall of Omens,plst,Normal,0.33,0.35,0.27
2026-10-08,Arcane Signet,p30m,Etched,,,
2026-10-08,"Lonis, Cryptozoologist",mh2,Normal,0.32,0.49,0.33
2026-10-08,Samwise Gamgee,ltr,Foil,3.79,4.49,2.5
2026-10-08,Minas Tirith,ltr,Foil,7.82,9.99,5.99
2026-10-08,Pendelhaven,ath,Normal,3.79,4.49,4.37
2026-10-08,Razortide Bridge,brc,Normal,1.91,2.29,1.36
2026-10-08,Seat of the Synod,brc,Normal,3.17,4.49,1.55
2026-10-08,Trenzalore Clocktower,who,Normal,0.29,0.49,0.18
2026-10-08,"Osgood, Operation Double",who,Normal,0.31,0.49,0.14
2026-10-08,"Venser, Shaper Savant",tsr,Normal,1.4,0.69,1.45
2026-10-08,"Raff Capashen, Ship's Mage",cmm,Normal,0.27,0.35,0.1
2026-10-08,The Shire,ltr,Normal,3.22,3.49,2.69
2026-10-08,Rivendell,ltr,Normal,1.81,2.99,1.99
2026-10-08,"Eiganjo, Seat of the Empire",neo,Foil,6.13,9.99,8.19
2026-10-08,Trial of a Time Lord,who,Normal,0.31,0.49,0.32
2026-10-08,Talisman of Progress,who,Normal,0.46,0.69,0.39
2026-10-08,"Jaheira, Friend of the Forest",clb,Normal,12.76,13.99,7.16
2026-10-08,Ancient Den,mrd,Normal,2.35,3.99,1.22
2026-10-08,Command Tower,who,Normal,0.35,0.69,0.21
2026-10-08,Tree of Tales,mrd,Normal,1.66,2.29,0.98
2026-10-08,Thornglint Bridge,mh2,Normal,0.34,0.35,0.18
2026-10-08,Braided Net // Braided Quipu,lci,Normal,0.29,0.49,0.6
2026-10-08,Flagstones of Trokair,tsr,Normal,3.65,3.99,4.41
2026-10-08,"Okina, Temple to the Grandfathers",chk,Normal,4.72,9.49,2.0
2026-10-08,Tolaria,leg,Normal,7.49,8.49,5.0
2026-10-08,Five Hundred Year Diary,who,Foil,0.8,0.79,0.5
2026-10-08,"Oko, Thief of Crowns",otp,Normal,5.13,6.99,4.29
2026-10-08,Island,who,Foil,0.32,0.79,0.18
2026-10-08,Path of Ancestry,who,Normal,0.26,0.35,0.13
2026-10-08,Inventors' Fair,sld,Foil,22.39,21.99,20.52
2026-10-08,"Crystal Skull, Isu Spyglass",acr,Etched,,,
2026-10-08,Tanglepool Bridge,mh2,Normal,0.27,0.35,0.21
2026-10-08,"Minamo, School at Water's Edge",ltc,Foil,66.54,84.99,46.94
2026-10-08,Haywire Mite,dsc,Normal,1.13,1.29,1.57
2026-10-08,Gandalf the White,ltr,Normal,10.37,14.99,7.9
2026-10-08,"Urza, Lord High Artificer",dmr,Normal,14.91,20.99,14.95
2026-10-08,Azorius Signet,gk2,Normal,0.39,0.79,0.59
2026-10-08,Fellwar Stone,onc,Normal,1.7,2.29,1.12
2026-10-08,Graham O'Brien,who,Foil,0.81,0.49,0.5
2026-10-08,Stridehangar Automaton,drc,Normal,2.52,5.49,3.36
2026-10-08,Officious Interrogation,mkm,Foil,0.22,0.49,0.1
2026-10-08,Transmutation Font,pw24,Foil,1.79,2.29,1.24
2026-10-08,Academy Ruins,2xm,Normal,8.93,10.99,5.9
2026-10-08,Ignis Scientia,fin,Normal,0.24,0.35,0.08
2026-10-08,Serah Farron // Crystallized Serah,fin,Normal,5.02,5.49,4.56
2026-10-08,Eiganjo Castle,sld,Normal,8.55,9.49,20.59
2026-10-08,"Oboro, Palace in the Clouds",ltc,Foil,18.75,32.99,19.0
2026-10-08,Clock of Omens,5dn,Normal,10.0,4.99,3.46
2026-10-08,Forest,who,Normal,0.25,0.49,0.04
2026-10-08,Plains,who,Normal,0.29,0.49,0.05
2026-10-08,Sonic Screwdriver,sld,Foil,49.34,42.99,17.24
2026-10-08,Astrid Peth,who,Normal,4.22,6.49,3.52
2026-10-08,"James, Wandering Dad // Follow Him",pip,Foil,2.95,1.49,1.0
2026-10-08,Spectacular Spider-Man,spm,Normal,6.73,11.99,4.07
2026-10-08,The Blue Spirit,tle,Normal,0.81,1.79,2.31
2026-10-08,The Grey Havens,ltr,Normal,0.33,0.49,0.15
2026-10-08,"Aang, Swift Savior // Aang and La, Ocean's Fury",tla,Foil,7.09,6.99,7.5
2026-10-08,The Cabbage Merchant,tle,Foil,33.93,54.99,27.0
2026-10-08,"Reki, the History of Kamigawa",sld,Foil,16.59,16.99,15.95
2026-10-08,King Solomon's Frogs,msc,Normal,0.27,0.49,0.26
2026-10-08,Great Hall of the Citadel,ltr,Foil,0.42,0.99,0.14
2026-10-08,"Mutagen Man, Living Ooze",tmt,Foil,3.78,4.99,2.97
2026-10-08,"Growing Rites of Itlimoc // Itlimoc, Cradle of the Sun",lci,Normal,9.17,10.99,5.77
2026-10-08,Sol Ring,sld,Foil,17.73,20.99,18.5
2026-10-08,Spara's Headquarters,psnc,Normal,14.89,17.99,10.9
2026-10-08,Plaza of Heroes,dmu,Foil,10.13,14.99,8.74
2026-10-08,"Mondrak, Glory Dominus",one,Normal,48.57,74.99,31.0
2026-10-08,Misty Rainforest,zne,Normal,54.1,57.99,34.99
2026-10-08,Windswept Heath,zne,Normal,31.86,32.99,27.99
2026-10-08,Flooded Strand,zne,Normal,34.37,39.99,34.99
2026-10-08,Tropical Island,3ed,Normal,600.14,699.99,352.5
2026-10-08,Tundra,3ed,Normal,695.59,849.99,372.5
2026-10-08,"Mona Lisa, Ever Adaptable",tmc,Normal,3.55,5.49,3.55
2026-10-08,"Yavimaya, Cradle of Growth",ltc,Normal,52.34,74.99,58.0
2026-10-08,"Adrix and Nev, Twincasters",c21,Foil,8.41,8.99,5.99
2026-10-08,Academy Manufactor,sld,Foil,15.61,20.99,9.99
2026-10-08,"Donatello, the Brains",tmc,Foil,0.71,0.99,0.57
2026-10-08,The Wondrous Wasp,msh,Normal,0.84,1.99,1.1
2026-10-08,"King T'Challa // Black Panther, Hope Enduring",msh,Normal,17.38,21.99,16.9
2026-10-08,"Mister Fantastic, Reed Richards",msh,Normal,0.31,0.59,0.31
2026-10-08,"Tippy-Toe, Terrific Partner",sld,Normal,11.48,16.99,20.69
2026-10-08,"Justice, Vance Astrovik",msh,Normal,0.13,0.35,0.15
2026-10-08,"Meatsqueak, Hoard Lord",mbc,Normal,,,
2026-10-08,Cryptolith Fragment // Aurora of Emrakul,inr,Normal,0.36,0.69,0.15
2026-10-08,"Lita, Little Orphan Amphibian",tmt,Foil,0.27,0.49,0.19
2026-10-08,The Goose Mother,woe,Normal,0.43,0.49,0.5
2026-10-08,"Elena, Turk Recruit",fic,Normal,0.24,0.49,0.17
2026-10-08,Sarah Jane Smith,who,Foil,1.71,0.99,0.59
2026-10-08,"The Theorist, Jace Beleren",fra,Normal,44.94,42.99,30.49
2026-10-08,Cyclonic Rift,soa,Normal,31.72,42.99,26.33
2026-10-08,The Fourth Doctor,who,Foil,1.22,0.99,1.0
2026-10-08,Battlefield Forge,c21,Normal,0.43,0.69,0.8
2026-10-08,Path of Ancestry,m3c,Normal,0.3,0.35,0.17
2026-10-08,The Gaffer,ltc,Normal,6.9,9.99,8.16
2026-10-08,Genji Glove,fin,Normal,8.08,13.99,5.74
2026-10-08,Descent into Avernus,sld,Foil,17.65,24.99,19.99
2026-10-08,Ingris Stingerquill,fra,Normal,13.57,15.99,7.76
2026-10-08,Tymna the Weaver,c16,Foil,31.47,27.99,34.75
2026-10-08,"Arabella, Abandoned Doll",dsk,Normal,0.85,0.79,0.35
2026-10-08,"Vito, Thorn of the Dusk Rose",pm21,Foil,11.24,15.99,10.69
2026-10-08,Professional Face-Breaker,snc,Normal,6.46,9.99,4.99
2026-10-08,Guild Artisan,clb,Normal,0.27,0.59,0.21
2026-10-08,"Elas il-Kor, Sadistic Pilgrim",dmu,Normal,0.66,2.29,0.82
2026-10-08,Arbaaz Mir,acr,Normal,0.29,0.35,0.05
2026-10-08,"Prosper, Tome-Bound",afc,Foil,6.73,8.49,6.99
2026-10-08,Access Tunnel,ltc,Normal,0.46,0.79,0.61
2026-10-08,"Shizo, Death's Storehouse",dmc,Normal,34.19,37.99,22.39
2026-10-08,Arcane Signet,nec,Normal,0.76,0.79,0.45
2026-10-08,Talisman of Hierarchy,pip,Normal,0.69,0.99,1.01
2026-10-08,Boros Signet,c15,Normal,0.54,1.49,0.58
2026-10-08,Talisman of Conviction,ltc,Normal,0.4,0.99,0.29
2026-10-08,Talisman of Indulgence,40k,Normal,3.64,4.99,2.19
2026-10-08,Silver Shroud Costume,sld,Foil,10.97,16.99,8.97
2026-10-08,Inkshield,sld,Foil,10.7,13.99,9.0
2026-10-08,Damn,mh2,Normal,1.79,3.49,1.98
2026-10-08,Sundering Eruption // Volcanic Fissure,mh3,Normal,1.54,2.99,1.42
2026-10-08,Steelshaper's Gift,sld,Foil,13.74,18.99,9.95
2026-10-08,Dusk // Dawn,blc,Normal,0.3,0.59,0.25
2026-10-08,Duelist's Heritage,tle,Normal,2.47,5.49,2.98
2026-10-08,Thieves' Tools,clb,Foil,0.31,0.49,0.1
2026-10-08,Lightning Greaves,c19,Normal,4.87,7.49,2.58
2026-10-08,"Daxos, Blessed by the Sun",thb,Normal,0.28,0.49,0.13
2026-10-08,"Gollum, Obsessed Stalker",ltc,Normal,0.33,0.49,0.4
2026-10-08,"Subira, Tulzidi Caravanner",m21,Normal,0.31,0.49,0.17
2026-10-08,"Deadpool, Trading Card",sld,Foil,15.11,18.99,19.0
2026-10-08,Brash Taunter,m21,Normal,3.97,3.99,1.62
2026-10-08,Exotic Orchard,c19,Normal,0.31,0.49,0.18
2026-10-08,Rogue's Passage,ltc,Normal,0.76,1.29,0.46
2026-10-08,"Saradoc, Master of Buckland",ltr,Normal,0.32,0.69,0.28
2026-10-08,"Mangara, the Diplomat",blc,Normal,0.52,0.99,0.75
2026-10-08,Fellwar Stone,ncc,Normal,1.44,1.79,1.03
2026-10-08,Orzhov Signet,brc,Normal,0.6,1.49,0.59
2026-10-08,Deadly Rollick,sld,Foil,27.48,37.99,20.3
2026-10-08,"Mjölnir, Hammer of Thor",msh,Normal,15.3,22.99,16.87
2026-10-08,"Shanid, Sleepers' Scourge",dmc,Foil,2.98,3.99,0.8
2026-10-08,"Black Widow, Agile Avenger",msc,Normal,6.16,8.99,7.45
2026-10-08,"General Kreat, the Boltbringer",j25,Normal,6.49,10.99,7.8
2026-10-08,Savai Triome,iko,Normal,17.15,27.99,15.14
2026-10-08,Darkstar Augur,blb,Normal,2.0,2.29,1.16
2026-10-08,Brotherhood Regalia,acr,Foil,10.35,17.99,9.77
2026-10-08,"Lotho, Corrupt Shirriff",ltr,Normal,11.09,13.99,12.65
2026-10-08,Loran of the Third Path,bro,Normal,7.92,11.99,5.95
2026-10-08,"Moseo, Vein's New Dean",sos,Foil,1.0,0.79,1.07
2026-10-08,"Minas Morgul, Dark Fortress",ltc,Foil,11.41,16.99,19.25
2026-10-08,Eiganjo Castle,chk,Normal,14.88,10.99,8.04
2026-10-08,Fabled Passage,tmc,Normal,1.92,1.79,1.77
2026-10-08,Clifftop Retreat,pip,Normal,0.33,0.69,0.37
2026-10-08,Caves of Koilos,dmu,Normal,3.02,6.49,2.99
2026-10-08,Isolated Chapel,ltc,Normal,0.5,1.29,1.49
2026-10-08,Fetid Heath,tdc,Normal,0.54,0.79,0.56
2026-10-08,Knuckles the Echidna,sld,Foil,23.28,27.99,23.22
2026-10-08,Scheming Silvertongue // Sign in Blood,sos,Foil,1.68,1.49,1.44
2026-10-08,Villainous Wrath,spm,Foil,1.21,1.49,1.0
2026-10-08,Swamp,mkm,Foil,0.63,1.49,0.4
2026-10-08,Mountain,mkm,Normal,0.33,0.79,0.2
2026-10-08,Plains,mkm,Foil,0.33,1.99,0.63
2026-10-08,Blood Crypt,rvr,Normal,10.03,14.99,11.99
2026-10-08,Scrubland,3ed,Normal,452.56,599.99,250.0
2026-10-08,Arid Mesa,zne,Normal,46.83,54.99,28.5
2026-10-08,Marsh Flats,zne,Normal,46.58,69.99,34.0
2026-10-08,Badlands,3ed,Normal,590.77,749.99,260.0
2026-10-08,Bloodstained Mire,zne,Normal,38.32,44.99,24.99
2026-10-08,Godless Shrine,rvr,Normal,9.66,13.99,11.99
2026-10-08,Witch Enchanter // Witch-Blessed Meadow,mh3,Foil,7.37,10.99,4.98
2026-10-08,Chaos Warp,sld,Foil,10.54,12.99,7.25
2026-10-08,Wayfarer's Bauble,sld,Foil,5.07,7.49,1.67
2026-10-08,Aggravated Assault,sld,Foil,31.19,32.99,16.97
2026-10-08,"Kellan, the Fae-Blooded // Birthright Boon",woe,Normal,6.33,7.49,5.5
2026-10-08,The Reaver Cleaver,sld,Normal,26.95,34.99,17.0
2026-10-08,Stoneforge Mystic,spg,Normal,40.04,42.99,25.0
2026-10-08,"Kediss, Emberclaw Familiar",sld,Foil,14.88,14.99,13.45
2026-10-08,Command Tower,pw25,Foil,11.25,12.99,6.48
2026-10-08,Embiggen,unf,Normal,0.22,0.79,0.1
2026-10-08,Empyrial Armor,wth,Normal,0.31,0.35,0.04
2026-10-08,Empyrial Plate,c16,Normal,1.85,2.79,1.26
2026-10-08,"Inner Calm, Outer Strength",sok,Normal,0.28,0.35,0.02
2026-10-08,Wild Defiance,avr,Normal,0.68,0.99,0.3
2026-10-08,Reliquary Tower,brc,Normal,5.76,8.99,4.87
2026-10-08,Llanowar Elves,7ed,Normal,0.53,0.79,0.43
2026-10-08,Phytoburst,dgm,Normal,0.19,0.35,0.05
2026-10-08,Flaming Fist,clb,Normal,0.27,0.35,0.09
2026-10-08,Might of the Nephilim,dis,Normal,0.58,1.29,0.2
2026-10-08,Tamiyo's Safekeeping,neo,Normal,4.85,8.49,3.69
2026-10-08,Ranger's Guile,isd,Normal,0.2,0.35,0.19
2026-10-08,Scent of Ivy,uds,Normal,0.23,0.35,0.35
2026-10-08,Tyvar's Stand,one,Normal,1.61,3.49,1.2
2026-10-08,Scale Up,mh1,Normal,0.46,0.79,0.23
2026-10-08,Titanic Growth,one,Normal,0.23,0.35,0.16
2026-10-08,Arbor Elf,pw21,Normal,0.48,1.49,0.75
2026-10-08,Swords to Plowshares,40k,Normal,2.35,3.99,1.3
2026-10-08,Path to Exile,ss2,Normal,2.01,2.79,1.74
2026-10-08,Blossoming Defense,kld,Normal,0.33,0.79,0.49
2026-10-08,Summer Bloom,2x2,Normal,1.82,1.99,0.22
2026-10-08,Spellbook,9ed,Normal,2.86,4.99,0.5
2026-10-08,Revive,mmq,Normal,0.2,0.39,0.03
2026-10-08,Regrowth,sta,Normal,1.41,1.49,0.76
2026-10-08,Groundswell,wwk,Normal,0.33,0.59,0.25
2026-10-08,Birds of Paradise,dmr,Normal,11.37,15.99,15.97
2026-10-08,Bridgeworks Battle // Tanglespan Bridgeworks,mh3,Normal,1.35,1.99,1.13
2026-10-08,Choose Your Weapon,afr,Normal,0.24,0.35,0.1
2026-10-08,Bounty of the Hunt,all,Normal,0.42,0.69,1.3
2026-10-08,Become Immense,ktk,Normal,0.27,0.35,0.1
2026-10-08,Collective Resistance,mh3,Normal,2.43,2.99,2.14
2026-10-08,Snakeskin Veil,sta,Normal,0.32,1.29,0.23
2026-10-08,Elvish Mystic,m15,Normal,0.58,1.79,0.8
2026-10-08,Vines of Vastwood,zen,Normal,1.74,2.49,1.39
2026-10-08,Wild Growth,ice,Normal,0.66,0.99,0.68
2026-10-08,Fyndhorn Elves,p30a,Foil,,7.49,4.91
2026-10-08,Might of Old Krosa,tsp,Normal,0.3,0.39,0.15
2026-10-08,Overprotect,blb,Foil,2.36,3.49,1.38
2026-10-08,Ram Through,iko,Normal,0.42,0.79,0.67
2026-10-08,Command Tower,cmr,Normal,0.33,0.69,0.29
2026-10-08,Sol Ring,c14,Normal,1.99,2.99,0.65
2026-10-08,Blacksmith's Skill,mh2,Normal,0.36,0.79,0.16
2026-10-08,Defend the Rider,dft,Normal,0.81,2.49,1.63
2026-10-08,Delighted Halfling,ltr,Normal,24.9,32.99,21.34
2026-10-08,Razorverge Thicket,blc,Normal,0.4,0.99,0.8
2026-10-08,Horizon Canopy,ima,Normal,4.58,6.49,3.45
2026-10-08,Branchloft Pathway // Boulderloft Pathway,znr,Normal,3.54,4.99,3.3
2026-10-08,Dual-Sun Technique,eoe,Normal,0.25,0.35,0.14
2026-10-08,Voice of Victory,tdm,Normal,21.24,29.99,20.8
2026-10-08,Grow Extra Arms,spm,Normal,0.13,0.35,0.05
2026-10-08,Avacyn's Pilgrim,pf25,Foil,4.16,6.49,7.49
2026-10-08,Chrome Mox,2xm,Normal,166.69,179.99,78.0
2026-10-08,Crop Rotation,soa,Foil,4.59,6.99,4.33
2026-10-08,Gift of the Viper,mh3,Normal,0.27,0.35,0.35
2026-10-08,Enlightened Tutor,6ed,Normal,36.48,44.99,30.0
2026-10-08,"Heliod, Sun-Crowned",thb,Normal,20.47,29.99,11.9
2026-10-08,Lotus Petal,mb2,Normal,35.01,44.99,26.66
2026-10-08,Elvish Spirit Guide,dmr,Normal,3.54,3.99,1.54
2026-10-08,Invigorate,2xm,Foil,0.45,0.79,0.29
2026-10-08,Walking Ballista,mb2,Normal,8.87,11.99,8.0
2026-10-08,Mutagenic Growth,nph,Normal,1.58,2.79,2.39
2026-10-08,Rustler Rampage,otj,Normal,0.26,0.39,0.02
2026-10-08,Tifa's Limit Break,fin,Normal,0.3,0.35,0.19
2026-10-08,Feral Ferocity,msc,Normal,0.21,0.99,0.25
2026-10-08,Forest,dmu,Foil,0.22,0.49,0.24
2026-10-08,Bala Ged Recovery // Bala Ged Sanctuary,znr,Normal,6.92,10.99,5.48
2026-10-08,Graduation Day,sos,Normal,0.26,0.35,0.11
2026-10-08,Giant Growth,soa,Normal,0.26,0.35,0.11
2026-10-08,Forbidden Orchard,c16,Normal,10.09,16.99,5.99
2026-10-08,Berserk,soa,Normal,7.25,10.99,9.02
2026-10-08,Royal Treatment,soa,Normal,0.24,0.35,0.37
2026-10-08,Mana Confluence,jou,Normal,35.54,44.99,28.92
2026-10-08,Plains,40k,Foil,1.14,,
2026-10-08,Verdant Catacombs,zne,Normal,50.23,49.99,39.99
2026-10-08,Prismatic Vista,zne,Normal,41.45,59.99,30.0
2026-10-08,Wooded Foothills,zne,Normal,31.74,37.99,24.95
2026-10-08,Brushland,bro,Normal,4.31,4.49,2.32
2026-10-08,Utopia Sprawl,sld,Foil,7.78,10.99,7.3
2026-10-08,Gemstone Caverns,eos,Normal,90.26,109.99,74.98
2026-10-08,Sergeant John Benton,who,Foil,12.06,9.99,7.5
2026-10-08,City of Brass,2x2,Normal,27.37,27.99,23.31
2026-10-08,Bojuka Bog,brc,Normal,3.65,5.99,2.8
2026-10-08,Blood Artist,plst,Normal,3.81,4.49,2.27
2026-10-08,"Journey to Eternity // Atzal, Cave of Eternity",rix,Normal,5.02,6.49,7.01
2026-10-08,Dread Return,cmm,Normal,0.68,1.29,0.81
2026-10-08,Viridian Emissary,mbs,Normal,0.25,0.35,0.15
2026-10-08,Woodland Cemetery,sld,Foil,18.04,18.99,13.02
2026-10-08,Thespian's Stage,who,Normal,0.43,0.79,0.71
2026-10-08,Stitcher's Supplier,m19,Normal,0.48,0.99,1.63
2026-10-08,Noxious Gearhulk,moc,Normal,0.84,1.29,0.75
2026-10-08,Command Tower,cc1,Normal,4.25,4.49,1.99
2026-10-08,Necron Deathmark,40k,Normal,4.7,8.49,6.44
2026-10-08,Satyr Wayfinder,znc,Normal,0.2,0.35,0.05
2026-10-08,Skullwinder,m3c,Normal,0.36,0.35,0.14
2026-10-08,Chthonian Nightmare,mh3,Foil,4.57,9.99,5.99
2026-10-08,Rise of the Witch-king,ltr,Normal,0.54,0.79,0.3
2026-10-08,Fabled Passage,eoc,Normal,1.26,2.79,1.5
2026-10-08,Clifftop Lookout,blb,Normal,0.28,0.49,0.1
2026-10-08,Ripples of Undeath,mh3,Normal,8.88,11.99,6.64
2026-10-08,Primal Druid,emn,Normal,0.22,0.35,0.05
2026-10-08,Undergrowth Stadium,cmr,Normal,6.74,10.99,5.99
2026-10-08,"Takenuma, Abandoned Mire",neo,Normal,10.71,17.99,10.27
2026-10-08,Eternal Witness,m3c,Normal,2.32,2.49,1.37
2026-10-08,Zulaport Cutthroat,bfz,Normal,1.86,2.79,1.55
2026-10-08,"Sephiroth, Fabled SOLDIER // Sephiroth, One-Winged Angel",fin,Normal,27.96,39.99,30.55
2026-10-08,Field of the Dead,slc,Normal,26.79,32.99,21.58
2026-10-08,Haywire Mite,bro,Normal,1.38,0.99,0.95
2026-10-08,Blossoming Tortoise,woe,Normal,4.88,6.99,5.25
2026-10-08,Deathcap Glade,vow,Foil,8.58,6.99,5.99
2026-10-08,Metamorphosis Fanatic,dsc,Normal,5.76,8.99,6.75
2026-10-08,Prowling Geistcatcher,mic,Normal,0.57,0.79,0.71
2026-10-08,Wastewood Verge,dft,Normal,9.51,14.99,8.63
2026-10-08,Accursed Marauder,mh3,Normal,0.34,0.59,0.38
2026-10-08,Vein Ripper,mkm,Foil,7.28,11.99,7.77
2026-10-08,"Urborg, Tomb of Yawgmoth",tsr,Normal,55.25,59.99,39.7
2026-10-08,Birthing Ritual,mh3,Normal,3.98,5.99,5.77
2026-10-08,"Braids, Arisen Nightmare",dmu,Normal,4.27,6.99,3.32
2026-10-08,Wight of the Reliquary,mh3,Normal,0.9,1.29,0.62
2026-10-08,Spinner of Souls,fdn,Normal,0.84,0.99,0.93
2026-10-08,"Lumra, Bellow of the Woods",blb,Normal,28.7,39.99,27.62
2026-10-08,Incarnation Technique,c21,Normal,9.64,18.99,15.29
2026-10-08,Skyfisher Spider,bro,Normal,0.25,0.39,0.12
2026-10-08,Vernal Fen,eoc,Normal,2.58,2.29,1.74
2026-10-08,"Vraska, the Cutting Glare",fra,Normal,0.37,0.49,0.6
2026-10-08,"Pia, Aether Ascetic",fra,Normal,1.0,2.49,0.5
2026-10-08,"Winter, Tormented Loner",fra,Normal,0.44,0.35,0.38
2026-10-08,Simulacrum Shaper,fra,Normal,1.99,2.49,2.59
2026-10-08,Primal Witchstalker,fra,Normal,0.31,0.35,0.18
2026-10-08,Aftermath Analyst,mkm,Normal,2.33,1.49,1.53
2026-10-08,Reclamation Sage,fdn,Normal,0.32,0.69,0.35
2026-10-08,Umbral Collar Zealot,eoe,Foil,1.08,2.49,1.54
2026-10-08,Disciple of Freyalise // Garden of Freyalise,mh3,Normal,5.25,7.99,3.27
2026-10-08,Living Death,ltc,Normal,7.37,8.49,3.94
2026-10-08,Underground Mortuary,mkm,Normal,16.21,22.99,15.71
2026-10-08,Hedge Shredder,dsk,Normal,3.21,3.99,1.79
2026-10-08,Altar of Dementia,brr,Normal,24.37,34.99,23.35
2026-10-08,Icetill Explorer,eoe,Normal,23.94,39.99,27.27
2026-10-08,Stinkweed Imp,gk1,Normal,2.12,1.29,1.19
2026-10-08,Cauldron of Essence,sos,Normal,4.53,5.99,3.99
2026-10-08,Dark Matter Manipulator,fra,Normal,1.01,2.99,1.26
2026-10-08,Snow-Covered Forest,mb2,Normal,2.14,3.49,1.99
2026-10-08,Fanatic of Rhonas,mh3,Normal,14.83,23.99,15.87
2026-10-08,Llanowar Wastes,bro,Normal,4.06,6.49,3.99
2026-10-08,Merchant of Venom,soc,Normal,0.32,0.49,0.2
2026-10-08,Colossal Grave-Reaver,tdc,Normal,10.85,17.99,11.16
2026-10-08,"Armaggon, Future Shark",tmt,Foil,2.36,1.99,1.94
2026-10-08,Snow-Covered Swamp,mb2,Normal,1.95,3.99,1.89
2026-10-08,Nurturing Peatland,mh1,Normal,6.54,8.99,5.07
2026-10-08,Phyrexian Tower,jmp,Normal,29.56,44.99,28.0
2026-10-08,Twilight Mire,blc,Normal,0.44,0.79,0.54
2026-10-08,Golgari Thug,rvr,Foil,2.89,4.49,2.0
2026-10-08,Shifting Woodland,mh3,Normal,7.01,11.99,5.38
2026-10-08,The Meathook Massacre,inr,Normal,35.35,47.99,27.5
2026-10-08,Turbulent Fen,soc,Normal,8.3,9.99,6.46
2026-10-08,Bayou,3ed,Normal,494.87,699.99,269.0
2026-10-08,"Mole Man, Moloid Master",msh,Normal,1.38,2.99,2.51
2026-10-08,Springheart Nantuko,mh3,Normal,8.5,11.99,5.12
2026-10-08,Orcish Bowmasters,ltr,Normal,52.28,69.99,39.5
2026-10-08,Liliana the Repentant,fra,Normal,2.95,7.49,3.34
2026-10-08,Bloodghast,zen,Normal,4.25,5.99,1.85
2026-10-08,Six,mh3,Foil,30.0,44.99,19.67
2026-10-08,Wood Elves,s99,Normal,5.42,6.49,1.99
2026-10-08,Forest,hob,Foil,0.42,0.49,0.42
2026-10-08,Swamp,hob,Foil,0.3,0.49,0.46
2026-10-08,Overgrown Tomb,ecl,Normal,9.32,13.99,8.43
2026-10-08,"Tom, Bert, and William",purl,Normal,,,2.07
2026-10-08,Great Hall of the Citadel,ltr,Normal,0.34,0.79,0.2
2026-10-08,Hall of Echoes,fra,Normal,5.92,7.49,4.93
2026-10-08,Plaza of Heroes,dmu,Normal,6.24,7.49,7.11
2026-10-08,Arena,mb2,Normal,0.99,3.49,2.05
2026-10-08,Cavern of Souls,lci,Normal,51.31,64.99,35.5
2026-10-08,City of Shadows,me3,Normal,,,121.65
2026-10-08,Maze of Ith,dmr,Foil,16.76,22.99,16.75
2026-10-08,Desert of the Indomitable,m3c,Normal,0.3,0.35,0.12
2026-10-08,Wasteland,slc,Normal,16.07,23.99,11.0
2026-10-08,Scorched Ruins,wth,Normal,61.67,74.99,34.83
2026-10-08,Castle Garenbrig,eld,Normal,10.68,13.99,5.7
2026-10-08,Ancient Tomb,zne,Normal,139.31,179.99,119.0
2026-10-08,Ash Barrens,cmm,Normal,0.22,0.35,0.12
2026-10-08,Bant Panorama,ala,Normal,0.62,0.49,0.25
2026-10-08,Crystal Vein,cma,Normal,8.74,9.49,9.87
2026-10-08,Emergence Zone,war,Normal,4.04,4.49,3.03
2026-10-08,Forest,blb,Foil,0.32,0.99,0.46
2026-10-08,Ghost Quarter,ltc,Normal,0.65,0.99,0.98
2026-10-08,Grasslands,cmm,Normal,0.36,0.35,0.15
2026-10-08,Hall of the Bandit Lord,chk,Normal,22.11,24.99,9.96
2026-10-08,Havenwood Battleground,c14,Normal,0.39,0.49,0.32
2026-10-08,Hickory Woodlot,mmq,Normal,4.59,6.99,4.2
2026-10-08,Hollow Trees,5ed,Normal,0.81,1.49,0.97
2026-10-08,Homeward Path,ltc,Normal,12.87,20.99,11.94
2026-10-08,Command Beacon,cmr,Normal,9.3,13.99,9.24
2026-10-08,Dryad Arbor,mb2,Normal,3.26,4.49,2.49
2026-10-08,Echoing Deeps,lci,Normal,0.76,0.59,0.89
2026-10-08,Field of the Dead,m20,Normal,28.94,32.99,27.63
2026-10-08,Gemstone Caverns,plst,Normal,62.59,84.99,42.3
2026-10-08,High Market,c21,Normal,2.58,1.49,1.55
2026-10-08,Horizon of Progress,m3c,Normal,4.6,4.99,2.87
2026-10-08,Diamond Valley,me1,Normal,,,1.96
2026-10-08,City of Traitors,tpr,Normal,,,4.78
2026-10-08,Jund Panorama,ala,Normal,0.43,0.39,0.27
2026-10-08,Mage-Ring Network,cmm,Normal,0.36,0.39,0.14
2026-10-08,"Miren, the Moaning Well",sok,Normal,22.53,34.99,7.75
2026-10-08,Mountain Valley,eoc,Normal,0.26,0.35,0.11
2026-10-08,Myriad Landscape,ltc,Foil,3.98,3.99,3.89
2026-10-08,Mystifying Maze,eos,Normal,2.15,2.99,0.9
2026-10-08,Ominous Cemetery,who,Normal,0.31,0.35,0.18
2026-10-08,Pit of Offerings,lci,Normal,0.36,0.69,0.23
2026-10-08,Rushwood Grove,mmq,Normal,0.6,0.79,0.3
2026-10-08,Safe Haven,tsb,Normal,0.49,0.99,0.3
2026-10-08,Sanctum of Eternity,c19,Normal,6.94,9.99,6.82
2026-10-08,Sandstorm Verge,otj,Normal,0.25,0.35,0.08
2026-10-08,Sequestered Stash,kld,Normal,0.15,0.35,0.09
2026-10-08,Shire Terrace,ltr,Normal,0.24,0.39,0.15
2026-10-08,Slippery Karst,dmr,Normal,0.22,0.35,0.05
2026-10-08,Snow-Covered Forest,mh1,Normal,1.14,1.49,0.74
2026-10-08,Tower of the Magistrate,mb2,Normal,1.39,2.29,2.55
2026-10-08,Underdark Rift,afc,Normal,0.46,0.69,0.1
2026-10-08,"Untaidake, the Cloud Keeper",chk,Normal,5.48,5.49,3.49
2026-10-08,Vesuva,slc,Normal,5.06,6.49,3.99
2026-10-08,Winding Canyons,wth,Normal,35.63,42.99,18.13
2026-10-08,Daily Bugle Building,spm,Normal,0.28,0.39,0.08
2026-10-08,"Argoth, Sanctum of Nature",bro,Normal,3.34,5.49,0.91
2026-10-08,Chocobo Camp,fic,Normal,8.87,18.99,4.99
2026-10-08,Northampton Farm,tmt,Normal,0.33,0.49,0.4
2026-10-08,Tranquil Thicket,mh1,Normal,0.22,0.35,0.07
2026-10-08,Sunken Citadel,lci,Normal,0.51,0.69,1.15
2026-10-08,Temple of the False God,cm2,Normal,0.31,0.35,0.89
2026-10-08,Scavenger Grounds,c21,Normal,0.46,0.59,0.5
2026-10-08,Mariposa Military Base,pip,Normal,0.41,0.69,0.19
2026-10-08,Prismatic Vista,mh1,Normal,30.91,39.99,30.7
2026-10-08,Talon Gates of Madara,m3c,Normal,30.22,42.99,25.65
2026-10-08,Terrain Generator,clb,Normal,2.24,3.49,1.8
2026-10-08,Witch's Clinic,c21,Normal,14.88,18.99,9.89
2026-10-08,The Tabernacle at Pendrell Vale,me3,Normal,,,
2026-10-08,Bazaar of Baghdad,vma,Normal,,,747.66
2026-10-08,Mirrorpool,cmm,Normal,2.84,2.99,2.13
2026-10-08,"Lumra, Bellow of the Woods",blb,Foil,116.69,149.99,145.0
2026-10-08,Yavimaya Hollow,vma,Normal,,,
2026-10-08,Leonin Elder,mrd,Normal,0.36,0.49,0.17
2026-10-08,Ashes of the Abhorrent,xln,Normal,0.79,0.79,0.55
2026-10-08,Aunt May,spm,Normal,0.3,0.35,0.06
2026-10-08,Essence Channeler,blb,Foil,1.23,1.49,1.0
2026-10-08,Powerleech,atq,Normal,20.28,21.99,9.94
2026-10-08,"Ajani, Strength of the Pride",m20,Normal,8.58,12.99,7.04
2026-10-08,Ancient Tomb,zne,Foil,173.11,279.99,179.9
2026-10-08,"Yavimaya, Cradle of Growth",mh2,Foil,24.44,24.99,34.95
2026-10-08,Shefet Dunes,otc,Normal,0.3,0.35,0.37
2026-10-08,Branchloft Pathway // Boulderloft Pathway,znr,Foil,4.68,7.99,4.95
2026-10-08,Brushland,bro,Foil,11.25,14.99,5.85
2026-10-08,"Heliod, Sun-Crowned",sld,Foil,31.7,44.99,33.19
2026-10-08,Exemplar of Light,fdn,Foil,51.08,74.99,33.45
2026-10-08,Swords to Plowshares,sld,Foil,24.19,34.99,24.0
2026-10-08,The One Ring,ltr,Foil,114.04,139.99,97.39
2026-10-08,Kodama of the West Tree,j25,Normal,19.37,24.99,16.32
2026-10-08,Voice of the Blessed,vow,Foil,4.11,5.99,2.99
2026-10-08,Return of the Wildspeaker,znc,Normal,2.32,3.99,1.18
2026-10-08,Archivist of Oghma,clb,Normal,6.37,7.99,7.16
2026-10-08,Sylvan Library,cc1,Normal,27.07,32.99,23.5
2026-10-08,Temple Garden,unf,Normal,19.16,23.99,18.0
2026-10-08,Soul's Attendant,ltc,Foil,10.12,10.99,11.12
2026-10-08,Rogue's Passage,sld,Foil,53.86,54.99,44.98
2026-10-08,Auriok Champion,ima,Normal,10.99,16.99,6.14
2026-10-08,Augur of Autumn,mid,Foil,1.44,0.99,2.5
2026-10-08,Overgrown Farmland,dbl,Normal,5.03,6.99,3.94
2026-10-08,Canopy Vista,ltc,Normal,0.38,0.69,0.45
2026-10-08,Horizon Canopy,zne,Normal,6.21,8.99,4.5
2026-10-08,Windswept Heath,ktk,Normal,12.57,20.99,10.7
2026-10-08,Sunpetal Grove,m10,Normal,1.92,2.49,1.9
2026-10-08,Command Tower,sld,Foil,6.79,7.49,9.95
2026-10-08,Wooded Bastion,shm,Normal,17.39,23.99,11.0
2026-10-08,Hashep Oasis,otc,Normal,0.24,0.35,0.09
2026-10-08,Plains,sld,Foil,6.93,7.99,12.66
2026-10-08,Forest,snc,Normal,0.38,0.49,0.4
2026-10-08,Plains,one,Foil,8.57,10.99,5.63
2026-10-08,Plains,blb,Foil,1.62,1.99,1.49
2026-10-08,Plains,dmu,Foil,4.47,6.99,2.77
2026-10-08,Forest,ltr,Normal,0.8,1.29,0.57
2026-10-08,Plains,thb,Normal,1.26,0.99,0.76
2026-10-08,Plains,neo,Normal,2.91,5.99,2.64
2026-10-08,Plains,ugl,Normal,6.8,7.49,4.8
2026-10-08,Forest,und,Foil,4.27,4.99,4.15
2026-10-08,Forest,tdm,Foil,1.33,1.99,1.94
2026-10-08,Path to Exile,otp,Normal,2.53,2.79,1.31
2026-10-08,Aerith Gainsborough,fin,Normal,2.53,4.49,1.53
2026-10-08,Plains,eoe,Normal,1.12,2.29,0.75
2026-10-08,"Lyra, Archangel of Dawn",fra,Normal,3.86,6.49,3.56
2026-10-08,Unflinching Hortimancer,fra,Normal,0.17,0.35,0.14
2026-10-08,Bloombrute,fra,Normal,0.25,0.35,0.13
2026-10-08,"Celestine, the Living Saint",40k,Normal,24.83,34.99,25.43
2026-10-08,Essence Warden,plc,Normal,8.05,12.99,3.12
2026-10-08,Lunarch Veteran // Luminous Phantom,mid,Normal,0.35,0.79,0.26
2026-10-08,Soul Warden,m10,Foil,10.75,12.99,3.4
2026-10-08,Authority of the Consuls,kld,Normal,5.48,7.49,4.29
2026-10-08,Hinterland Sanctifier,j25,Normal,0.47,0.79,0.33
2026-10-08,Scavenging Ooze,plg21,Foil,0.36,0.59,0.35
2026-10-08,Case of the Uneaten Feast,mkm,Foil,1.3,1.99,0.91
2026-10-08,Shadowspear,thb,Normal,29.77,42.99,21.82
2026-10-08,Terrasymbiosis,eoe,Foil,10.18,14.99,10.95
2026-10-08,Solitude,spg,Foil,48.76,79.99,54.9
2026-10-08,City of Brass,2x2,Foil,40.78,49.99,37.95
2026-10-08,Plains,tla,Normal,0.54,0.99,0.51
2026-10-08,The Destined White Mage,fic,Foil,14.83,17.99,13.99
2026-10-08,Spry and Mighty,ecl,Normal,0.49,0.59,0.4
2026-10-08,Virulent Emissary,ecl,Foil,1.08,0.99,0.5
2026-10-08,Avatar's Wrath,tla,Foil,4.53,6.99,4.25
2026-10-08,Guide of Souls,sch,Foil,7.59,9.49,5.11
2026-10-08,Plains,sos,Foil,1.18,1.99,0.89
2026-10-08,Sungrass Prairie,c19,Normal,0.28,0.49,0.56
2026-10-08,"Tigra, Feline Fury",msh,Normal,0.2,0.35,0.21
2026-10-08,Dr. Beverly Crusher,trk,Normal,52.97,9.99,
2026-10-08,Pest Infestation,otp,Normal,1.16,1.49,1.08
2026-10-08,The Great Henge,eld,Normal,65.55,89.99,48.26
2026-10-08,"Leonardo, Cutting Edge",tmt,Normal,2.55,2.29,2.53
2026-10-08,Elenda's Hierophant,lcc,Normal,5.01,6.49,5.38
2026-10-08,Suture Priest,nph,Normal,1.88,2.79,1.99
2026-10-08,Herd Heirloom,tdm,Normal,4.27,7.49,3.99
2026-10-08,Ajani Resolute,fra,Normal,11.99,14.99,10.49
2026-10-08,Liliana the Faultless,fra,Normal,9.08,9.99,6.45
2026-10-08,Haywire Mite,bro,Foil,3.1,3.49,2.2
2026-10-08,Solarium Sentry,fra,Normal,0.4,0.99,0.86
2026-10-08,"Trelasarra, Moon Dancer",afr,Foil,0.39,1.99,0.3
2026-10-08,Healer's Hawk,jmp,Normal,0.31,0.35,0.13
2026-10-08,Righteous Cause,ons,Normal,0.42,0.49,0.11
2026-10-08,Beast Within,sld,Foil,29.83,29.99,24.95
2026-10-08,Generous Gift,cmm,Normal,1.18,2.29,1.28
2026-10-08,Witch Enchanter // Witch-Blessed Meadow,sld,Foil,76.77,79.99,55.0
2026-10-08,Flare of Denial,mh3,Normal,3.62,4.99,4.28
2026-10-08,"Grazilaxx, Illithid Scholar",clb,Normal,1.75,7.49,1.8
2026-10-08,Inkfathom Infiltrator,plst,Normal,0.37,0.35,0.19
2026-10-08,Lightning Greaves,who,Normal,4.88,6.49,3.82
2026-10-08,Reconnaissance Mission,iko,Normal,0.59,0.99,1.24
2026-10-08,Gudul Lurker,dtk,Normal,0.45,1.29,1.0
2026-10-08,Mist-Cloaked Herald,rix,Normal,0.37,0.69,0.4
2026-10-08,The Indomitable,lcc,Normal,4.12,3.49,2.31
2026-10-08,Dreamroot Cascade,who,Normal,1.06,1.79,0.89
2026-10-08,Beastmaster Ascension,ncc,Normal,7.03,7.99,3.66
2026-10-08,Ohran Frostfang,c19,Normal,7.45,9.99,6.24
2026-10-08,Brazen Borrower // Petty Theft,spg,Normal,6.06,7.49,5.0
2026-10-08,Shipwreck Marsh,mid,Normal,7.04,9.49,6.28
2026-10-08,Morphic Pool,clb,Normal,27.34,39.99,27.85
2026-10-08,Nether Traitor,tsp,Normal,9.64,3.99,4.99
2026-10-08,Clearwater Pathway // Murkwater Pathway,znr,Normal,4.82,5.99,5.04
2026-10-08,Slither Blade,znc,Normal,0.43,0.79,0.2
2026-10-08,Tormented Soul,m12,Normal,0.25,0.35,0.45
2026-10-08,Triton Shorestalker,znc,Normal,0.36,0.79,0.21
2026-10-08,Changeling Outcast,h1r,Foil,5.02,6.99,3.94
2026-10-08,Invisible Stalker,znc,Normal,1.2,1.29,1.15
2026-10-08,Looter il-Kor,ncc,Normal,0.33,0.35,0.05
2026-10-08,"Edric, Spymaster of Trest",cns,Normal,2.83,4.99,1.73
2026-10-08,Bident of Thassa,ths,Normal,0.61,0.79,1.06
2026-10-08,Coastal Piracy,jmp,Normal,1.35,1.99,1.0
2026-10-08,Beast Within,ncc,Normal,1.03,1.49,0.7
2026-10-08,Command Tower,brc,Normal,2.49,3.99,1.45
2026-10-08,Exotic Orchard,brc,Normal,0.59,1.29,0.36
2026-10-08,Path of Ancestry,brc,Normal,0.42,0.69,0.19
2026-10-08,Island,brc,Normal,0.25,0.49,0.1
2026-10-08,Hinterland Harbor,ltc,Normal,0.4,0.69,0.5
2026-10-08,Drowned Catacomb,ltc,Normal,2.48,2.79,2.19
2026-10-08,Enduring Curiosity,dsk,Normal,7.68,11.99,6.6
2026-10-08,"Gix, Yawgmoth Praetor",pbro,Normal,2.2,1.99,2.58
2026-10-08,Rejuvenating Springs,ltc,Normal,4.74,5.99,4.99
2026-10-08,Wu Light Cavalry,ptk,Normal,3.87,1.29,1.21
2026-10-08,Barkchannel Pathway // Tidechannel Pathway,khm,Normal,4.98,7.49,5.99
2026-10-08,Mockingbird,blb,Normal,3.46,4.99,2.83
2026-10-08,Zagoth Triome,iko,Normal,21.68,29.99,18.37
2026-10-08,Breeding Pool,gtc,Normal,10.03,17.99,11.41
2026-10-08,Watery Grave,grn,Normal,9.8,13.99,10.77
2026-10-08,Baleful Strix,blc,Normal,14.23,16.99,13.5
2026-10-08,Sink into Stupor // Soporific Springs,mh3,Normal,9.02,13.99,7.42
2026-10-08,Cephalid Facetaker,ncc,Normal,3.94,3.99,3.58
2026-10-08,Into the Flood Maw,blb,Normal,3.32,3.99,1.7
2026-10-08,Willowrush Verge,dft,Normal,4.81,9.49,8.28
2026-10-08,Shoreline Looter,blb,Foil,1.22,2.99,1.98
2026-10-08,Unsubstantiate,m21,Normal,0.37,0.69,0.15
2026-10-08,Ledger Shredder,snc,Normal,9.99,12.99,8.14
2026-10-08,Gloomlake Verge,dsk,Normal,10.76,17.99,10.3
2026-10-08,Flooded Grove,ltc,Normal,0.38,0.49,0.33
2026-10-08,Sunken Ruins,fic,Normal,2.25,3.49,2.99
2026-10-08,Departed Deckhand,lcc,Normal,0.32,0.35,0.1
2026-10-08,Notorious Throng,znc,Normal,3.33,3.49,3.99
2026-10-08,Dauthi Voidwalker,sld,Foil,15.27,14.99,12.49
2026-10-08,Silent Hallcreeper,dsk,Normal,1.11,2.29,1.75
2026-10-08,Thieving Skydiver,znr,Normal,0.25,0.69,0.41
2026-10-08,Faerie Mastermind,pmom,Normal,11.82,17.99,10.42
2026-10-08,Swamp,brc,Normal,0.36,0.49,0.19
2026-10-08,Geist of Saint Thalia,fra,Normal,9.19,8.99,4.55
2026-10-08,Orochi Soul-Reaver,otc,Normal,9.76,9.49,8.74
2026-10-08,Grim Hireling,afc,Normal,13.21,15.99,21.62
2026-10-08,Vedalken Infiltrator,mh2,Normal,0.23,0.35,0.2
2026-10-08,Bitterbloom Bearer,ecl,Normal,17.48,24.99,23.98
2026-10-08,Spectral Sailor,lcc,Normal,0.35,0.35,0.1
2026-10-08,"Malcolm, Alluring Scoundrel",plci,Normal,3.64,4.99,1.99
2026-10-08,Spyglass Siren,lci,Normal,0.31,0.69,0.86
2026-10-08,Waterbender Ascension,tla,Normal,0.62,1.29,0.76
2026-10-08,Flitterwing Nuisance,ecl,Normal,0.66,0.99,1.06
2026-10-08,Siren Stormtamer,lcc,Normal,0.49,0.69,0.93
2026-10-08,Cloud Pirates,por,Normal,1.88,2.49,1.75
2026-10-08,River of Tears,fut,Normal,1.79,3.49,0.83
2026-10-08,"Irma, Part-Time Mutant",tmc,Normal,4.72,6.99,4.27
2026-10-08,Scale Up,h1r,Foil,1.44,1.79,1.49
2026-10-08,"Toski, Bearer of Secrets",spg,Normal,16.5,22.99,12.0
2026-10-08,Faerie Slumber Party,woe,Normal,2.0,2.49,0.99
2026-10-08,Tegwyll's Scouring,woc,Normal,1.01,1.99,0.69
2026-10-08,Fell the Profane // Fell Mire,mh3,Normal,5.2,7.99,4.47
2026-10-08,Forest,inr,Normal,0.48,0.79,0.39
2026-10-08,Polluted Delta,zne,Normal,47.88,49.99,39.0
2026-10-08,The Destined Thief,fic,Foil,2.98,5.99,4.06
2026-10-08,Tezzeret the Seeker,sld,Normal,28.95,34.99,18.94
2026-10-08,Underground Sea,3ed,Normal,1105.08,1499.99,849.97
2026-10-08,"Wan Shi Tong, Librarian",tla,Foil,37.88,54.99,72.0
2026-10-08,Skyserpent Seeker,dft,Normal,0.32,0.79,0.1
2026-10-08,"Bilbo, Luckwearer // Burglar's Plot",pw26,Normal,0.53,0.79,0.74
2026-10-08,"Ikra Shidiqi, the Usurper",c16,Foil,1.23,1.79,1.24
2026-10-08,Skateboard,tmt,Normal,0.31,0.79,0.24
2026-10-08,"Malcolm, Keen-Eyed Navigator",spg,Foil,14.86,17.99,16.9
2026-10-09,Battlefield Forge,c21,Normal,0.43,0.69,0.8
2026-10-09,Path of Ancestry,m3c,Normal,0.31,0.35,0.17
2026-10-09,The Gaffer,ltc,Normal,6.91,9.99,8.16
2026-10-09,Genji Glove,fin,Normal,8.14,13.99,5.74
2026-10-09,Descent into Avernus,sld,Foil,17.65,24.99,19.99
2026-10-09,Improvisation Capstone,sos,Normal,13.73,18.99,15.99
2026-10-09,Ingris Stingerquill,fra,Normal,14.27,13.99,7.76
2026-10-09,Tymna the Weaver,c16,Foil,31.54,29.99,29.97
2026-10-09,"Arabella, Abandoned Doll",dsk,Normal,0.86,0.79,0.35
2026-10-09,"Vito, Thorn of the Dusk Rose",pm21,Foil,11.24,15.99,10.69
2026-10-09,Professional Face-Breaker,snc,Normal,6.24,9.99,4.99
2026-10-09,Guild Artisan,clb,Normal,0.25,0.59,0.21
2026-10-09,"Elas il-Kor, Sadistic Pilgrim",dmu,Normal,0.71,2.29,0.82
2026-10-09,Arbaaz Mir,acr,Normal,0.29,0.35,0.05
2026-10-09,"Prosper, Tome-Bound",afc,Foil,6.9,8.49,6.99
2026-10-09,Access Tunnel,ltc,Normal,0.41,0.79,0.61
2026-10-09,"Shizo, Death's Storehouse",dmc,Normal,34.19,34.99,22.39
2026-10-09,Arcane Signet,nec,Normal,0.74,0.79,0.45
2026-10-09,Talisman of Hierarchy,pip,Normal,0.67,0.99,1.01
2026-10-09,Boros Signet,c15,Normal,0.54,1.49,0.74
2026-10-09,Talisman of Conviction,ltc,Normal,0.4,0.99,0.29
2026-10-09,Talisman of Indulgence,40k,Normal,3.62,4.99,2.19
2026-10-09,Silver Shroud Costume,sld,Foil,10.98,16.99,8.97
2026-10-09,Inkshield,sld,Foil,10.7,13.99,9.0
2026-10-09,Damn,mh2,Normal,1.79,3.49,1.98
2026-10-09,Sundering Eruption // Volcanic Fissure,mh3,Normal,1.53,3.49,1.42
2026-10-09,Steelshaper's Gift,sld,Foil,13.74,18.99,9.95
2026-10-09,Avatar's Wrath,tla,Normal,3.9,6.99,4.02
2026-10-09,Dusk // Dawn,blc,Normal,0.28,0.59,0.25
2026-10-09,Swords to Plowshares,dmr,Normal,2.12,2.99,1.38
2026-10-09,Duelist's Heritage,tle,Normal,2.47,5.49,2.98
2026-10-09,Thieves' Tools,clb,Foil,0.3,0.49,0.1
2026-10-09,Lightning Greaves,c19,Normal,4.97,7.49,3.89
2026-10-09,"Daxos, Blessed by the Sun",thb,Normal,0.28,0.49,0.08
2026-10-09,"Delney, Streetwise Lookout",mkm,Normal,34.73,47.99,32.5
2026-10-09,"Gollum, Obsessed Stalker",ltc,Normal,0.32,0.49,0.4
2026-10-09,"Anim Pakal, Thousandth Moon",lci,Normal,4.3,5.99,5.23
2026-10-09,"Elena, Turk Recruit",fic,Normal,0.23,0.49,0.17
2026-10-09,"Subira, Tulzidi Caravanner",m21,Normal,0.3,0.49,0.27
2026-10-09,"Deadpool, Trading Card",sld,Foil,15.21,18.99,19.0
2026-10-09,Brash Taunter,m21,Normal,4.05,3.99,1.07
2026-10-09,Exotic Orchard,c19,Normal,0.33,0.49,0.17
2026-10-09,Great Hall of the Citadel,ltr,Foil,0.42,0.99,0.14
2026-10-09,Rogue's Passage,ltc,Normal,0.78,1.29,0.46
2026-10-09,"Saradoc, Master of Buckland",ltr,Normal,0.33,0.69,0.28
2026-10-09,"Mangara, the Diplomat",blc,Normal,0.49,0.99,0.75
2026-10-09,Fellwar Stone,ncc,Normal,1.44,1.79,1.03
2026-10-09,Orzhov Signet,brc,Normal,0.6,1.29,0.59
2026-10-09,Deadly Rollick,sld,Foil,26.79,37.99,20.3
2026-10-09,"Mjölnir, Hammer of Thor",msh,Normal,15.3,22.99,16.87
2026-10-09,"Shanid, Sleepers' Scourge",dmc,Foil,3.0,3.99,0.8
2026-10-09,Falcon and Redwing,msc,Normal,0.64,1.49,0.52
2026-10-09,"Black Widow, Agile Avenger",msc,Normal,6.04,8.99,7.45
2026-10-09,"General Kreat, the Boltbringer",j25,Normal,6.69,10.99,7.8
2026-10-09,Savai Triome,iko,Normal,17.44,27.99,17.98
2026-10-09,Darkstar Augur,blb,Normal,2.0,2.29,1.16
2026-10-09,Brotherhood Regalia,acr,Foil,10.19,17.99,9.77
2026-10-09,"Lotho, Corrupt Shirriff",ltr,Normal,11.09,13.99,12.65
2026-10-09,Loran of the Third Path,bro,Normal,7.89,11.99,5.95
2026-10-09,"Moseo, Vein's New Dean",sos,Foil,1.02,0.99,1.07
2026-10-09,Plaza of Heroes,dmu,Foil,10.13,14.99,8.74
2026-10-09,"Minas Morgul, Dark Fortress",ltc,Foil,11.37,16.99,19.25
2026-10-09,Eiganjo Castle,chk,Normal,14.88,10.99,8.02
2026-10-09,Fabled Passage,tmc,Normal,1.6,1.79,1.77
2026-10-09,Clifftop Retreat,pip,Normal,0.34,0.69,0.37
2026-10-09,Caves of Koilos,dmu,Normal,3.11,6.49,2.99
2026-10-09,Isolated Chapel,ltc,Normal,0.44,1.29,1.49
2026-10-09,Fetid Heath,tdc,Normal,0.53,0.79,0.56
2026-10-09,Knuckles the Echidna,sld,Foil,23.62,27.99,23.22
2026-10-09,Scheming Silvertongue // Sign in Blood,sos,Foil,1.68,1.99,1.44
2026-10-09,Villainous Wrath,spm,Foil,1.22,1.49,1.0
2026-10-09,Swamp,mkm,Foil,0.64,1.49,0.4
2026-10-09,Mountain,mkm,Normal,0.32,0.79,0.2
2026-10-09,Plains,mkm,Foil,0.34,1.99,0.63
2026-10-09,Plateau,3ed,Normal,390.15,499.99,241.32
2026-10-09,Blood Crypt,rvr,Normal,10.03,14.99,11.99
2026-10-09,Sacred Foundry,rvr,Normal,11.79,17.99,10.75
2026-10-09,Scrubland,3ed,Normal,452.56,599.99,238.0
2026-10-09,Arid Mesa,zne,Normal,46.97,54.99,32.99
2026-10-09,Marsh Flats,zne,Normal,46.38,74.99,33.66
2026-10-09,Badlands,3ed,Normal,590.77,749.99,250.0
2026-10-09,Bloodstained Mire,zne,Normal,38.32,44.99,25.93
2026-10-09,Godless Shrine,rvr,Normal,9.66,13.99,11.99
2026-10-09,Witch Enchanter // Witch-Blessed Meadow,mh3,Foil,7.37,10.99,4.98
2026-10-09,Chaos Warp,sld,Foil,10.54,12.99,7.25
2026-10-09,Wayfarer's Bauble,sld,Foil,5.07,7.49,1.67
2026-10-09,Aggravated Assault,sld,Foil,31.61,32.99,16.97
2026-10-09,"Kellan, the Fae-Blooded // Birthright Boon",woe,Normal,6.38,7.49,5.5
2026-10-09,The Reaver Cleaver,sld,Normal,26.85,34.99,17.0
2026-10-09,Stoneforge Mystic,spg,Normal,40.04,42.99,25.0
2026-10-09,The Queen of Dale,hob,Normal,20.5,24.99,20.2
2026-10-09,"Kediss, Emberclaw Familiar",sld,Foil,14.88,14.99,13.45
2026-10-09,Command Tower,pw25,Foil,11.17,12.99,6.48
2026-10-09,Abandoned Air Temple,tla,Normal,5.73,9.99,7.3
2026-10-09,"Agent Bishop, Man in Black",tmt,Normal,0.32,0.99,0.18
2026-10-09,Sakura-Tribe Elder,plg24,Foil,3.39,3.99,2.15
2026-10-09,Birds of Paradise,sld,Foil,55.85,64.99,66.45
2026-10-09,Farseek,ltc,Normal,1.7,1.99,1.29
2026-10-09,Three Visits,sld,Foil,53.19,69.99,36.95
2026-10-09,Utopia Sprawl,pf26,Foil,4.29,5.49,5.0
2026-10-09,Nature's Lore,sld,Foil,12.28,11.99,8.8
2026-10-09,Botanical Brawler,mom,Normal,0.3,0.35,0.21
2026-10-09,Commander Liara Portyr,clb,Normal,0.23,0.35,0.23
2026-10-09,Dusk Legion Duelist,mom,Normal,2.44,3.49,1.7
2026-10-09,"Etali, Primal Conqueror // Etali, Primal Sickness",mom,Normal,29.61,37.99,21.29
2026-10-09,Path to Exile,who,Normal,1.69,2.79,1.42
2026-10-09,Healer's Hawk,fdn,Foil,0.31,0.49,0.06
2026-10-09,"Kutzil, Malamet Exemplar",lci,Normal,3.41,3.49,2.73
2026-10-09,Peregrin Took,ltr,Normal,1.01,0.79,0.17
2026-10-09,"Ozolith, the Shattered Spire",mom,Foil,8.89,11.99,5.49
2026-10-09,Kami of Whispered Hopes,mom,Normal,6.12,7.49,2.57
2026-10-09,Rosie Cotton of South Lane,ltr,Normal,0.37,0.49,0.38
2026-10-09,Share the Spoils,afc,Normal,3.68,6.99,5.37
2026-10-09,Sovereign Okinec Ahau,lci,Normal,4.96,3.99,3.04
2026-10-09,Swords to Plowshares,brc,Normal,2.0,3.99,2.99
2026-10-09,The Ozolith,sld,Foil,69.74,79.99,46.79
2026-10-09,Germination Practicum,sos,Normal,12.58,13.99,6.29
2026-10-09,Patrolling Peacemaker,eoc,Normal,2.08,2.79,1.87
2026-10-09,Bigger on the Inside,who,Normal,0.49,0.59,0.62
2026-10-09,Exploration,dmr,Normal,30.54,37.99,26.75
2026-10-09,Generous Pup,j25,Normal,8.03,12.99,6.4
2026-10-09,Esper Sentinel,mh2,Normal,60.55,74.99,41.0
2026-10-09,Kami of Celebration,nec,Normal,1.09,0.99,0.43
2026-10-09,Terrasymbiosis,eoe,Normal,9.98,12.99,11.76
2026-10-09,Rhythm of the Wild,sld,Foil,15.51,16.99,8.5
2026-10-09,"Mikey & Leo, Chaos & Order",tmt,Normal,3.86,5.49,3.44
2026-10-09,Kodama of the West Tree,neo,Normal,20.47,24.99,16.14
2026-10-09,"Halana and Alena, Partners",fdn,Normal,0.35,0.69,0.75
2026-10-09,Ouroboroid,eoe,Normal,44.06,57.99,36.0
2026-10-09,The Ooze,tmt,Normal,4.57,8.49,5.12
2026-10-09,Agatha's Soul Cauldron,woe,Normal,41.3,54.99,32.53
2026-10-09,Hardened Scales,wot,Normal,4.83,5.99,3.59
2026-10-09,"Laelia, the Blade Reforged",mh3,Normal,2.07,2.79,0.94
2026-10-09,Champion of Lambholt,ncc,Normal,4.11,4.49,2.5
2026-10-09,Speaker of the Heavens,plst,Normal,0.47,0.69,0.57
2026-10-09,Beast Within,cmr,Normal,1.06,1.49,1.35
2026-10-09,Suspend Aggression,sos,Normal,0.22,0.49,0.11
2026-10-09,Generous Gift,blc,Normal,1.89,2.79,1.41
2026-10-09,Call Forth the Tempest,hoc,Normal,19.07,27.99,18.33
2026-10-09,Guff Rewrites History,cmm,Normal,3.04,4.49,4.14
2026-10-09,Dispatch,eoc,Normal,0.39,1.79,2.74
2026-10-09,Chaos Warp,c20,Normal,0.7,0.79,0.74
2026-10-09,"Arwen, Weaver of Hope",ltc,Normal,5.06,5.99,5.58
2026-10-09,Heartwood Crafter // Soul Tether,fra,Normal,0.25,0.59,0.15
2026-10-09,Studious First-Year // Rampant Growth,sos,Normal,0.28,0.39,0.19
2026-10-09,Shroofus Sproutsire,j25,Normal,5.32,8.99,5.0
2026-10-09,Wild Wasteland,pip,Normal,1.2,2.99,2.11
2026-10-09,Mosswort Bridge,c18,Normal,0.42,0.69,0.24
2026-10-09,Yotian Dissident,bro,Normal,0.28,0.35,0.09
2026-10-09,Inspiring Statuary,brr,Normal,0.78,1.79,0.65
2026-10-09,"Rocco, Street Chef",mat,Foil,0.65,2.99,0.94
2026-10-09,Aerial Responder,kld,Normal,0.14,0.35,0.1
2026-10-09,Thundering Raiju,neo,Foil,0.65,0.79,0.62
2026-10-09,Forest,otj,Foil,0.34,0.99,0.31
2026-10-09,Mountain,otj,Foil,0.35,0.79,0.24
2026-10-09,Plains,otj,Foil,0.39,0.79,0.15
2026-10-09,Command Tower,c17,Normal,0.37,0.79,0.1
2026-10-09,Hushwood Verge,dsk,Normal,9.62,13.99,6.66
2026-10-09,Jetmir's Garden,snc,Normal,15.25,21.99,13.32
2026-10-09,Thornspire Verge,dsk,Normal,5.86,8.99,4.98
2026-10-09,Exotic Orchard,c21,Normal,0.3,0.59,0.18
2026-10-09,Sunbillow Verge,dft,Normal,11.37,19.99,9.96
2026-10-09,"Yavimaya, Cradle of Growth",mh2,Normal,16.88,21.99,11.61
2026-10-09,"Boseiju, Who Endures",neo,Normal,48.88,64.99,40.4
2026-10-09,Commercial District,mkm,Normal,7.66,11.99,7.15
2026-10-09,Lush Portico,mkm,Normal,7.12,9.99,6.39
2026-10-09,Rockfall Vale,inr,Normal,3.86,4.99,1.25
2026-10-09,Wooded Foothills,mh3,Normal,19.38,29.99,16.47
2026-10-09,Taiga,3ed,Normal,449.66,549.99,271.64
2026-10-09,Stomping Ground,rvr,Normal,8.71,9.99,6.5
2026-10-09,Bountiful Promenade,clb,Normal,8.84,12.99,9.0
2026-10-09,Clifftop Retreat,tdc,Normal,0.33,0.69,0.39
2026-10-09,Rootbound Crag,tdc,Normal,0.41,1.29,0.46
2026-10-09,Overgrown Farmland,inr,Normal,4.32,5.49,1.0
2026-10-09,Spectator Seating,cmm,Normal,11.43,12.99,13.42
2026-10-09,Sundown Pass,inr,Normal,3.2,5.99,3.42
2026-10-09,Spire Garden,clb,Normal,7.14,9.49,7.36
2026-10-09,Temple Garden,rvr,Normal,8.6,11.99,8.98
2026-10-09,Savannah,3ed,Normal,412.51,549.99,209.0
2026-10-09,Arid Mesa,mh2,Normal,30.97,42.99,27.58
2026-10-09,Sunpetal Grove,tdc,Normal,0.51,0.99,0.9
2026-10-09,Windswept Heath,mh3,Normal,12.51,17.99,10.95
2026-10-09,Sire of Seven Deaths,fdn,Normal,33.86,47.99,36.74
2026-10-09,"Elrond, Moon-Reader",hob,Normal,1.79,1.99,2.92
2026-10-09,Exit Specialist,mkm,Normal,0.21,0.35,0.25
2026-10-09,Dreamstone Hedron,cmr,Normal,0.32,0.35,0.09
2026-10-09,Stonespeaker Crystal,clb,Normal,0.37,1.29,0.49
2026-10-09,The Eternity Elevator,eoe,Normal,3.11,3.49,2.0
2026-10-09,Waterbender's Restoration,tle,Normal,3.86,5.49,3.65
2026-10-09,Lord of Change,40k,Normal,2.9,3.99,4.16
2026-10-09,Fear of Sleep Paralysis,dsc,Normal,0.39,1.49,0.54
2026-10-09,Sol Ring,blc,Normal,2.22,2.79,1.33
2026-10-09,Scroll Rack,cmr,Normal,31.05,44.99,29.4
2026-10-09,Illusionist's Bracers,rvr,Foil,5.49,6.99,3.8
2026-10-09,Wonder,cma,Normal,3.54,3.49,1.3
2026-10-09,Cavalier of Gales,j25,Normal,1.56,2.99,3.05
2026-10-09,Glasspool Mimic // Glasspool Shore,znr,Normal,6.46,10.99,6.24
2026-10-09,Heartstone,plst,Normal,1.78,2.49,1.49
2026-10-09,"Silver Surfer, Cosmic Voyager",msc,Normal,0.61,1.29,1.06
2026-10-09,Displacer Kitten,pclb,Foil,23.18,89.99,34.99
2026-10-09,Training Grounds,mat,Normal,10.03,10.99,5.5
2026-10-09,"Grazilaxx, Illithid Scholar",sld,Normal,2.98,,3.0
2026-10-09,Stratus Dancer,c19,Normal,0.38,0.49,0.25
2026-10-09,Y'shtola Rhul,fin,Normal,5.2,6.99,4.72
2026-10-09,Unstoppable Plan,dft,Normal,2.33,3.99,1.89
2026-10-09,Gilded Lotus,msc,Normal,0.59,1.49,0.6
2026-10-09,Sceptre of Eternal Glory,40k,Normal,20.19,23.99,19.5
2026-10-09,Chromatic Orrery,m21,Normal,32.8,47.99,18.69
2026-10-09,Ring of the Lucii,fin,Normal,0.3,0.49,0.2
2026-10-09,Brass Infiniscope,soc,Normal,0.28,0.49,0.37
2026-10-09,"Galactus, Devourer of Worlds",msc,Normal,3.96,5.99,4.22
2026-10-09,"Tri-Sentinel, Act of Vengeance",msc,Normal,0.39,0.59,0.38
2026-10-09,Displace,emn,Normal,0.34,0.59,0.46
2026-10-09,Conjurer's Closet,inr,Normal,6.69,10.99,6.0
2026-10-09,Baboon Spirit,tle,Foil,0.44,0.49,0.22
2026-10-09,"Gandalf, Shadow's Foe",hoc,Normal,20.65,32.99,19.44
2026-10-09,"Ixidor, Reality Sculptor",ons,Normal,2.09,4.49,2.49
2026-10-09,Branch of Vitu-Ghazi,mkm,Normal,0.98,0.35,0.18
2026-10-09,"Otawara, Soaring City",neo,Normal,26.21,42.99,24.35
2026-10-09,Dowsing Dagger // Lost Vale,xln,Normal,7.48,7.99,5.87
2026-10-09,Sword of Hearth and Home,tmc,Foil,12.75,14.99,9.07
2026-10-09,Abhorrent Oculus,pdsk,Normal,11.71,16.99,14.0
2026-10-09,Dour Port-Mage,blb,Normal,3.61,4.99,2.54
2026-10-09,"Thassa, Deep-Dwelling",thb,Foil,35.04,44.99,25.0
2026-10-09,Bender's Waterskin,tla,Normal,0.92,1.79,0.97
2026-10-09,Island,j25,Normal,0.16,0.35,0.1
2026-10-09,Hide on the Ceiling,spm,Normal,0.82,1.79,1.02
2026-10-09,Relic of Legends,dmu,Normal,2.61,2.29,1.32
2026-10-09,"Wan Shi Tong, All-Knowing",tle,Foil,3.74,4.49,3.63
2026-10-09,Wurmcoil Engine,sld,Foil,10.18,11.99,10.97
2026-10-09,Essence Flux,inr,Normal,1.86,1.99,0.85
2026-10-09,Siren Stormtamer,cmr,Normal,0.47,0.69,0.67
2026-10-09,Glitch Interpreter,dsc,Normal,0.33,0.49,0.3
2026-10-09,Enigma Thief,znc,Normal,0.38,0.99,0.34
2026-10-09,Primordial Mist,dsc,Normal,0.35,0.49,0.25
2026-10-09,"Sash and Waistcoat, Unmen",mbc,Normal,,,
2026-10-09,Ur-Golem's Eye,dst,Normal,0.32,0.39,0.09
2026-10-09,Scourge of Fleets,jou,Normal,0.54,1.49,0.99
2026-10-09,Spellskite,sld,Normal,15.49,16.99,16.44
2026-10-09,Sol Talisman,mh2,Normal,1.14,1.79,0.81
2026-10-09,Gossip's Talent,blb,Foil,0.39,0.49,0.25
2026-10-09,Voidwalk,gtc,Normal,0.25,0.35,0.44
2026-10-09,Zoetic Cavern,fut,Normal,0.4,0.39,0.26
2026-10-09,Scroll of Fate,c19,Normal,0.3,0.49,0.1
2026-10-09,Willbender,lgn,Normal,0.25,0.35,0.2
2026-10-09,Ghostly Flicker,sld,Foil,6.24,14.99,9.0
2026-10-09,Thran Dynamo,blc,Normal,4.5,3.49,2.57
2026-10-09,Hedron Archive,c21,Normal,0.32,0.59,0.25
2026-10-09,Marang River Regent // Coil and Catch,tdm,Foil,2.08,2.49,2.5
2026-10-09,The Echoverse Fulcrum,fra,Normal,3.67,5.99,6.28
2026-10-09,Castle Ardenvale,peld,Normal,2.78,0.79,0.42
2026-10-09,Alhammarret's Archive,c21,Normal,10.51,13.99,9.7
2026-10-09,Loran of the Third Path,blc,Normal,5.43,8.49,4.77
2026-10-09,Claim Jumper,otj,Foil,0.89,1.49,2.0
2026-10-09,Spirited Companion,plst,Normal,0.22,0.59,0.19
2026-10-09,Inspiring Overseer,snc,Normal,0.31,0.69,0.23
2026-10-09,Helpful Hunter,fdn,Normal,0.31,0.59,0.12
2026-10-09,Sun Titan,sld,Normal,6.33,7.99,6.73
2026-10-09,Witch Enchanter // Witch-Blessed Meadow,mh3,Normal,6.36,9.49,4.5
2026-10-09,Pearl Medallion,mh3,Normal,7.54,9.49,4.29
2026-10-09,Clever Concealment,msc,Normal,3.6,5.99,4.56
2026-10-09,Tocasia's Welcome,bro,Normal,3.92,4.49,3.5
2026-10-09,Path to Exile,ltc,Normal,2.11,3.99,1.3
2026-10-09,Plains,hob,Foil,0.41,0.49,0.56
2026-10-09,Enduring Innocence,dsk,Normal,3.16,5.49,4.27
2026-10-09,Monument to Endurance,dft,Normal,16.98,22.99,18.12
2026-10-09,Razorgrass Ambush // Razorgrass Field,mh3,Normal,0.39,0.39,0.35
2026-10-09,Illustrious Wanderglyph,lcc,Normal,15.21,21.99,18.24
2026-10-09,Charismatic Conqueror,lcc,Normal,23.89,34.99,20.99
2026-10-09,Lotus Field,soc,Normal,2.62,3.49,2.56
2026-10-09,Redemption Choir,lcc,Normal,0.38,0.69,0.64
2026-10-09,Lotus Vale,wth,Normal,45.46,57.99,21.34
2026-10-09,Tataru Taru,fic,Normal,5.81,9.49,6.65
2026-10-09,"Emeria, the Sky Ruin",soc,Normal,7.29,8.49,4.53
2026-10-09,War Room,soc,Normal,5.22,6.49,4.26
2026-10-09,Three Tree City,blb,Normal,47.94,69.99,33.0
2026-10-09,Urza's Cave,mh3,Normal,2.49,3.49,1.41
2026-10-09,Trouble in Pairs,mkc,Normal,25.48,32.99,22.25
2026-10-09,Arid Archway,otj,Normal,1.52,1.79,0.66
2026-10-09,Sand Scout,otc,Normal,5.84,7.99,6.02
2026-10-09,"Haliya, Guided by Light",eoe,Normal,3.9,5.99,3.83
2026-10-09,Soul's Attendant,roe,Normal,7.55,10.99,5.57
2026-10-09,Idol of Oblivion,c19,Normal,2.47,4.99,1.57
2026-10-09,Selfless Spirit,blc,Normal,0.96,1.49,1.05
2026-10-09,Authority of the Consuls,fdn,Normal,5.32,6.49,4.47
2026-10-09,Excise the Imperfect,moc,Normal,0.4,0.99,0.96
2026-10-09,Approach of the Second Sun,sta,Normal,7.85,12.99,8.06
2026-10-09,Moonshaker Cavalry,soc,Normal,9.6,10.99,8.15
2026-10-09,Recruiter of the Guard,mh3,Normal,6.77,7.99,7.07
2026-10-09,Mirror Entity,plst,Normal,1.04,1.99,0.81
2026-10-09,Parting Gust,blb,Foil,1.59,2.49,2.09
2026-10-09,Lazotep Quarry,m3c,Normal,9.07,9.99,6.99
2026-10-09,Knight of the White Orchid,sld,Foil,0.83,3.49,1.92
2026-10-09,Remote Farm,mmq,Normal,0.84,1.29,1.15
2026-10-09,"Boseiju, Who Shelters All",sld,Foil,15.09,20.99,10.9
2026-10-09,Chivalric Alliance,moc,Normal,13.21,20.99,17.36
2026-10-09,Archaeomancer's Map,soc,Normal,1.12,2.29,1.55
2026-10-09,Guardian Scalelord,moc,Normal,3.85,3.49,3.43
2026-10-09,"Legion's Landing // Adanto, the First Fort",xln,Normal,3.49,4.49,2.73
2026-10-09,Fountainport,blb,Normal,2.9,5.49,3.45
2026-10-09,Currency Converter,frc,Normal,0.24,0.49,0.36
2026-10-09,Erode,sos,Normal,7.42,12.99,8.26
2026-10-09,Galadriel's Dismissal,ltc,Normal,29.4,49.99,22.28
2026-10-09,Caretaker's Talent,blb,Normal,11.89,16.99,9.12
2026-10-09,Abolish,pcy,Normal,0.98,1.49,0.67
2026-10-09,"Emeria's Call // Emeria, Shattered Skyclave",znr,Normal,4.24,7.49,3.48
2026-10-09,Kami of False Hope,bok,Normal,1.74,0.99,0.73
2026-10-09,Guide of Souls,mh3,Foil,3.65,4.99,3.0
2026-10-09,Loyal Warhound,blc,Normal,0.56,1.29,0.72
2026-10-09,Kindly Customer,tle,Normal,0.27,0.99,0.49
2026-10-09,Cathar Commando,mid,Normal,0.23,0.35,0.04
2026-10-09,Mentor of the Meek,2x2,Normal,0.56,1.49,0.43
2026-10-09,"Bennie Bracks, Zoologist",mkc,Normal,11.34,12.99,7.77
2026-10-09,Deserted Temple,mh3,Normal,0.83,1.79,0.5
2026-10-09,Scavenger Grounds,msc,Normal,0.31,0.49,0.31
2026-10-09,Welcoming Vampire,vow,Normal,4.06,5.49,2.5
2026-10-09,Angel of Indemnity,soc,Normal,0.37,0.79,0.52
2026-10-09,Horn of Gondor,ltr,Foil,3.35,3.99,0.99
2026-10-09,Touch the Spirit Realm,neo,Normal,0.57,1.79,1.03
2026-10-09,Haunted Library,voc,Normal,0.42,1.29,1.16
2026-10-09,Restoration Seminar,sos,Normal,3.66,5.49,2.52
2026-10-09,Skullclamp,brc,Normal,6.89,10.99,7.33
2026-10-09,Sevinne's Reclamation,c19,Normal,0.52,0.69,0.48
2026-10-09,Soul Warden,exo,Normal,3.91,5.49,2.3
2026-10-09,Whitemane Lion,plc,Normal,0.25,0.39,0.04
2026-10-09,Wall of Omens,plst,Normal,0.33,0.35,0.27
2026-10-09,Arcane Signet,p30m,Etched,,,
2026-10-09,"Lonis, Cryptozoologist",mh2,Normal,0.32,0.49,0.33
2026-10-09,Samwise Gamgee,ltr,Foil,3.86,4.49,2.5
2026-10-09,Minas Tirith,ltr,Foil,7.82,9.99,5.99
2026-10-09,Pendelhaven,ath,Normal,3.79,4.49,4.37
2026-10-09,Razortide Bridge,brc,Normal,1.98,2.29,1.36
2026-10-09,Seat of the Synod,brc,Normal,3.18,4.49,1.55
2026-10-09,Trenzalore Clocktower,who,Normal,0.31,0.49,0.18
2026-10-09,"Osgood, Operation Double",who,Normal,0.32,0.49,0.14
2026-10-09,"Venser, Shaper Savant",tsr,Normal,1.4,0.69,0.15
2026-10-09,"Raff Capashen, Ship's Mage",cmm,Normal,0.27,0.35,0.1
2026-10-09,The Shire,ltr,Normal,3.16,3.49,2.69
2026-10-09,Rivendell,ltr,Normal,1.8,3.49,1.99
2026-10-09,"Eiganjo, Seat of the Empire",neo,Foil,6.13,9.99,8.19
2026-10-09,Trial of a Time Lord,who,Normal,0.3,0.49,0.32
2026-10-09,Talisman of Progress,who,Normal,0.46,0.69,0.39
2026-10-09,"Jaheira, Friend of the Forest",clb,Normal,12.78,13.99,7.16
2026-10-09,Ancient Den,mrd,Normal,2.57,3.99,1.7
2026-10-09,Command Tower,who,Normal,0.37,0.69,0.21
2026-10-09,Tree of Tales,mrd,Normal,1.66,2.49,0.67
2026-10-09,Thornglint Bridge,mh2,Normal,0.34,0.35,0.18
2026-10-09,Braided Net // Braided Quipu,lci,Normal,0.3,0.49,0.6
2026-10-09,Flagstones of Trokair,tsr,Normal,3.4,3.99,3.72
2026-10-09,"Okina, Temple to the Grandfathers",chk,Normal,4.72,9.49,3.12
2026-10-09,Tolaria,leg,Normal,7.49,8.49,4.86
2026-10-09,Five Hundred Year Diary,who,Foil,0.8,0.99,0.5
2026-10-09,"Oko, Thief of Crowns",otp,Normal,5.08,6.99,4.29
2026-10-09,Island,who,Foil,0.32,0.79,0.18
2026-10-09,Path of Ancestry,who,Normal,0.27,0.35,0.13
2026-10-09,Inventors' Fair,sld,Foil,22.39,21.99,20.52
2026-10-09,"Crystal Skull, Isu Spyglass",acr,Etched,,,
2026-10-09,Tanglepool Bridge,mh2,Normal,0.27,0.35,0.21
2026-10-09,"Minamo, School at Water's Edge",ltc,Foil,66.54,84.99,46.94
2026-10-09,Haywire Mite,dsc,Normal,1.16,1.29,1.57
2026-10-09,Gandalf the White,ltr,Normal,10.16,13.99,7.9
2026-10-09,"Urza, Lord High Artificer",dmr,Normal,14.9,20.99,14.95
2026-10-09,Azorius Signet,gk2,Normal,0.39,0.79,0.24
2026-10-09,Fellwar Stone,onc,Normal,1.68,2.29,1.12
2026-10-09,Graham O'Brien,who,Foil,0.81,0.49,0.5
2026-10-09,Stridehangar Automaton,drc,Normal,2.59,5.49,3.36
2026-10-09,Officious Interrogation,mkm,Foil,0.22,0.49,0.1
2026-10-09,Transmutation Font,pw24,Foil,1.79,2.29,1.24
2026-10-09,Academy Ruins,2xm,Normal,8.93,10.99,5.9
2026-10-09,Ignis Scientia,fin,Normal,0.25,0.35,0.08
2026-10-09,Serah Farron // Crystallized Serah,fin,Normal,5.02,5.49,4.56
2026-10-09,Eiganjo Castle,sld,Normal,8.55,9.49,20.59
2026-10-09,"Oboro, Palace in the Clouds",ltc,Foil,18.75,32.99,19.0
2026-10-09,Clock of Omens,5dn,Normal,10.0,4.99,3.47
2026-10-09,Forest,who,Normal,0.25,0.49,0.04
2026-10-09,Plains,who,Normal,0.29,0.49,0.05
2026-10-09,Sonic Screwdriver,sld,Foil,49.14,39.99,17.24
2026-10-09,Astrid Peth,who,Normal,4.22,6.49,3.52
2026-10-09,"James, Wandering Dad // Follow Him",pip,Foil,3.0,1.49,1.0
2026-10-09,Spectacular Spider-Man,spm,Normal,6.94,11.99,4.07
2026-10-09,The Blue Spirit,tle,Normal,0.81,1.79,2.31
2026-10-09,The Grey Havens,ltr,Normal,0.34,0.49,0.15
2026-10-09,"Aang, Swift Savior // Aang and La, Ocean's Fury",tla,Foil,7.09,6.99,7.5
2026-10-09,The Cabbage Merchant,tle,Foil,34.25,54.99,27.0
2026-10-09,"Reki, the History of Kamigawa",sld,Foil,16.59,16.99,15.95
2026-10-09,King Solomon's Frogs,msc,Normal,0.27,0.49,0.26
2026-10-09,"Mutagen Man, Living Ooze",tmt,Foil,3.76,4.99,2.97
2026-10-09,"Growing Rites of Itlimoc // Itlimoc, Cradle of the Sun",lci,Normal,8.92,10.99,5.77
2026-10-09,Sol Ring,sld,Foil,17.73,20.99,18.5
2026-10-09,Spara's Headquarters,psnc,Normal,14.92,17.99,10.9
2026-10-09,"Mondrak, Glory Dominus",one,Normal,49.2,74.99,31.0
2026-10-09,Misty Rainforest,zne,Normal,54.1,57.99,38.77
2026-10-09,Windswept Heath,zne,Normal,31.86,32.99,28.99
2026-10-09,Flooded Strand,zne,Normal,34.37,39.99,26.25
2026-10-09,Tropical Island,3ed,Normal,593.21,699.99,376.62
2026-10-09,Tundra,3ed,Normal,695.59,849.99,300.0
2026-10-09,"Mona Lisa, Ever Adaptable",tmc,Normal,3.55,5.49,3.55
2026-10-09,"Yavimaya, Cradle of Growth",ltc,Normal,52.27,74.99,58.0
2026-10-09,"Adrix and Nev, Twincasters",c21,Foil,8.3,8.99,7.24
2026-10-09,Academy Manufactor,sld,Foil,15.61,20.99,9.99
2026-10-09,"Donatello, the Brains",tmc,Foil,0.72,0.99,0.57
2026-10-09,The Wondrous Wasp,msh,Normal,0.62,1.99,1.1
2026-10-09,"King T'Challa // Black Panther, Hope Enduring",msh,Normal,17.41,21.99,16.9
2026-10-09,"Mister Fantastic, Reed Richards",msh,Normal,0.32,0.59,0.31
2026-10-09,"Tippy-Toe, Terrific Partner",sld,Normal,11.48,16.99,20.69
2026-10-09,"Justice, Vance Astrovik",msh,Normal,0.13,0.35,0.15
2026-10-09,"Meatsqueak, Hoard Lord",mbc,Normal,,,
2026-10-09,Cryptolith Fragment // Aurora of Emrakul,inr,Normal,0.36,0.69,0.15
2026-10-09,"Lita, Little Orphan Amphibian",tmt,Foil,0.3,0.49,0.19
2026-10-09,The Goose Mother,woe,Normal,0.43,0.49,0.5
2026-10-09,Sarah Jane Smith,who,Foil,1.71,0.99,0.59
2026-10-09,"The Theorist, Jace Beleren",fra,Normal,46.63,42.99,30.49
2026-10-09,Cyclonic Rift,soa,Normal,33.17,42.99,26.33
2026-10-09,The Fourth Doctor,who,Foil,1.22,0.99,1.0
2026-10-09,Embiggen,unf,Normal,0.22,0.79,0.1
2026-10-09,Empyrial Armor,wth,Normal,0.31,0.35,0.15
2026-10-09,Empyrial Plate,c16,Normal,1.85,2.79,0.78
2026-10-09,"Inner Calm, Outer Strength",sok,Normal,0.28,0.35,0.02
2026-10-09,Wild Defiance,avr,Normal,0.68,0.99,0.66
2026-10-09,Reliquary Tower,brc,Normal,5.86,8.99,4.87
2026-10-09,Llanowar Elves,7ed,Normal,0.53,0.69,1.42
2026-10-09,Phytoburst,dgm,Normal,0.18,0.35,0.18
2026-10-09,Flaming Fist,clb,Normal,0.27,0.35,0.09
2026-10-09,Might of the Nephilim,dis,Normal,0.58,1.29,0.59
2026-10-09,Tamiyo's Safekeeping,neo,Normal,4.61,8.49,3.69
2026-10-09,Ranger's Guile,isd,Normal,0.2,0.35,0.19
2026-10-09,Scent of Ivy,uds,Normal,0.23,0.35,0.25
2026-10-09,Tyvar's Stand,one,Normal,1.52,3.49,1.2
2026-10-09,Scale Up,mh1,Normal,0.46,0.79,0.22
2026-10-09,Titanic Growth,one,Normal,0.22,0.35,0.16
2026-10-09,Arbor Elf,pw21,Normal,0.48,1.49,0.75
2026-10-09,Swords to Plowshares,40k,Normal,2.35,3.99,1.3
2026-10-09,Path to Exile,ss2,Normal,2.01,2.79,1.49
2026-10-09,Blossoming Defense,kld,Normal,0.32,0.79,0.17
2026-10-09,Summer Bloom,2x2,Normal,1.79,1.99,0.22
2026-10-09,Spellbook,9ed,Normal,2.86,4.99,1.18
2026-10-09,Revive,mmq,Normal,0.2,0.39,0.05
2026-10-09,Regrowth,sta,Normal,1.43,1.49,0.56
2026-10-09,Groundswell,wwk,Normal,0.33,0.59,0.23
2026-10-09,Birds of Paradise,dmr,Normal,11.37,15.99,15.97
2026-10-09,Bridgeworks Battle // Tanglespan Bridgeworks,mh3,Normal,1.3,1.99,1.13
2026-10-09,Choose Your Weapon,afr,Normal,0.24,0.35,0.1
2026-10-09,Bounty of the Hunt,all,Normal,0.42,0.69,0.47
2026-10-09,Become Immense,ktk,Normal,0.27,0.35,0.14
2026-10-09,Collective Resistance,mh3,Normal,2.34,2.99,2.14
2026-10-09,Snakeskin Veil,sta,Normal,0.31,1.29,0.24
2026-10-09,Elvish Mystic,m15,Normal,0.59,1.79,0.68
2026-10-09,Vines of Vastwood,zen,Normal,1.68,2.49,1.41
2026-10-09,Wild Growth,ice,Normal,0.64,0.99,0.58
2026-10-09,Fyndhorn Elves,p30a,Foil,,7.49,4.91
2026-10-09,Might of Old Krosa,tsp,Normal,0.3,0.39,0.26
2026-10-09,Overprotect,blb,Foil,2.36,3.49,1.38
2026-10-09,Ram Through,iko,Normal,0.43,0.79,0.56
2026-10-09,Command Tower,cmr,Normal,0.3,0.69,0.15
2026-10-09,Sol Ring,c14,Normal,1.99,2.99,1.55
2026-10-09,Blacksmith's Skill,mh2,Normal,0.37,0.79,0.16
2026-10-09,Defend the Rider,dft,Normal,0.82,2.49,1.63
2026-10-09,Delighted Halfling,ltr,Normal,25.15,32.99,21.34
2026-10-09,Razorverge Thicket,blc,Normal,0.4,0.99,0.8
2026-10-09,Horizon Canopy,ima,Normal,4.58,6.49,2.49
2026-10-09,Branchloft Pathway // Boulderloft Pathway,znr,Normal,3.48,4.99,3.7
2026-10-09,Dual-Sun Technique,eoe,Normal,0.25,0.35,0.14
2026-10-09,Voice of Victory,tdm,Normal,20.12,29.99,20.8
2026-10-09,Grow Extra Arms,spm,Normal,0.13,0.35,0.05
2026-10-09,Avacyn's Pilgrim,pf25,Foil,4.24,6.49,7.49
2026-10-09,Chrome Mox,2xm,Normal,167.03,179.99,119.99
2026-10-09,Crop Rotation,soa,Foil,4.65,6.99,4.33
2026-10-09,Gift of the Viper,mh3,Normal,0.31,0.39,0.35
2026-10-09,Enlightened Tutor,6ed,Normal,36.48,47.99,24.12
2026-10-09,"Heliod, Sun-Crowned",thb,Normal,19.66,29.99,16.45
2026-10-09,Lotus Petal,mb2,Normal,35.22,44.99,26.66
2026-10-09,Elvish Spirit Guide,dmr,Normal,3.32,3.99,1.54
2026-10-09,Invigorate,2xm,Foil,0.45,0.79,0.51
2026-10-09,Walking Ballista,mb2,Normal,8.81,11.99,8.0
2026-10-09,Mutagenic Growth,nph,Normal,1.62,2.79,2.57
2026-10-09,Rustler Rampage,otj,Normal,0.27,0.39,0.02
2026-10-09,Tifa's Limit Break,fin,Normal,0.29,0.35,0.19
2026-10-09,Feral Ferocity,msc,Normal,0.21,0.99,0.25
2026-10-09,Forest,dmu,Foil,0.22,0.49,0.24
2026-10-09,Bala Ged Recovery // Bala Ged Sanctuary,znr,Normal,7.34,10.99,5.39
2026-10-09,Graduation Day,sos,Normal,0.27,0.35,0.11
2026-10-09,Giant Growth,soa,Normal,0.23,0.35,0.11
2026-10-09,Forbidden Orchard,c16,Normal,10.15,16.99,6.11
2026-10-09,Berserk,soa,Normal,7.27,10.99,9.02
2026-10-09,Royal Treatment,soa,Normal,0.24,0.35,0.37
2026-10-09,Mana Confluence,jou,Normal,34.87,44.99,24.23
2026-10-09,Plains,40k,Foil,1.15,,
2026-10-09,Verdant Catacombs,zne,Normal,50.23,49.99,31.94
2026-10-09,Prismatic Vista,zne,Normal,41.45,59.99,30.0
2026-10-09,Wooded Foothills,zne,Normal,31.74,37.99,24.95
2026-10-09,Brushland,bro,Normal,4.23,4.49,2.32
2026-10-09,Utopia Sprawl,sld,Foil,7.78,10.99,7.3
2026-10-09,Gemstone Caverns,eos,Normal,90.26,109.99,74.98
2026-10-09,Sergeant John Benton,who,Foil,11.91,9.99,7.5
2026-10-09,City of Brass,2x2,Normal,27.37,27.99,23.31
2026-10-09,Bojuka Bog,brc,Normal,3.65,6.49,2.8
2026-10-09,Blood Artist,plst,Normal,3.93,4.49,2.27
2026-10-09,"Journey to Eternity // Atzal, Cave of Eternity",rix,Normal,4.96,6.49,4.6
2026-10-09,Dread Return,cmm,Normal,0.69,1.29,0.81
2026-10-09,Viridian Emissary,mbs,Normal,0.25,0.35,0.15
2026-10-09,Woodland Cemetery,sld,Foil,18.04,18.99,13.02
2026-10-09,Thespian's Stage,who,Normal,0.43,0.99,0.71
2026-10-09,Stitcher's Supplier,m19,Normal,0.48,1.29,0.79
2026-10-09,Noxious Gearhulk,moc,Normal,0.84,1.29,0.75
2026-10-09,Command Tower,cc1,Normal,4.29,4.49,1.99
2026-10-09,Necron Deathmark,40k,Normal,4.75,5.99,6.44
2026-10-09,Satyr Wayfinder,znc,Normal,0.2,0.35,0.05
2026-10-09,Skullwinder,m3c,Normal,0.36,0.35,0.14
2026-10-09,Chthonian Nightmare,mh3,Foil,4.56,9.99,5.99
2026-10-09,Rise of the Witch-king,ltr,Normal,0.51,0.79,0.3
2026-10-09,Fabled Passage,eoc,Normal,1.26,2.79,1.5
2026-10-09,Clifftop Lookout,blb,Normal,0.28,0.39,0.1
2026-10-09,Ripples of Undeath,mh3,Normal,8.79,11.99,6.64
2026-10-09,Primal Druid,emn,Normal,0.22,0.35,0.05
2026-10-09,Undergrowth Stadium,cmr,Normal,6.64,10.99,7.47
2026-10-09,"Takenuma, Abandoned Mire",neo,Normal,10.49,17.99,10.27
2026-10-09,Eternal Witness,m3c,Normal,2.18,2.49,1.37
2026-10-09,Zulaport Cutthroat,bfz,Normal,1.73,2.79,1.44
2026-10-09,"Sephiroth, Fabled SOLDIER // Sephiroth, One-Winged Angel",fin,Normal,27.77,42.99,30.55
2026-10-09,Field of the Dead,slc,Normal,26.95,32.99,21.58
2026-10-09,Haywire Mite,bro,Normal,1.4,0.99,0.95
2026-10-09,Blossoming Tortoise,woe,Normal,4.92,6.99,5.25
2026-10-09,Deathcap Glade,vow,Foil,7.41,6.99,5.99
2026-10-09,Metamorphosis Fanatic,dsc,Normal,5.76,8.99,6.75
2026-10-09,Prowling Geistcatcher,mic,Normal,0.57,0.99,0.71
2026-10-09,Wastewood Verge,dft,Normal,9.66,14.99,8.63
2026-10-09,Accursed Marauder,mh3,Normal,0.33,0.69,0.38
2026-10-09,Vein Ripper,mkm,Foil,7.28,11.99,7.77
2026-10-09,"Urborg, Tomb of Yawgmoth",tsr,Normal,55.48,59.99,38.12
2026-10-09,Birthing Ritual,mh3,Normal,3.99,5.99,5.77
2026-10-09,"Braids, Arisen Nightmare",dmu,Normal,4.17,6.99,3.32
2026-10-09,Wight of the Reliquary,mh3,Normal,0.84,1.29,0.62
2026-10-09,Spinner of Souls,fdn,Normal,0.86,0.99,0.93
2026-10-09,"Lumra, Bellow of the Woods",blb,Normal,28.68,39.99,27.62
2026-10-09,Incarnation Technique,c21,Normal,9.35,18.99,12.2
2026-10-09,Skyfisher Spider,bro,Normal,0.25,0.39,0.12
2026-10-09,Vernal Fen,eoc,Normal,2.57,2.29,1.74
2026-10-09,"Vraska, the Cutting Glare",fra,Normal,0.4,0.49,0.6
2026-10-09,"Pia, Aether Ascetic",fra,Normal,1.13,2.49,0.5
2026-10-09,"Winter, Tormented Loner",fra,Normal,0.42,0.35,0.38
2026-10-09,Simulacrum Shaper,fra,Normal,1.8,2.49,2.59
2026-10-09,Primal Witchstalker,fra,Normal,0.28,0.35,0.18
2026-10-09,Aftermath Analyst,mkm,Normal,1.67,1.79,1.53
2026-10-09,Reclamation Sage,fdn,Normal,0.33,0.69,0.35
2026-10-09,Umbral Collar Zealot,eoe,Foil,1.06,2.49,1.54
2026-10-09,Disciple of Freyalise // Garden of Freyalise,mh3,Normal,5.4,7.99,3.27
2026-10-09,Living Death,ltc,Normal,7.46,8.49,3.94
2026-10-09,Underground Mortuary,mkm,Normal,16.3,22.99,15.71
2026-10-09,Hedge Shredder,dsk,Normal,3.21,3.99,1.79
2026-10-09,Altar of Dementia,brr,Normal,24.37,34.99,23.35
2026-10-09,Icetill Explorer,eoe,Normal,23.88,39.99,27.27
2026-10-09,Stinkweed Imp,gk1,Normal,2.12,1.29,1.19
2026-10-09,Cauldron of Essence,sos,Normal,4.44,5.49,3.99
2026-10-09,Dark Matter Manipulator,fra,Normal,0.92,2.99,1.26
2026-10-09,Snow-Covered Forest,mb2,Normal,2.14,3.49,1.99
2026-10-09,Fanatic of Rhonas,mh3,Normal,15.78,23.99,15.87
2026-10-09,Llanowar Wastes,bro,Normal,4.06,6.49,3.99
2026-10-09,Merchant of Venom,soc,Normal,0.31,0.49,0.2
2026-10-09,Colossal Grave-Reaver,tdc,Normal,10.58,17.99,11.16
2026-10-09,"Armaggon, Future Shark",tmt,Foil,2.36,1.99,1.94
2026-10-09,Snow-Covered Swamp,mb2,Normal,1.95,3.99,1.89
2026-10-09,Nurturing Peatland,mh1,Normal,6.46,8.99,5.88
2026-10-09,Phyrexian Tower,jmp,Normal,29.39,44.99,26.99
2026-10-09,Twilight Mire,blc,Normal,0.44,0.79,0.54
2026-10-09,Golgari Thug,rvr,Foil,2.91,4.49,2.0
2026-10-09,Shifting Woodland,mh3,Normal,7.08,11.99,5.38
2026-10-09,The Meathook Massacre,inr,Normal,35.32,49.99,27.5
2026-10-09,Turbulent Fen,soc,Normal,8.37,9.99,6.46
2026-10-09,Bayou,3ed,Normal,496.92,699.99,284.99
2026-10-09,"Mole Man, Moloid Master",msh,Normal,1.31,2.99,2.51
2026-10-09,Springheart Nantuko,mh3,Normal,8.5,11.99,5.12
2026-10-09,Orcish Bowmasters,ltr,Normal,52.22,69.99,39.5
2026-10-09,Liliana the Repentant,fra,Normal,5.07,7.49,3.34
2026-10-09,Bloodghast,zen,Normal,4.25,5.99,2.33
2026-10-09,Six,mh3,Foil,30.0,44.99,19.67
2026-10-09,Wood Elves,s99,Normal,5.42,6.99,1.99
2026-10-09,Forest,hob,Foil,0.38,0.49,0.42
2026-10-09,Swamp,hob,Foil,0.34,0.49,0.46
2026-10-09,Overgrown Tomb,ecl,Normal,9.01,13.99,8.43
2026-10-09,"Tom, Bert, and William",purl,Normal,,,2.07
2026-10-09,Great Hall of the Citadel,ltr,Normal,0.33,0.99,0.2
2026-10-09,Hall of Echoes,fra,Normal,5.62,6.49,4.93
2026-10-09,Plaza of Heroes,dmu,Normal,6.18,7.49,7.11
2026-10-09,Arena,mb2,Normal,1.03,3.49,2.05
2026-10-09,Cavern of Souls,lci,Normal,51.06,64.99,35.5
2026-10-09,City of Shadows,me3,Normal,,,121.65
2026-10-09,Maze of Ith,dmr,Foil,16.76,22.99,16.75
2026-10-09,Desert of the Indomitable,m3c,Normal,0.3,0.35,0.12
2026-10-09,Wasteland,slc,Normal,16.07,23.99,11.0
2026-10-09,Scorched Ruins,wth,Normal,61.76,74.99,37.99
2026-10-09,Castle Garenbrig,eld,Normal,10.75,13.99,6.39
2026-10-09,Ancient Tomb,zne,Normal,139.31,179.99,125.96
2026-10-09,Ash Barrens,cmm,Normal,0.24,0.35,0.12
2026-10-09,Bant Panorama,ala,Normal,0.65,0.49,0.23
2026-10-09,Crystal Vein,cma,Normal,8.74,9.49,5.85
2026-10-09,Emergence Zone,war,Normal,4.11,4.49,2.04
2026-10-09,Forest,blb,Foil,0.31,1.49,0.46
2026-10-09,Ghost Quarter,ltc,Normal,0.65,0.99,0.98
2026-10-09,Grasslands,cmm,Normal,0.36,0.35,0.15
2026-10-09,Hall of the Bandit Lord,chk,Normal,22.11,24.99,10.04
2026-10-09,Havenwood Battleground,c14,Normal,0.39,0.49,0.32
2026-10-09,Hickory Woodlot,mmq,Normal,4.59,6.99,4.19
2026-10-09,Hollow Trees,5ed,Normal,0.81,1.49,0.97
2026-10-09,Homeward Path,ltc,Normal,12.87,20.99,11.94
2026-10-09,Command Beacon,cmr,Normal,9.46,13.99,8.58
2026-10-09,Dryad Arbor,mb2,Normal,3.27,4.49,2.49
2026-10-09,Echoing Deeps,lci,Normal,0.76,0.59,0.89
2026-10-09,Field of the Dead,m20,Normal,28.94,32.99,25.49
2026-10-09,Gemstone Caverns,plst,Normal,63.18,84.99,42.3
2026-10-09,High Market,c21,Normal,2.63,1.29,1.56
2026-10-09,Horizon of Progress,m3c,Normal,4.58,4.99,2.87
2026-10-09,Diamond Valley,me1,Normal,,,1.96
2026-10-09,City of Traitors,tpr,Normal,,,4.78
2026-10-09,Jund Panorama,ala,Normal,0.44,0.39,0.27
2026-10-09,Mage-Ring Network,cmm,Normal,0.36,0.39,0.14
2026-10-09,"Miren, the Moaning Well",sok,Normal,22.53,37.99,8.0
2026-10-09,Mountain Valley,eoc,Normal,0.26,0.35,0.11
2026-10-09,Myriad Landscape,ltc,Foil,3.98,3.99,3.89
2026-10-09,Mystifying Maze,eos,Normal,2.15,2.99,0.9
2026-10-09,Ominous Cemetery,who,Normal,0.32,0.35,0.18
2026-10-09,Pit of Offerings,lci,Normal,0.36,0.69,0.23
2026-10-09,Rushwood Grove,mmq,Normal,0.6,0.79,0.75
2026-10-09,Safe Haven,tsb,Normal,0.49,0.99,0.3
2026-10-09,Sanctum of Eternity,c19,Normal,6.86,9.99,6.44
2026-10-09,Sandstorm Verge,otj,Normal,0.28,0.35,0.08
2026-10-09,Sequestered Stash,kld,Normal,0.15,0.35,0.24
2026-10-09,Shire Terrace,ltr,Normal,0.28,0.35,0.15
2026-10-09,Slippery Karst,dmr,Normal,0.24,0.35,0.05
2026-10-09,Snow-Covered Forest,mh1,Normal,1.14,1.49,0.77
2026-10-09,Tower of the Magistrate,mb2,Normal,1.42,2.29,2.55
2026-10-09,Underdark Rift,afc,Normal,0.48,0.69,0.1
2026-10-09,"Untaidake, the Cloud Keeper",chk,Normal,5.44,5.99,1.0
2026-10-09,Vesuva,slc,Normal,5.07,6.49,3.99
2026-10-09,Winding Canyons,wth,Normal,35.72,42.99,12.0
2026-10-09,Daily Bugle Building,spm,Normal,0.27,0.39,0.08
2026-10-09,"Argoth, Sanctum of Nature",bro,Normal,3.38,5.49,0.91
2026-10-09,Chocobo Camp,fic,Normal,8.87,18.99,4.99
2026-10-09,Northampton Farm,tmt,Normal,0.29,0.49,0.4
2026-10-09,Tranquil Thicket,mh1,Normal,0.22,0.35,0.02
2026-10-09,Sunken Citadel,lci,Normal,0.51,0.69,1.15
2026-10-09,Temple of the False God,cm2,Normal,0.31,0.35,0.89
2026-10-09,Scavenger Grounds,c21,Normal,0.44,0.59,0.5
2026-10-09,Mariposa Military Base,pip,Normal,0.42,0.69,0.19
2026-10-09,Prismatic Vista,mh1,Normal,30.31,39.99,31.28
2026-10-09,Talon Gates of Madara,m3c,Normal,30.61,42.99,25.65
2026-10-09,Terrain Generator,clb,Normal,2.24,3.49,1.8
2026-10-09,Witch's Clinic,c21,Normal,14.97,18.99,11.95
2026-10-09,The Tabernacle at Pendrell Vale,me3,Normal,,,
2026-10-09,Bazaar of Baghdad,vma,Normal,,,747.66
2026-10-09,Mirrorpool,cmm,Normal,2.8,2.99,2.13
2026-10-09,"Lumra, Bellow of the Woods",blb,Foil,116.69,149.99,145.0
2026-10-09,Yavimaya Hollow,vma,Normal,,,
2026-10-09,Leonin Elder,mrd,Normal,0.36,0.49,0.4
2026-10-09,Ashes of the Abhorrent,xln,Normal,0.78,0.99,0.91
2026-10-09,Aunt May,spm,Normal,0.29,0.35,0.06
2026-10-09,Essence Channeler,blb,Foil,1.24,1.49,1.0
2026-10-09,Powerleech,atq,Normal,20.46,21.99,9.94
2026-10-09,"Ajani, Strength of the Pride",m20,Normal,8.58,12.99,6.11
2026-10-09,Ancient Tomb,zne,Foil,173.11,279.99,179.9
2026-10-09,"Yavimaya, Cradle of Growth",mh2,Foil,24.32,24.99,34.95
2026-10-09,Shefet Dunes,otc,Normal,0.3,0.35,0.37
2026-10-09,Branchloft Pathway // Boulderloft Pathway,znr,Foil,4.68,7.99,4.95
2026-10-09,Brushland,bro,Foil,11.25,14.99,5.85
2026-10-09,"Heliod, Sun-Crowned",sld,Foil,31.93,44.99,33.19
2026-10-09,Exemplar of Light,fdn,Foil,51.84,74.99,33.45
2026-10-09,Swords to Plowshares,sld,Foil,24.19,34.99,24.0
2026-10-09,The One Ring,ltr,Foil,113.62,139.99,97.39
2026-10-09,Kodama of the West Tree,j25,Normal,19.41,24.99,16.32
2026-10-09,Voice of the Blessed,vow,Foil,4.11,5.99,2.99
2026-10-09,Return of the Wildspeaker,znc,Normal,2.32,3.99,1.24
2026-10-09,Archivist of Oghma,clb,Normal,6.65,7.99,7.16
2026-10-09,Sylvan Library,cc1,Normal,27.07,32.99,22.62
2026-10-09,Temple Garden,unf,Normal,19.16,23.99,18.0
2026-10-09,Soul's Attendant,ltc,Foil,10.62,10.99,11.12
2026-10-09,Rogue's Passage,sld,Foil,53.86,49.99,44.98
2026-10-09,Auriok Champion,ima,Normal,11.56,17.99,6.41
2026-10-09,Augur of Autumn,mid,Foil,1.44,0.99,2.5
2026-10-09,Overgrown Farmland,dbl,Normal,5.03,6.99,3.94
2026-10-09,Canopy Vista,ltc,Normal,0.38,0.69,0.45
2026-10-09,Horizon Canopy,zne,Normal,6.3,8.99,6.29
2026-10-09,Windswept Heath,ktk,Normal,12.45,20.99,9.93
2026-10-09,Sunpetal Grove,m10,Normal,1.92,2.79,0.25
2026-10-09,Command Tower,sld,Foil,6.74,7.49,9.95
2026-10-09,Wooded Bastion,shm,Normal,17.39,23.99,11.15
2026-10-09,Hashep Oasis,otc,Normal,0.24,0.35,0.09
2026-10-09,Plains,sld,Foil,6.92,7.49,12.66
2026-10-09,Forest,snc,Normal,0.37,0.49,0.4
2026-10-09,Plains,one,Foil,8.42,10.99,5.63
2026-10-09,Plains,blb,Foil,1.62,1.99,1.49
2026-10-09,Plains,dmu,Foil,4.39,6.99,2.77
2026-10-09,Forest,ltr,Normal,0.8,1.29,0.57
2026-10-09,Plains,thb,Normal,1.31,0.99,0.54
2026-10-09,Plains,neo,Normal,2.97,5.99,2.64
2026-10-09,Plains,ugl,Normal,6.8,7.49,4.8
2026-10-09,Forest,und,Foil,4.27,4.99,4.15
2026-10-09,Forest,tdm,Foil,1.65,1.99,1.94
2026-10-09,Path to Exile,otp,Normal,2.49,2.79,1.31
2026-10-09,Aerith Gainsborough,fin,Normal,2.71,4.49,1.53
2026-10-09,Plains,eoe,Normal,1.1,1.99,0.75
2026-10-09,"Lyra, Archangel of Dawn",fra,Normal,3.86,6.49,3.56
2026-10-09,Unflinching Hortimancer,fra,Normal,0.17,0.35,0.14
2026-10-09,Bloombrute,fra,Normal,0.25,0.35,0.13
2026-10-09,"Celestine, the Living Saint",40k,Normal,25.03,27.99,25.43
2026-10-09,Essence Warden,plc,Normal,8.09,12.99,3.44
2026-10-09,Lunarch Veteran // Luminous Phantom,mid,Normal,0.37,0.79,0.26
2026-10-09,Soul Warden,m10,Foil,10.75,12.99,3.4
2026-10-09,Authority of the Consuls,kld,Normal,5.59,7.49,4.05
2026-10-09,Hinterland Sanctifier,j25,Normal,0.45,0.79,0.33
2026-10-09,Scavenging Ooze,plg21,Foil,0.36,0.59,0.35
2026-10-09,Case of the Uneaten Feast,mkm,Foil,1.64,1.99,0.91
2026-10-09,Shadowspear,thb,Normal,29.86,42.99,22.58
2026-10-09,Terrasymbiosis,eoe,Foil,10.18,14.99,10.95
2026-10-09,Solitude,spg,Foil,48.76,79.99,54.9
2026-10-09,City of Brass,2x2,Foil,40.78,49.99,37.95
2026-10-09,Plains,tla,Normal,0.54,1.29,0.51
2026-10-09,The Destined White Mage,fic,Foil,14.86,17.99,13.99
2026-10-09,Spry and Mighty,ecl,Normal,0.49,0.59,0.4
2026-10-09,Virulent Emissary,ecl,Foil,1.08,0.99,0.5
2026-10-09,Avatar's Wrath,tla,Foil,4.36,5.99,4.25
2026-10-09,Guide of Souls,sch,Foil,7.55,9.49,5.11
2026-10-09,Plains,sos,Foil,1.11,1.99,0.89
2026-10-09,Sungrass Prairie,c19,Normal,0.28,0.49,0.56
2026-10-09,"Tigra, Feline Fury",msh,Normal,0.22,0.35,0.21
2026-10-09,Dr. Beverly Crusher,trk,Normal,52.97,9.99,
2026-10-09,Pest Infestation,otp,Normal,1.13,1.49,1.08
2026-10-09,The Great Henge,eld,Normal,65.28,89.99,46.16
2026-10-09,"Leonardo, Cutting Edge",tmt,Normal,2.68,2.29,2.53
2026-10-09,Elenda's Hierophant,lcc,Normal,4.94,6.49,5.38
2026-10-09,Suture Priest,nph,Normal,1.86,2.79,1.96
2026-10-09,Herd Heirloom,tdm,Normal,4.3,7.49,3.99
2026-10-09,Ajani Resolute,fra,Normal,11.35,14.99,10.49
2026-10-09,Liliana the Faultless,fra,Normal,8.59,9.99,6.45
2026-10-09,Haywire Mite,bro,Foil,3.12,3.49,2.2
2026-10-09,Solarium Sentry,fra,Normal,0.46,0.99,0.86
2026-10-09,"Trelasarra, Moon Dancer",afr,Foil,0.39,1.99,0.3
2026-10-09,Healer's Hawk,jmp,Normal,0.31,0.35,0.51
2026-10-09,Righteous Cause,ons,Normal,0.42,0.49,0.15
2026-10-09,Beast Within,sld,Foil,29.83,29.99,24.95
2026-10-09,Generous Gift,cmm,Normal,1.15,2.29,1.28
2026-10-09,Witch Enchanter // Witch-Blessed Meadow,sld,Foil,76.27,79.99,55.0
2026-10-09,Flare of Denial,mh3,Normal,3.69,4.99,4.28
2026-10-09,"Grazilaxx, Illithid Scholar",clb,Normal,1.77,7.49,1.8
2026-10-09,Inkfathom Infiltrator,plst,Normal,0.37,0.35,0.19
2026-10-09,Lightning Greaves,who,Normal,4.88,6.49,3.82
2026-10-09,Reconnaissance Mission,iko,Normal,0.59,0.99,1.08
2026-10-09,Gudul Lurker,dtk,Normal,0.46,1.29,1.0
2026-10-09,Mist-Cloaked Herald,rix,Normal,0.37,0.69,0.5
2026-10-09,The Indomitable,lcc,Normal,3.54,3.49,2.31
2026-10-09,Dreamroot Cascade,who,Normal,1.06,1.79,0.89
2026-10-09,Beastmaster Ascension,ncc,Normal,7.03,7.99,3.66
2026-10-09,Ohran Frostfang,c19,Normal,7.49,9.99,6.24
2026-10-09,Brazen Borrower // Petty Theft,spg,Normal,6.06,7.49,5.0
2026-10-09,Shipwreck Marsh,mid,Normal,6.96,9.49,6.28
2026-10-09,Morphic Pool,clb,Normal,28.03,39.99,27.85
2026-10-09,Nether Traitor,tsp,Normal,9.64,3.99,2.54
2026-10-09,Clearwater Pathway // Murkwater Pathway,znr,Normal,4.89,5.99,5.22
2026-10-09,Slither Blade,znc,Normal,0.42,0.79,0.2
2026-10-09,Tormented Soul,m12,Normal,0.25,0.35,0.45
2026-10-09,Triton Shorestalker,znc,Normal,0.35,0.79,0.39
2026-10-09,Changeling Outcast,h1r,Foil,5.09,6.99,3.94
2026-10-09,Invisible Stalker,znc,Normal,1.2,1.29,0.6
2026-10-09,Looter il-Kor,ncc,Normal,0.33,0.35,0.05
2026-10-09,"Edric, Spymaster of Trest",cns,Normal,2.81,4.99,1.26
2026-10-09,Bident of Thassa,ths,Normal,0.61,0.79,1.23
2026-10-09,Coastal Piracy,jmp,Normal,1.45,1.99,0.99
2026-10-09,Beast Within,ncc,Normal,1.03,1.49,0.7
2026-10-09,Command Tower,brc,Normal,2.49,3.49,1.45
2026-10-09,Exotic Orchard,brc,Normal,0.59,0.99,0.36
2026-10-09,Path of Ancestry,brc,Normal,0.43,0.59,0.19
2026-10-09,Island,brc,Normal,0.25,0.49,0.1
2026-10-09,Hinterland Harbor,ltc,Normal,0.4,0.69,0.5
2026-10-09,Drowned Catacomb,ltc,Normal,2.46,2.79,2.19
2026-10-09,Enduring Curiosity,dsk,Normal,7.91,11.99,6.6
2026-10-09,"Gix, Yawgmoth Praetor",pbro,Normal,2.2,1.99,2.58
2026-10-09,Rejuvenating Springs,ltc,Normal,4.77,5.99,4.99
2026-10-09,Wu Light Cavalry,ptk,Normal,3.84,1.29,1.21
2026-10-09,Barkchannel Pathway // Tidechannel Pathway,khm,Normal,4.97,7.49,4.98
2026-10-09,Mockingbird,blb,Normal,3.47,4.99,2.83
2026-10-09,Zagoth Triome,iko,Normal,21.77,29.99,17.96
2026-10-09,Breeding Pool,gtc,Normal,10.03,17.99,9.49
2026-10-09,Watery Grave,grn,Normal,9.79,13.99,10.12
2026-10-09,Baleful Strix,blc,Normal,14.15,16.99,13.5
2026-10-09,Sink into Stupor // Soporific Springs,mh3,Normal,9.52,13.99,7.42
2026-10-09,Cephalid Facetaker,ncc,Normal,3.94,3.99,3.58
2026-10-09,Into the Flood Maw,blb,Normal,3.15,3.99,1.7
2026-10-09,Willowrush Verge,dft,Normal,4.75,9.49,8.28
2026-10-09,Shoreline Looter,blb,Foil,1.22,2.99,1.98
2026-10-09,Unsubstantiate,m21,Normal,0.34,0.69,0.12
2026-10-09,Ledger Shredder,snc,Normal,9.94,12.99,8.14
2026-10-09,Gloomlake Verge,dsk,Normal,10.72,17.99,10.3
2026-10-09,Flooded Grove,ltc,Normal,0.35,0.49,0.33
2026-10-09,Sunken Ruins,fic,Normal,2.27,3.49,2.99
2026-10-09,Departed Deckhand,lcc,Normal,0.34,0.35,0.1
2026-10-09,Notorious Throng,znc,Normal,3.33,3.49,2.97
2026-10-09,Dauthi Voidwalker,sld,Foil,15.27,14.99,12.49
2026-10-09,Silent Hallcreeper,dsk,Normal,1.19,2.29,1.75
2026-10-09,Thieving Skydiver,znr,Normal,0.24,0.69,0.41
2026-10-09,Faerie Mastermind,pmom,Normal,11.82,17.99,10.42
2026-10-09,Swamp,brc,Normal,0.36,0.49,0.19
2026-10-09,Geist of Saint Thalia,fra,Normal,9.06,8.99,4.55
2026-10-09,Orochi Soul-Reaver,otc,Normal,9.76,9.49,8.74
2026-10-09,Grim Hireling,afc,Normal,13.19,15.99,21.62
2026-10-09,Vedalken Infiltrator,mh2,Normal,0.23,0.35,0.2
2026-10-09,Bitterbloom Bearer,ecl,Normal,18.05,24.99,23.98
2026-10-09,Spectral Sailor,lcc,Normal,0.35,0.35,0.1
2026-10-09,"Malcolm, Alluring Scoundrel",plci,Normal,3.64,4.99,1.99
2026-10-09,Spyglass Siren,lci,Normal,0.31,0.69,0.86
2026-10-09,Waterbender Ascension,tla,Normal,0.63,1.29,0.76
2026-10-09,Flitterwing Nuisance,ecl,Normal,0.68,0.99,1.06
2026-10-09,Siren Stormtamer,lcc,Normal,0.48,0.69,0.93
2026-10-09,Cloud Pirates,por,Normal,1.88,2.49,1.2
2026-10-09,River of Tears,fut,Normal,1.78,3.49,1.75
2026-10-09,"Irma, Part-Time Mutant",tmc,Normal,4.69,6.99,4.27
2026-10-09,Scale Up,h1r,Foil,1.44,1.79,1.49
2026-10-09,"Toski, Bearer of Secrets",spg,Normal,16.5,22.99,12.0
2026-10-09,Faerie Slumber Party,woe,Normal,1.9,2.79,0.99
2026-10-09,Tegwyll's Scouring,woc,Normal,1.01,1.99,0.69
2026-10-09,Fell the Profane // Fell Mire,mh3,Normal,5.61,7.99,4.47
2026-10-09,Forest,inr,Normal,0.48,0.79,0.39
2026-10-09,Polluted Delta,zne,Normal,47.88,49.99,39.0
2026-10-09,The Destined Thief,fic,Foil,3.03,5.99,4.06
2026-10-09,Tezzeret the Seeker,sld,Normal,28.95,34.99,18.94
2026-10-09,Underground Sea,3ed,Normal,1105.08,1499.99,520.0
2026-10-09,"Wan Shi Tong, Librarian",tla,Foil,37.79,54.99,72.0
2026-10-09,Skyserpent Seeker,dft,Normal,0.32,0.79,0.1
2026-10-09,"Bilbo, Luckwearer // Burglar's Plot",pw26,Normal,0.53,0.79,0.74
2026-10-09,"Ikra Shidiqi, the Usurper",c16,Foil,1.23,1.79,0.7
2026-10-09,Skateboard,tmt,Normal,0.33,0.79,0.24
2026-10-09,"Malcolm, Keen-Eyed Navigator",spg,Foil,15.2,17.99,16.9
2026-10-10,Sire of Seven Deaths,fdn,Normal,33.75,47.99,38.16
2026-10-10,"Elrond, Moon-Reader",hob,Normal,1.54,1.99,2.44
2026-10-10,Exit Specialist,mkm,Normal,0.21,0.35,0.1
2026-10-10,Dreamstone Hedron,cmr,Normal,0.32,0.35,0.09
2026-10-10,Stonespeaker Crystal,clb,Normal,0.37,1.29,0.39
2026-10-10,The Eternity Elevator,eoe,Normal,3.46,3.49,1.36
2026-10-10,Waterbender's Restoration,tle,Normal,3.98,5.49,3.99
2026-10-10,Lord of Change,40k,Normal,2.91,3.99,2.45
2026-10-10,Fear of Sleep Paralysis,dsc,Normal,0.38,1.49,0.62
2026-10-10,Sol Ring,blc,Normal,2.29,2.79,1.32
2026-10-10,Scroll Rack,cmr,Normal,30.65,44.99,29.93
2026-10-10,Illusionist's Bracers,rvr,Foil,5.49,6.99,3.8
2026-10-10,Wonder,cma,Normal,3.54,3.49,1.3
2026-10-10,Cavalier of Gales,j25,Normal,1.56,2.99,3.61
2026-10-10,Glasspool Mimic // Glasspool Shore,znr,Normal,6.44,10.99,6.36
2026-10-10,Heartstone,plst,Normal,1.82,2.49,1.2
2026-10-10,"Silver Surfer, Cosmic Voyager",msc,Normal,0.64,1.29,1.19
2026-10-10,Displacer Kitten,pclb,Foil,23.18,89.99,34.99
2026-10-10,Training Grounds,mat,Normal,10.02,10.99,5.48
2026-10-10,"Grazilaxx, Illithid Scholar",sld,Normal,2.97,,4.2
2026-10-10,Stratus Dancer,c19,Normal,0.38,0.49,0.48
2026-10-10,Y'shtola Rhul,fin,Normal,5.14,6.99,3.61
2026-10-10,Unstoppable Plan,dft,Normal,2.28,3.99,1.69
2026-10-10,Gilded Lotus,msc,Normal,0.62,1.49,0.52
2026-10-10,Sceptre of Eternal Glory,40k,Normal,20.16,23.99,17.65
2026-10-10,Chromatic Orrery,m21,Normal,32.27,47.99,19.91
2026-10-10,Ring of the Lucii,fin,Normal,0.29,0.49,0.13
2026-10-10,Brass Infiniscope,soc,Normal,0.28,0.49,0.31
2026-10-10,"Galactus, Devourer of Worlds",msc,Normal,3.66,5.99,3.92
2026-10-10,"Tri-Sentinel, Act of Vengeance",msc,Normal,0.4,0.69,0.3
2026-10-10,Displace,emn,Normal,0.36,0.59,0.58
2026-10-10,Conjurer's Closet,inr,Normal,6.75,10.99,3.0
2026-10-10,Baboon Spirit,tle,Foil,0.44,0.49,0.68
2026-10-10,"Gandalf, Shadow's Foe",hoc,Normal,20.59,32.99,19.2
2026-10-10,"Ixidor, Reality Sculptor",ons,Normal,2.09,4.49,1.63
2026-10-10,Branch of Vitu-Ghazi,mkm,Normal,0.99,0.35,0.13
2026-10-10,"Otawara, Soaring City",neo,Normal,26.48,42.99,24.2
2026-10-10,Dowsing Dagger // Lost Vale,xln,Normal,7.39,7.99,5.0
2026-10-10,Sword of Hearth and Home,tmc,Foil,12.75,14.99,9.22
2026-10-10,Abhorrent Oculus,pdsk,Normal,11.71,16.99,11.0
2026-10-10,Dour Port-Mage,blb,Normal,3.28,4.99,3.15
2026-10-10,"Thassa, Deep-Dwelling",thb,Foil,34.66,44.99,32.5
2026-10-10,Bender's Waterskin,tla,Normal,1.06,1.79,0.84
2026-10-10,Island,j25,Normal,0.16,0.35,0.1
2026-10-10,Hide on the Ceiling,spm,Normal,0.89,1.79,1.01
2026-10-10,Relic of Legends,dmu,Normal,2.61,2.29,1.94
2026-10-10,"Wan Shi Tong, All-Knowing",tle,Foil,3.74,4.49,3.41
2026-10-10,Wurmcoil Engine,sld,Foil,10.18,11.99,12.0
2026-10-10,Essence Flux,inr,Normal,1.82,1.99,0.88
2026-10-10,Siren Stormtamer,cmr,Normal,0.5,0.69,0.41
2026-10-10,Glitch Interpreter,dsc,Normal,0.33,0.49,0.15
2026-10-10,Enigma Thief,znc,Normal,0.4,0.99,0.3
2026-10-10,Primordial Mist,dsc,Normal,0.35,0.49,0.3
2026-10-10,"Sash and Waistcoat, Unmen",mbc,Normal,,,
2026-10-10,Ur-Golem's Eye,dst,Normal,0.33,0.39,0.5
2026-10-10,Scourge of Fleets,jou,Normal,0.54,1.49,0.3
2026-10-10,Spellskite,sld,Normal,15.51,16.99,16.44
2026-10-10,Sol Talisman,mh2,Normal,1.1,1.79,0.6
2026-10-10,Gossip's Talent,blb,Foil,0.36,0.49,0.22
2026-10-10,Voidwalk,gtc,Normal,0.25,0.35,0.15
2026-10-10,Zoetic Cavern,fut,Normal,0.4,0.39,0.26
2026-10-10,Scroll of Fate,c19,Normal,0.3,0.49,0.14
2026-10-10,Willbender,lgn,Normal,0.26,0.35,0.25
2026-10-10,Ghostly Flicker,sld,Foil,6.21,14.99,11.95
2026-10-10,Thran Dynamo,blc,Normal,4.38,3.49,2.95
2026-10-10,Hedron Archive,c21,Normal,0.32,0.59,0.09
2026-10-10,Marang River Regent // Coil and Catch,tdm,Foil,2.08,2.49,2.4
2026-10-10,Battlefield Forge,c21,Normal,0.43,0.69,0.8
2026-10-10,Path of Ancestry,m3c,Normal,0.35,0.35,0.13
2026-10-10,The Gaffer,ltc,Normal,6.91,9.99,8.94
2026-10-10,Genji Glove,fin,Normal,8.6,13.99,4.85
2026-10-10,Descent into Avernus,sld,Foil,17.65,24.99,18.9
2026-10-10,Improvisation Capstone,sos,Normal,13.12,18.99,13.99
2026-10-10,Ingris Stingerquill,fra,Normal,14.11,13.99,7.79
2026-10-10,Tymna the Weaver,c16,Foil,31.54,29.99,30.5
2026-10-10,"Arabella, Abandoned Doll",dsk,Normal,0.91,0.79,0.3
2026-10-10,"Vito, Thorn of the Dusk Rose",pm21,Foil,11.25,15.99,10.69
2026-10-10,Professional Face-Breaker,snc,Normal,6.14,9.99,4.84
2026-10-10,Guild Artisan,clb,Normal,0.25,0.59,0.23
2026-10-10,"Elas il-Kor, Sadistic Pilgrim",dmu,Normal,0.79,2.29,0.96
2026-10-10,Arbaaz Mir,acr,Normal,0.29,0.35,0.12
2026-10-10,"Prosper, Tome-Bound",afc,Foil,6.87,8.49,5.1
2026-10-10,Access Tunnel,ltc,Normal,0.41,0.79,0.7
2026-10-10,"Shizo, Death's Storehouse",dmc,Normal,34.44,34.99,21.0
2026-10-10,Arcane Signet,nec,Normal,0.74,0.79,0.29
2026-10-10,Talisman of Hierarchy,pip,Normal,0.67,0.99,1.0
2026-10-10,Boros Signet,c15,Normal,0.54,1.49,0.75
2026-10-10,Talisman of Conviction,ltc,Normal,0.4,0.99,0.4
2026-10-10,Talisman of Indulgence,40k,Normal,3.62,4.99,2.48
2026-10-10,Silver Shroud Costume,sld,Foil,10.95,16.99,9.44
2026-10-10,Inkshield,sld,Foil,10.7,13.99,8.8
2026-10-10,Damn,mh2,Normal,1.79,3.49,1.75
2026-10-10,Sundering Eruption // Volcanic Fissure,mh3,Normal,1.47,3.49,1.7
2026-10-10,Steelshaper's Gift,sld,Foil,13.74,18.99,8.49
2026-10-10,Avatar's Wrath,tla,Normal,3.8,6.99,3.77
2026-10-10,Dusk // Dawn,blc,Normal,0.29,0.59,0.22
2026-10-10,Swords to Plowshares,dmr,Normal,2.16,2.99,1.14
2026-10-10,Duelist's Heritage,tle,Normal,2.44,5.49,2.99
2026-10-10,Thieves' Tools,clb,Foil,0.31,0.49,0.1
2026-10-10,Lightning Greaves,c19,Normal,4.85,7.49,5.02
2026-10-10,"Daxos, Blessed by the Sun",thb,Normal,0.28,0.49,0.06
2026-10-10,"Delney, Streetwise Lookout",mkm,Normal,34.87,47.99,30.0
2026-10-10,"Gollum, Obsessed Stalker",ltc,Normal,0.33,0.49,0.4
2026-10-10,"Anim Pakal, Thousandth Moon",lci,Normal,4.3,5.99,4.81
2026-10-10,"Elena, Turk Recruit",fic,Normal,0.22,0.49,0.2
2026-10-10,"Subira, Tulzidi Caravanner",m21,Normal,0.31,0.49,0.26
2026-10-10,"Deadpool, Trading Card",sld,Foil,14.63,18.99,19.29
2026-10-10,Brash Taunter,m21,Normal,3.93,3.99,1.79
2026-10-10,Exotic Orchard,c19,Normal,0.33,0.59,0.2
2026-10-10,Great Hall of the Citadel,ltr,Foil,0.42,0.99,0.24
2026-10-10,Rogue's Passage,ltc,Normal,0.76,1.29,1.09
2026-10-10,"Saradoc, Master of Buckland",ltr,Normal,0.34,0.69,0.32
2026-10-10,"Mangara, the Diplomat",blc,Normal,0.46,0.99,0.75
2026-10-10,Fellwar Stone,ncc,Normal,1.44,1.79,0.93
2026-10-10,Orzhov Signet,brc,Normal,0.6,1.29,0.42
2026-10-10,Deadly Rollick,sld,Foil,26.92,37.99,24.14
2026-10-10,"Mjölnir, Hammer of Thor",msh,Normal,14.92,22.99,15.91
2026-10-10,"Shanid, Sleepers' Scourge",dmc,Foil,2.92,3.99,1.67
2026-10-10,Falcon and Redwing,msc,Normal,0.67,1.49,0.68
2026-10-10,"Black Widow, Agile Avenger",msc,Normal,6.03,8.99,6.84
2026-10-10,"General Kreat, the Boltbringer",j25,Normal,6.93,9.99,8.62
2026-10-10,Savai Triome,iko,Normal,18.07,27.99,13.25
2026-10-10,Darkstar Augur,blb,Normal,2.0,2.29,1.51
2026-10-10,Brotherhood Regalia,acr,Foil,10.14,17.99,8.9
2026-10-10,"Lotho, Corrupt Shirriff",ltr,Normal,11.16,13.99,9.0
2026-10-10,Loran of the Third Path,bro,Normal,7.89,11.99,7.0
2026-10-10,"Moseo, Vein's New Dean",sos,Foil,1.02,0.99,1.58
2026-10-10,Plaza of Heroes,dmu,Foil,10.11,13.99,10.35
2026-10-10,"Minas Morgul, Dark Fortress",ltc,Foil,11.35,16.99,14.99
2026-10-10,Eiganjo Castle,chk,Normal,14.88,10.99,8.75
2026-10-10,Fabled Passage,tmc,Normal,1.5,1.79,1.23
2026-10-10,Clifftop Retreat,pip,Normal,0.38,0.69,0.39
2026-10-10,Caves of Koilos,dmu,Normal,2.93,6.49,2.75
2026-10-10,Isolated Chapel,ltc,Normal,0.44,1.29,0.77
2026-10-10,Fetid Heath,tdc,Normal,0.52,0.79,0.63
2026-10-10,Knuckles the Echidna,sld,Foil,23.18,27.99,19.9
2026-10-10,Scheming Silvertongue // Sign in Blood,sos,Foil,1.54,1.99,1.66
2026-10-10,Villainous Wrath,spm,Foil,1.2,1.49,1.49
2026-10-10,Swamp,mkm,Foil,0.64,1.49,0.49
2026-10-10,Mountain,mkm,Normal,0.31,0.79,0.21
2026-10-10,Plains,mkm,Foil,0.35,1.99,0.04
2026-10-10,Plateau,3ed,Normal,390.15,499.99,262.5
2026-10-10,Blood Crypt,rvr,Normal,9.99,14.99,10.51
2026-10-10,Sacred Foundry,rvr,Normal,11.79,17.99,12.06
2026-10-10,Scrubland,3ed,Normal,452.96,599.99,265.0
2026-10-10,Arid Mesa,zne,Normal,46.97,54.99,32.99
2026-10-10,Marsh Flats,zne,Normal,46.38,74.99,37.0
2026-10-10,Badlands,3ed,Normal,590.77,749.99,332.5
2026-10-10,Bloodstained Mire,zne,Normal,38.76,44.99,25.93
2026-10-10,Godless Shrine,rvr,Normal,9.62,13.99,9.0
2026-10-10,Witch Enchanter // Witch-Blessed Meadow,mh3,Foil,7.49,10.99,6.27
2026-10-10,Chaos Warp,sld,Foil,10.54,12.99,7.2
2026-10-10,Wayfarer's Bauble,sld,Foil,5.1,7.49,1.67
2026-10-10,Aggravated Assault,sld,Foil,31.61,32.99,17.97
2026-10-10,"Kellan, the Fae-Blooded // Birthright Boon",woe,Normal,6.38,7.49,5.99
2026-10-10,The Reaver Cleaver,sld,Normal,26.73,34.99,17.0
2026-10-10,Stoneforge Mystic,spg,Normal,40.04,42.99,24.49
2026-10-10,The Queen of Dale,hob,Normal,20.0,24.99,22.88
2026-10-10,"Kediss, Emberclaw Familiar",sld,Foil,14.88,14.99,13.45
2026-10-10,Command Tower,pw25,Foil,10.98,12.99,7.34
2026-10-10,Abandoned Air Temple,tla,Normal,5.51,9.99,7.23
2026-10-10,"Agent Bishop, Man in Black",tmt,Normal,0.32,0.99,0.27
2026-10-10,Sakura-Tribe Elder,plg24,Foil,3.38,3.99,1.4
2026-10-10,Birds of Paradise,sld,Foil,55.85,64.99,64.95
2026-10-10,Farseek,ltc,Normal,1.7,1.99,1.29
2026-10-10,Three Visits,sld,Foil,53.32,69.99,42.53
2026-10-10,Utopia Sprawl,pf26,Foil,4.23,5.49,5.83
2026-10-10,Nature's Lore,sld,Foil,12.28,11.99,9.67
2026-10-10,Botanical Brawler,mom,Normal,0.3,0.35,0.1
2026-10-10,Commander Liara Portyr,clb,Normal,0.23,0.35,0.02
2026-10-10,Dusk Legion Duelist,mom,Normal,2.66,3.49,1.56
2026-10-10,"Etali, Primal Conqueror // Etali, Primal Sickness",mom,Normal,29.63,34.99,21.78
2026-10-10,Path to Exile,who,Normal,1.7,2.79,1.46
2026-10-10,Healer's Hawk,fdn,Foil,0.31,0.49,0.21
2026-10-10,"Kutzil, Malamet Exemplar",lci,Normal,3.33,3.49,2.63
2026-10-10,Peregrin Took,ltr,Normal,0.99,0.79,0.18
2026-10-10,"Ozolith, the Shattered Spire",mom,Foil,8.89,11.99,5.49
2026-10-10,Kami of Whispered Hopes,mom,Normal,6.12,7.49,2.99
2026-10-10,Rosie Cotton of South Lane,ltr,Normal,0.37,0.49,0.19
2026-10-10,Share the Spoils,afc,Normal,3.57,6.99,4.67
2026-10-10,Sovereign Okinec Ahau,lci,Normal,5.08,3.49,3.02
2026-10-10,Swords to Plowshares,brc,Normal,2.0,3.49,1.48
2026-10-10,The Ozolith,sld,Foil,70.27,79.99,44.99
2026-10-10,Germination Practicum,sos,Normal,12.8,13.99,7.5
2026-10-10,Patrolling Peacemaker,eoc,Normal,2.03,2.79,1.24
2026-10-10,Bigger on the Inside,who,Normal,0.49,0.59,1.13
2026-10-10,Exploration,dmr,Normal,30.01,37.99,30.0
2026-10-10,Generous Pup,j25,Normal,7.92,12.99,6.75
2026-10-10,Esper Sentinel,mh2,Normal,60.8,74.99,42.15
2026-10-10,Kami of Celebration,nec,Normal,1.08,0.99,0.48
2026-10-10,Terrasymbiosis,eoe,Normal,9.96,12.99,10.89
2026-10-10,Rhythm of the Wild,sld,Foil,15.27,16.99,10.19
2026-10-10,"Mikey & Leo, Chaos & Order",tmt,Normal,3.79,5.49,3.04
2026-10-10,Kodama of the West Tree,neo,Normal,21.08,24.99,13.97
2026-10-10,"Halana and Alena, Partners",fdn,Normal,0.35,0.69,0.35
2026-10-10,Ouroboroid,eoe,Normal,44.12,57.99,43.99
2026-10-10,The Ooze,tmt,Normal,4.68,8.49,4.84
2026-10-10,Agatha's Soul Cauldron,woe,Normal,41.12,54.99,34.99
2026-10-10,Hardened Scales,wot,Normal,4.85,5.99,3.28
2026-10-10,"Laelia, the Blade Reforged",mh3,Normal,2.09,2.79,1.59
2026-10-10,Champion of Lambholt,ncc,Normal,4.08,4.49,2.99
2026-10-10,Speaker of the Heavens,plst,Normal,0.37,0.69,0.3
2026-10-10,Beast Within,cmr,Normal,1.06,1.49,0.75
2026-10-10,Suspend Aggression,sos,Normal,0.24,0.49,0.15
2026-10-10,Generous Gift,blc,Normal,1.9,2.79,1.62
2026-10-10,Call Forth the Tempest,hoc,Normal,18.85,27.99,18.05
2026-10-10,Guff Rewrites History,cmm,Normal,2.95,4.49,4.13
2026-10-10,Dispatch,eoc,Normal,0.44,1.79,3.08
2026-10-10,Chaos Warp,c20,Normal,0.7,0.79,0.39
2026-10-10,"Arwen, Weaver of Hope",ltc,Normal,4.99,5.99,4.99
2026-10-10,Heartwood Crafter // Soul Tether,fra,Normal,0.24,0.59,0.13
2026-10-10,Studious First-Year // Rampant Growth,sos,Normal,0.22,0.39,0.1
2026-10-10,Shroofus Sproutsire,j25,Normal,5.33,8.99,3.5
2026-10-10,Wild Wasteland,pip,Normal,1.15,2.99,1.3
2026-10-10,Mosswort Bridge,c18,Normal,0.42,0.69,0.2
2026-10-10,Yotian Dissident,bro,Normal,0.28,0.35,0.14
2026-10-10,Inspiring Statuary,brr,Normal,0.79,1.79,0.3
2026-10-10,"Rocco, Street Chef",mat,Foil,0.67,2.99,0.97
2026-10-10,Aerial Responder,kld,Normal,0.14,0.35,0.2
2026-10-10,Thundering Raiju,neo,Foil,0.63,0.79,0.54
2026-10-10,Forest,otj,Foil,0.33,0.99,0.15
2026-10-10,Mountain,otj,Foil,0.37,0.79,0.34
2026-10-10,Plains,otj,Foil,0.39,0.79,0.4
2026-10-10,Command Tower,c17,Normal,0.37,0.79,0.1
2026-10-10,Hushwood Verge,dsk,Normal,9.62,13.99,6.88
2026-10-10,Jetmir's Garden,snc,Normal,15.21,21.99,12.0
2026-10-10,Thornspire Verge,dsk,Normal,5.74,8.99,4.5
2026-10-10,Exotic Orchard,c21,Normal,0.31,0.59,0.43
2026-10-10,Sunbillow Verge,dft,Normal,11.45,19.99,10.04
2026-10-10,"Yavimaya, Cradle of Growth",mh2,Normal,16.76,21.99,11.98
2026-10-10,"Boseiju, Who Endures",neo,Normal,50.48,64.99,49.46
2026-10-10,Commercial District,mkm,Normal,7.91,11.99,9.26
2026-10-10,Lush Portico,mkm,Normal,6.98,9.99,6.49
2026-10-10,Rockfall Vale,inr,Normal,3.86,4.99,1.25
2026-10-10,Wooded Foothills,mh3,Normal,19.93,29.99,17.25
2026-10-10,Taiga,3ed,Normal,449.66,549.99,272.5
2026-10-10,Stomping Ground,rvr,Normal,8.76,9.99,7.0
2026-10-10,Bountiful Promenade,clb,Normal,8.84,12.99,7.94
2026-10-10,Clifftop Retreat,tdc,Normal,0.32,0.69,0.64
2026-10-10,Rootbound Crag,tdc,Normal,0.41,1.29,0.5
2026-10-10,Overgrown Farmland,inr,Normal,4.32,5.49,2.49
2026-10-10,Spectator Seating,cmm,Normal,11.37,12.99,10.5
2026-10-10,Sundown Pass,inr,Normal,3.2,5.99,3.58
2026-10-10,Spire Garden,clb,Normal,7.14,9.49,8.3
2026-10-10,Temple Garden,rvr,Normal,8.6,11.99,11.51
2026-10-10,Savannah,3ed,Normal,412.51,549.99,204.96
2026-10-10,Arid Mesa,mh2,Normal,31.21,42.99,26.28
2026-10-10,Sunpetal Grove,tdc,Normal,0.49,0.99,0.8
2026-10-10,Windswept Heath,mh3,Normal,12.4,17.99,10.36
2026-10-10,The Echoverse Fulcrum,fra,Normal,3.33,5.99,5.83
2026-10-10,Castle Ardenvale,peld,Normal,2.78,0.79,0.42
2026-10-10,Alhammarret's Archive,c21,Normal,10.49,13.99,9.57
2026-10-10,Loran of the Third Path,blc,Normal,5.27,8.49,4.43
2026-10-10,Claim Jumper,otj,Foil,0.89,1.49,1.49
2026-10-10,Spirited Companion,plst,Normal,0.22,0.59,0.28
2026-10-10,Inspiring Overseer,snc,Normal,0.3,0.69,0.12
2026-10-10,Helpful Hunter,fdn,Normal,0.31,0.59,0.19
2026-10-10,Sun Titan,sld,Normal,6.37,7.99,5.47
2026-10-10,Witch Enchanter // Witch-Blessed Meadow,mh3,Normal,6.26,9.49,4.43
2026-10-10,Pearl Medallion,mh3,Normal,7.49,9.49,4.28
2026-10-10,Clever Concealment,msc,Normal,3.63,5.99,4.69
2026-10-10,Tocasia's Welcome,bro,Normal,3.92,4.49,3.5
2026-10-10,Path to Exile,ltc,Normal,2.11,3.99,1.56
2026-10-10,Plains,hob,Foil,0.39,0.49,0.7
2026-10-10,Enduring Innocence,dsk,Normal,3.13,5.49,4.52
2026-10-10,Monument to Endurance,dft,Normal,16.81,22.99,19.88
2026-10-10,Razorgrass Ambush // Razorgrass Field,mh3,Normal,0.39,0.39,0.25
2026-10-10,Illustrious Wanderglyph,lcc,Normal,15.81,21.99,15.15
2026-10-10,Charismatic Conqueror,lcc,Normal,24.0,34.99,19.47
2026-10-10,Lotus Field,soc,Normal,2.6,3.49,2.65
2026-10-10,Redemption Choir,lcc,Normal,0.38,0.69,0.6
2026-10-10,Lotus Vale,wth,Normal,45.46,57.99,23.0
2026-10-10,Tataru Taru,fic,Normal,5.89,9.49,7.79
2026-10-10,"Emeria, the Sky Ruin",soc,Normal,7.28,8.49,5.01
2026-10-10,War Room,soc,Normal,5.12,6.49,7.74
2026-10-10,Three Tree City,blb,Normal,48.62,69.99,37.0
2026-10-10,Urza's Cave,mh3,Normal,2.61,3.49,1.31
2026-10-10,Trouble in Pairs,mkc,Normal,26.88,32.99,21.96
2026-10-10,Arid Archway,otj,Normal,1.52,1.79,0.52
2026-10-10,Sand Scout,otc,Normal,5.84,7.99,7.57
2026-10-10,"Haliya, Guided by Light",eoe,Normal,4.13,5.99,3.78
2026-10-10,Soul's Attendant,roe,Normal,7.58,10.99,5.8
2026-10-10,Idol of Oblivion,c19,Normal,2.5,4.99,1.37
2026-10-10,Selfless Spirit,blc,Normal,1.0,1.49,0.91
2026-10-10,Authority of the Consuls,fdn,Normal,5.43,6.99,4.69
2026-10-10,Excise the Imperfect,moc,Normal,0.4,0.99,0.56
2026-10-10,Approach of the Second Sun,sta,Normal,7.91,12.99,4.98
2026-10-10,Moonshaker Cavalry,soc,Normal,9.58,10.99,7.8
2026-10-10,Recruiter of the Guard,mh3,Normal,6.93,7.99,6.9
2026-10-10,Mirror Entity,plst,Normal,1.03,1.99,0.99
2026-10-10,Parting Gust,blb,Foil,1.6,2.49,2.34
2026-10-10,Lazotep Quarry,m3c,Normal,9.07,9.99,9.82
2026-10-10,Knight of the White Orchid,sld,Foil,0.83,3.49,3.26
2026-10-10,Remote Farm,mmq,Normal,0.84,1.29,1.39
2026-10-10,"Boseiju, Who Shelters All",sld,Foil,15.09,20.99,10.9
2026-10-10,Chivalric Alliance,moc,Normal,13.2,20.99,16.32
2026-10-10,Archaeomancer's Map,soc,Normal,1.14,2.29,1.4
2026-10-10,Guardian Scalelord,moc,Normal,3.85,3.49,2.1
2026-10-10,"Legion's Landing // Adanto, the First Fort",xln,Normal,3.54,4.49,2.13
2026-10-10,Fountainport,blb,Normal,3.03,5.49,4.05
2026-10-10,Currency Converter,frc,Normal,0.24,0.49,0.35
2026-10-10,Erode,sos,Normal,7.3,12.99,8.37
2026-10-10,Galadriel's Dismissal,ltc,Normal,29.4,47.99,23.49
2026-10-10,Caretaker's Talent,blb,Normal,11.6,16.99,8.78
2026-10-10,Abolish,pcy,Normal,0.99,1.49,0.46
2026-10-10,"Emeria's Call // Emeria, Shattered Skyclave",znr,Normal,4.35,7.49,3.66
2026-10-10,Kami of False Hope,bok,Normal,1.73,0.99,0.44
2026-10-10,Guide of Souls,mh3,Foil,3.96,4.99,4.18
2026-10-10,Loyal Warhound,blc,Normal,0.49,1.29,0.52
2026-10-10,Kindly Customer,tle,Normal,0.27,0.99,0.33
2026-10-10,Cathar Commando,mid,Normal,0.25,0.35,0.24
2026-10-10,Mentor of the Meek,2x2,Normal,0.56,1.49,0.57
2026-10-10,"Bennie Bracks, Zoologist",mkc,Normal,11.25,12.99,8.4
2026-10-10,Deserted Temple,mh3,Normal,0.84,1.79,0.59
2026-10-10,Scavenger Grounds,msc,Normal,0.34,0.49,0.24
2026-10-10,Welcoming Vampire,vow,Normal,4.07,5.49,2.64
2026-10-10,Angel of Indemnity,soc,Normal,0.34,0.79,0.56
2026-10-10,Horn of Gondor,ltr,Foil,3.35,3.99,2.02
2026-10-10,Touch the Spirit Realm,neo,Normal,0.57,1.79,1.0
2026-10-10,Haunted Library,voc,Normal,0.41,1.29,1.08
2026-10-10,Restoration Seminar,sos,Normal,3.58,5.49,2.46
2026-10-10,Skullclamp,brc,Normal,6.89,10.99,6.46
2026-10-10,Sevinne's Reclamation,c19,Normal,0.53,0.59,0.86
2026-10-10,Soul Warden,exo,Normal,3.84,5.49,2.15
2026-10-10,Whitemane Lion,plc,Normal,0.25,0.39,0.02
2026-10-10,Wall of Omens,plst,Normal,0.33,0.35,0.09
2026-10-10,Arcane Signet,p30m,Etched,,,
2026-10-10,"Lonis, Cryptozoologist",mh2,Normal,0.32,0.49,0.21
2026-10-10,Samwise Gamgee,ltr,Foil,3.69,4.49,2.51
2026-10-10,Minas Tirith,ltr,Foil,7.82,9.99,6.12
2026-10-10,Pendelhaven,ath,Normal,3.79,4.99,3.58
2026-10-10,Razortide Bridge,brc,Normal,1.98,2.29,1.46
2026-10-10,Seat of the Synod,brc,Normal,3.27,4.49,1.23
2026-10-10,Trenzalore Clocktower,who,Normal,0.31,0.49,0.28
2026-10-10,"Osgood, Operation Double",who,Normal,0.33,0.49,0.21
2026-10-10,"Venser, Shaper Savant",tsr,Normal,1.4,0.69,0.32
2026-10-10,"Raff Capashen, Ship's Mage",cmm,Normal,0.25,0.35,0.1
2026-10-10,The Shire,ltr,Normal,3.09,3.49,2.06
2026-10-10,Rivendell,ltr,Normal,1.8,3.49,1.1
2026-10-10,"Eiganjo, Seat of the Empire",neo,Foil,6.14,9.99,5.75
2026-10-10,Trial of a Time Lord,who,Normal,0.3,0.49,0.1
2026-10-10,Talisman of Progress,who,Normal,0.47,0.69,0.39
2026-10-10,"Jaheira, Friend of the Forest",clb,Normal,12.47,13.99,6.85
2026-10-10,Ancient Den,mrd,Normal,2.57,3.99,1.35
2026-10-10,Command Tower,who,Normal,0.36,0.69,0.45
2026-10-10,Tree of Tales,mrd,Normal,1.66,2.49,0.87
2026-10-10,Thornglint Bridge,mh2,Normal,0.36,0.35,0.12
2026-10-10,Braided Net // Braided Quipu,lci,Normal,0.28,0.49,0.21
2026-10-10,Flagstones of Trokair,tsr,Normal,3.41,3.99,3.28
2026-10-10,"Okina, Temple to the Grandfathers",chk,Normal,4.72,9.49,2.88
2026-10-10,Tolaria,leg,Normal,7.49,8.49,4.86
2026-10-10,Five Hundred Year Diary,who,Foil,0.8,0.99,0.5
2026-10-10,"Oko, Thief of Crowns",otp,Normal,5.0,6.99,4.08
2026-10-10,Island,who,Foil,0.32,0.79,0.18
2026-10-10,Path of Ancestry,who,Normal,0.27,0.35,0.49
2026-10-10,Inventors' Fair,sld,Foil,22.39,21.99,15.41
2026-10-10,"Crystal Skull, Isu Spyglass",acr,Etched,,,
2026-10-10,Tanglepool Bridge,mh2,Normal,0.28,0.35,0.07
2026-10-10,"Minamo, School at Water's Edge",ltc,Foil,66.54,84.99,40.99
2026-10-10,Haywire Mite,dsc,Normal,1.11,1.29,0.71
2026-10-10,Gandalf the White,ltr,Normal,10.13,13.99,10.71
2026-10-10,"Urza, Lord High Artificer",dmr,Normal,15.06,20.99,14.5
2026-10-10,Azorius Signet,gk2,Normal,0.39,0.79,0.48
2026-10-10,Fellwar Stone,onc,Normal,1.69,2.29,0.8
2026-10-10,Graham O'Brien,who,Foil,0.81,0.49,0.39
2026-10-10,Stridehangar Automaton,drc,Normal,2.42,5.49,3.22
2026-10-10,Officious Interrogation,mkm,Foil,0.22,0.49,0.1
2026-10-10,Transmutation Font,pw24,Foil,1.89,2.29,0.57
2026-10-10,Academy Ruins,2xm,Normal,9.06,10.99,6.33
2026-10-10,Ignis Scientia,fin,Normal,0.25,0.35,0.07
2026-10-10,Serah Farron // Crystallized Serah,fin,Normal,5.02,5.49,2.4
2026-10-10,Eiganjo Castle,sld,Normal,8.59,9.49,10.19
2026-10-10,"Oboro, Palace in the Clouds",ltc,Foil,18.75,32.99,17.98
2026-10-10,Clock of Omens,5dn,Normal,9.97,4.99,3.81
2026-10-10,Forest,who,Normal,0.25,0.49,0.1
2026-10-10,Plains,who,Normal,0.29,0.49,0.17
2026-10-10,Sonic Screwdriver,sld,Foil,49.14,39.99,17.24
2026-10-10,Astrid Peth,who,Normal,4.25,6.49,3.95
2026-10-10,"James, Wandering Dad // Follow Him",pip,Foil,2.97,1.49,0.8
2026-10-10,Spectacular Spider-Man,spm,Normal,6.8,11.99,4.39
2026-10-10,The Blue Spirit,tle,Normal,0.8,1.79,2.12
2026-10-10,The Grey Havens,ltr,Normal,0.33,0.49,0.29
2026-10-10,"Aang, Swift Savior // Aang and La, Ocean's Fury",tla,Foil,7.09,6.99,10.0
2026-10-10,The Cabbage Merchant,tle,Foil,34.37,54.99,28.99
2026-10-10,"Reki, the History of Kamigawa",sld,Foil,16.59,16.99,15.95
2026-10-10,King Solomon's Frogs,msc,Normal,0.27,0.49,0.56
2026-10-10,"Mutagen Man, Living Ooze",tmt,Foil,3.76,4.99,3.32
2026-10-10,"Growing Rites of Itlimoc // Itlimoc, Cradle of the Sun",lci,Normal,8.79,10.99,5.14
2026-10-10,Sol Ring,sld,Foil,17.75,20.99,17.56
2026-10-10,Spara's Headquarters,psnc,Normal,14.74,17.99,10.9
2026-10-10,"Mondrak, Glory Dominus",one,Normal,49.16,74.99,36.75
2026-10-10,Misty Rainforest,zne,Normal,54.11,54.99,35.0
2026-10-10,Windswept Heath,zne,Normal,31.86,32.99,28.99
2026-10-10,Flooded Strand,zne,Normal,34.37,42.99,32.49
2026-10-10,Tropical Island,3ed,Normal,593.21,699.99,372.0
2026-10-10,Tundra,3ed,Normal,695.59,849.99,438.32
2026-10-10,"Mona Lisa, Ever Adaptable",tmc,Normal,3.48,5.49,3.13
2026-10-10,"Yavimaya, Cradle of Growth",ltc,Normal,52.19,74.99,39.0
2026-10-10,"Adrix and Nev, Twincasters",c21,Foil,8.3,8.99,5.83
2026-10-10,Academy Manufactor,sld,Foil,15.61,20.99,12.15
2026-10-10,"Donatello, the Brains",tmc,Foil,0.59,0.99,0.39
2026-10-10,The Wondrous Wasp,msh,Normal,0.61,1.99,1.44
2026-10-10,"King T'Challa // Black Panther, Hope Enduring",msh,Normal,17.2,21.99,18.97
2026-10-10,"Mister Fantastic, Reed Richards",msh,Normal,0.31,0.59,0.43
2026-10-10,"Tippy-Toe, Terrific Partner",sld,Normal,11.5,16.99,20.69
2026-10-10,"Justice, Vance Astrovik",msh,Normal,0.13,0.35,0.06
2026-10-10,"Meatsqueak, Hoard Lord",mbc,Normal,,,
2026-10-10,Cryptolith Fragment // Aurora of Emrakul,inr,Normal,0.35,0.69,0.05
2026-10-10,"Lita, Little Orphan Amphibian",tmt,Foil,0.31,0.49,0.19
2026-10-10,The Goose Mother,woe,Normal,0.4,0.49,0.3
2026-10-10,Sarah Jane Smith,who,Foil,1.71,0.99,0.59
2026-10-10,"The Theorist, Jace Beleren",fra,Normal,45.88,44.99,32.21
2026-10-10,Cyclonic Rift,soa,Normal,33.28,39.99,24.7
2026-10-10,The Fourth Doctor,who,Foil,1.22,0.99,1.0
2026-10-10,Embiggen,unf,Normal,0.22,0.79,1.25
2026-10-10,Empyrial Armor,wth,Normal,0.31,0.35,0.05
2026-10-10,Empyrial Plate,c16,Normal,1.85,2.79,1.0
2026-10-10,"Inner Calm, Outer Strength",sok,Normal,0.28,0.35,0.02
2026-10-10,Wild Defiance,avr,Normal,0.68,0.99,1.37
2026-10-10,Reliquary Tower,brc,Normal,5.76,8.99,4.99
2026-10-10,Llanowar Elves,7ed,Normal,0.49,0.69,0.37
2026-10-10,Phytoburst,dgm,Normal,0.18,0.35,0.2
2026-10-10,Flaming Fist,clb,Normal,0.27,0.35,0.06
2026-10-10,Might of the Nephilim,dis,Normal,0.58,1.29,0.29
2026-10-10,Tamiyo's Safekeeping,neo,Normal,4.73,8.49,3.86
2026-10-10,Ranger's Guile,isd,Normal,0.21,0.35,0.05
2026-10-10,Scent of Ivy,uds,Normal,0.23,0.35,0.25
2026-10-10,Tyvar's Stand,one,Normal,1.77,3.49,1.39
2026-10-10,Scale Up,mh1,Normal,0.47,0.79,0.54
2026-10-10,Titanic Growth,one,Normal,0.21,0.35,0.02
2026-10-10,Arbor Elf,pw21,Normal,0.48,1.49,0.52
2026-10-10,Swords to Plowshares,40k,Normal,2.31,3.99,2.5
2026-10-10,Path to Exile,ss2,Normal,2.01,2.79,1.49
2026-10-10,Blossoming Defense,kld,Normal,0.31,0.79,0.08
2026-10-10,Summer Bloom,2x2,Normal,1.78,1.99,0.55
2026-10-10,Spellbook,9ed,Normal,2.86,4.99,0.7
2026-10-10,Revive,mmq,Normal,0.2,0.39,0.05
2026-10-10,Regrowth,sta,Normal,1.43,1.49,0.57
2026-10-10,Groundswell,wwk,Normal,0.33,0.59,0.2
2026-10-10,Birds of Paradise,dmr,Normal,11.32,15.99,15.95
2026-10-10,Bridgeworks Battle // Tanglespan Bridgeworks,mh3,Normal,1.36,1.99,0.86
2026-10-10,Choose Your Weapon,afr,Normal,0.24,0.35,0.3
2026-10-10,Bounty of the Hunt,all,Normal,0.42,0.69,0.87
2026-10-10,Become Immense,ktk,Normal,0.27,0.35,0.02
2026-10-10,Collective Resistance,mh3,Normal,2.31,2.99,1.66
2026-10-10,Snakeskin Veil,sta,Normal,0.29,1.29,0.24
2026-10-10,Elvish Mystic,m15,Normal,0.59,1.79,0.48
2026-10-10,Vines of Vastwood,zen,Normal,1.65,2.29,2.53
2026-10-10,Wild Growth,ice,Normal,0.64,0.99,0.8
2026-10-10,Fyndhorn Elves,p30a,Foil,,7.49,2.14
2026-10-10,Might of Old Krosa,tsp,Normal,0.3,0.49,0.26
2026-10-10,Overprotect,blb,Foil,2.36,3.49,1.35
2026-10-10,Ram Through,iko,Normal,0.43,0.79,0.63
2026-10-10,Command Tower,cmr,Normal,0.3,0.69,0.23
2026-10-10,Sol Ring,c14,Normal,2.08,2.99,1.27
2026-10-10,Blacksmith's Skill,mh2,Normal,0.37,0.79,0.14
2026-10-10,Defend the Rider,dft,Normal,0.79,2.49,0.85
2026-10-10,Delighted Halfling,ltr,Normal,25.91,32.99,19.92
2026-10-10,Razorverge Thicket,blc,Normal,0.4,0.99,0.5
2026-10-10,Horizon Canopy,ima,Normal,4.55,6.49,2.95
2026-10-10,Branchloft Pathway // Boulderloft Pathway,znr,Normal,3.48,4.99,3.3
2026-10-10,Dual-Sun Technique,eoe,Normal,0.25,0.35,0.04
2026-10-10,Voice of Victory,tdm,Normal,19.36,29.99,20.46
2026-10-10,Grow Extra Arms,spm,Normal,0.12,0.35,0.03
2026-10-10,Avacyn's Pilgrim,pf25,Foil,4.24,6.49,6.16
2026-10-10,Chrome Mox,2xm,Normal,167.03,179.99,119.99
2026-10-10,Crop Rotation,soa,Foil,4.7,6.99,5.0
2026-10-10,Gift of the Viper,mh3,Normal,0.25,0.39,0.18
2026-10-10,Enlightened Tutor,6ed,Normal,36.48,47.99,29.95
2026-10-10,"Heliod, Sun-Crowned",thb,Normal,19.65,29.99,17.8
2026-10-10,Lotus Petal,mb2,Normal,35.11,44.99,26.65
2026-10-10,Elvish Spirit Guide,dmr,Normal,3.09,3.99,1.17
2026-10-10,Invigorate,2xm,Foil,0.45,0.79,0.73
2026-10-10,Walking Ballista,mb2,Normal,8.75,11.99,7.75
2026-10-10,Mutagenic Growth,nph,Normal,1.66,2.79,3.43
2026-10-10,Rustler Rampage,otj,Normal,0.25,0.39,0.18
2026-10-10,Tifa's Limit Break,fin,Normal,0.24,0.35,0.16
2026-10-10,Feral Ferocity,msc,Normal,0.2,0.99,0.16
2026-10-10,Forest,dmu,Foil,0.22,0.49,0.28
2026-10-10,Bala Ged Recovery // Bala Ged Sanctuary,znr,Normal,7.13,10.99,5.34
2026-10-10,Graduation Day,sos,Normal,0.28,0.35,0.02
2026-10-10,Giant Growth,soa,Normal,0.24,0.35,0.05
2026-10-10,Forbidden Orchard,c16,Normal,10.15,16.99,5.5
2026-10-10,Berserk,soa,Normal,7.3,10.99,8.23
2026-10-10,Royal Treatment,soa,Normal,0.22,0.35,0.11
2026-10-10,Mana Confluence,jou,Normal,35.43,44.99,21.67
2026-10-10,Plains,40k,Foil,1.15,,
2026-10-10,Verdant Catacombs,zne,Normal,50.23,49.99,32.0
2026-10-10,Prismatic Vista,zne,Normal,41.45,59.99,40.0
2026-10-10,Wooded Foothills,zne,Normal,31.21,37.99,37.98
2026-10-10,Brushland,bro,Normal,4.18,4.49,3.51
2026-10-10,Utopia Sprawl,sld,Foil,7.78,10.99,7.18
2026-10-10,Gemstone Caverns,eos,Normal,90.51,109.99,74.98
2026-10-10,Sergeant John Benton,who,Foil,11.91,9.99,7.5
2026-10-10,City of Brass,2x2,Normal,27.37,27.99,23.5
2026-10-10,Bojuka Bog,brc,Normal,3.62,6.49,2.82
2026-10-10,Blood Artist,plst,Normal,3.93,4.49,2.31
2026-10-10,"Journey to Eternity // Atzal, Cave of Eternity",rix,Normal,4.74,6.49,4.93
2026-10-10,Dread Return,cmm,Normal,0.7,1.29,0.55
2026-10-10,Viridian Emissary,mbs,Normal,0.25,0.35,0.1
2026-10-10,Woodland Cemetery,sld,Foil,18.04,18.99,13.02
2026-10-10,Thespian's Stage,who,Normal,0.43,0.99,0.39
2026-10-10,Stitcher's Supplier,m19,Normal,0.48,1.29,1.44
2026-10-10,Noxious Gearhulk,moc,Normal,0.8,1.29,0.63
2026-10-10,Command Tower,cc1,Normal,4.23,4.49,2.41
2026-10-10,Necron Deathmark,40k,Normal,4.75,5.99,8.1
2026-10-10,Satyr Wayfinder,znc,Normal,0.2,0.35,0.05
2026-10-10,Skullwinder,m3c,Normal,0.35,0.35,0.14
2026-10-10,Chthonian Nightmare,mh3,Foil,4.56,9.99,6.71
2026-10-10,Rise of the Witch-king,ltr,Normal,0.5,0.79,0.28
2026-10-10,Fabled Passage,eoc,Normal,1.22,2.79,1.9
2026-10-10,Clifftop Lookout,blb,Normal,0.29,0.39,0.17
2026-10-10,Ripples of Undeath,mh3,Normal,8.57,11.99,6.81
2026-10-10,Primal Druid,emn,Normal,0.21,0.35,0.22
2026-10-10,Undergrowth Stadium,cmr,Normal,6.87,10.99,6.9
2026-10-10,"Takenuma, Abandoned Mire",neo,Normal,10.47,17.99,10.28
2026-10-10,Eternal Witness,m3c,Normal,1.94,2.49,1.33
2026-10-10,Zulaport Cutthroat,bfz,Normal,1.53,2.79,1.17
2026-10-10,"Sephiroth, Fabled SOLDIER // Sephiroth, One-Winged Angel",fin,Normal,27.29,42.99,27.1
2026-10-10,Field of the Dead,slc,Normal,25.9,32.99,11.11
2026-10-10,Haywire Mite,bro,Normal,1.36,1.29,1.02
2026-10-10,Blossoming Tortoise,woe,Normal,5.01,6.99,4.9
2026-10-10,Deathcap Glade,vow,Foil,7.41,6.99,5.99
2026-10-10,Metamorphosis Fanatic,dsc,Normal,5.89,8.99,5.63
2026-10-10,Prowling Geistcatcher,mic,Normal,0.57,0.99,0.69
2026-10-10,Wastewood Verge,dft,Normal,9.41,14.99,8.44
2026-10-10,Accursed Marauder,mh3,Normal,0.33,0.69,0.35
2026-10-10,Vein Ripper,mkm,Foil,7.28,11.99,8.55
2026-10-10,"Urborg, Tomb of Yawgmoth",tsr,Normal,55.94,59.99,41.31
2026-10-10,Birthing Ritual,mh3,Normal,3.9,5.99,6.22
2026-10-10,"Braids, Arisen Nightmare",dmu,Normal,4.14,6.99,4.72
2026-10-10,Wight of the Reliquary,mh3,Normal,0.88,1.29,0.9
2026-10-10,Spinner of Souls,fdn,Normal,0.86,0.99,0.93
2026-10-10,"Lumra, Bellow of the Woods",blb,Normal,28.62,39.99,26.19
2026-10-10,Incarnation Technique,c21,Normal,9.35,18.99,11.99
2026-10-10,Skyfisher Spider,bro,Normal,0.23,0.39,0.14
2026-10-10,Vernal Fen,eoc,Normal,2.53,2.29,2.5
2026-10-10,"Vraska, the Cutting Glare",fra,Normal,0.42,0.49,0.53
2026-10-10,"Pia, Aether Ascetic",fra,Normal,1.09,2.49,0.59
2026-10-10,"Winter, Tormented Loner",fra,Normal,0.41,0.35,0.3
2026-10-10,Simulacrum Shaper,fra,Normal,1.69,2.99,2.6
2026-10-10,Primal Witchstalker,fra,Normal,1.07,0.35,0.17
2026-10-10,Aftermath Analyst,mkm,Normal,1.67,1.79,1.19
2026-10-10,Reclamation Sage,fdn,Normal,0.34,0.69,0.23
2026-10-10,Umbral Collar Zealot,eoe,Foil,1.09,2.49,0.79
2026-10-10,Disciple of Freyalise // Garden of Freyalise,mh3,Normal,5.12,7.99,2.99
2026-10-10,Living Death,ltc,Normal,7.51,8.99,4.41
2026-10-10,Underground Mortuary,mkm,Normal,16.42,22.99,15.34
2026-10-10,Hedge Shredder,dsk,Normal,3.13,3.99,2.54
2026-10-10,Altar of Dementia,brr,Normal,24.37,34.99,19.99
2026-10-10,Icetill Explorer,eoe,Normal,24.12,39.99,27.99
2026-10-10,Stinkweed Imp,gk1,Normal,2.12,1.29,1.19
2026-10-10,Cauldron of Essence,sos,Normal,4.37,5.49,3.49
2026-10-10,Dark Matter Manipulator,fra,Normal,1.14,2.99,1.51
2026-10-10,Snow-Covered Forest,mb2,Normal,2.15,3.49,1.49
2026-10-10,Fanatic of Rhonas,mh3,Normal,15.27,23.99,16.6
2026-10-10,Llanowar Wastes,bro,Normal,4.06,6.49,3.18
2026-10-10,Merchant of Venom,soc,Normal,0.3,0.49,0.33
2026-10-10,Colossal Grave-Reaver,tdc,Normal,10.65,17.99,15.32
2026-10-10,"Armaggon, Future Shark",tmt,Foil,2.36,1.99,2.28
2026-10-10,Snow-Covered Swamp,mb2,Normal,1.95,3.99,1.0
2026-10-10,Nurturing Peatland,mh1,Normal,6.49,8.99,5.04
2026-10-10,Phyrexian Tower,jmp,Normal,29.09,44.99,31.98
2026-10-10,Twilight Mire,blc,Normal,0.43,0.79,0.76
2026-10-10,Golgari Thug,rvr,Foil,2.98,4.49,2.7
2026-10-10,Shifting Woodland,mh3,Normal,7.32,11.99,5.23
2026-10-10,The Meathook Massacre,inr,Normal,35.61,49.99,24.5
2026-10-10,Turbulent Fen,soc,Normal,8.38,9.99,6.64
2026-10-10,Bayou,3ed,Normal,496.92,699.99,300.0
2026-10-10,"Mole Man, Moloid Master",msh,Normal,1.32,2.99,2.57
2026-10-10,Springheart Nantuko,mh3,Normal,8.32,11.99,5.99
2026-10-10,Orcish Bowmasters,ltr,Normal,51.37,69.99,43.55
2026-10-10,Liliana the Repentant,fra,Normal,4.66,7.49,2.86
2026-10-10,Bloodghast,zen,Normal,4.25,5.99,1.75
2026-10-10,Six,mh3,Foil,30.0,44.99,19.0
2026-10-10,Wood Elves,s99,Normal,5.42,6.99,1.99
2026-10-10,Forest,hob,Foil,0.37,0.49,0.33
2026-10-10,Swamp,hob,Foil,0.35,0.49,0.44
2026-10-10,Overgrown Tomb,ecl,Normal,8.41,13.99,8.7
2026-10-10,"Tom, Bert, and William",purl,Normal,,,3.23
2026-10-10,Great Hall of the Citadel,ltr,Normal,0.36,0.99,0.17
2026-10-10,Hall of Echoes,fra,Normal,6.78,6.49,4.75
2026-10-10,Plaza of Heroes,dmu,Normal,6.26,7.49,5.48
2026-10-10,Arena,mb2,Normal,1.14,3.49,1.0
2026-10-10,Cavern of Souls,lci,Normal,51.06,64.99,44.98
2026-10-10,City of Shadows,me3,Normal,,,121.65
2026-10-10,Maze of Ith,dmr,Foil,16.54,22.99,16.75
2026-10-10,Desert of the Indomitable,m3c,Normal,0.31,0.35,0.07
2026-10-10,Wasteland,slc,Normal,15.82,23.99,11.0
2026-10-10,Scorched Ruins,wth,Normal,62.16,74.99,34.0
2026-10-10,Castle Garenbrig,eld,Normal,10.83,13.99,5.89
2026-10-10,Ancient Tomb,zne,Normal,139.36,179.99,125.0
2026-10-10,Ash Barrens,cmm,Normal,0.21,0.35,0.1
2026-10-10,Bant Panorama,ala,Normal,0.65,0.49,0.21
2026-10-10,Crystal Vein,cma,Normal,8.76,9.49,5.89
2026-10-10,Emergence Zone,war,Normal,4.0,4.49,1.75
2026-10-10,Forest,blb,Foil,0.33,1.49,0.24
2026-10-10,Ghost Quarter,ltc,Normal,0.68,0.99,1.03
2026-10-10,Grasslands,cmm,Normal,0.36,0.35,0.25
2026-10-10,Hall of the Bandit Lord,chk,Normal,22.1,24.99,9.0
2026-10-10,Havenwood Battleground,c14,Normal,0.39,0.49,0.55
2026-10-10,Hickory Woodlot,mmq,Normal,4.53,6.99,2.96
2026-10-10,Hollow Trees,5ed,Normal,0.81,1.49,1.43
2026-10-10,Homeward Path,ltc,Normal,12.87,20.99,12.0
2026-10-10,Command Beacon,cmr,Normal,9.45,13.99,7.84
2026-10-10,Dryad Arbor,mb2,Normal,3.27,4.49,2.4
2026-10-10,Echoing Deeps,lci,Normal,0.77,0.69,0.46
2026-10-10,Field of the Dead,m20,Normal,28.91,32.99,27.25
2026-10-10,Gemstone Caverns,plst,Normal,63.37,84.99,42.3
2026-10-10,High Market,c21,Normal,2.66,1.29,1.17
2026-10-10,Horizon of Progress,m3c,Normal,4.56,4.99,2.58
2026-10-10,Diamond Valley,me1,Normal,,,1.96
2026-10-10,City of Traitors,tpr,Normal,,,4.78
2026-10-10,Jund Panorama,ala,Normal,0.44,0.39,0.35
2026-10-10,Mage-Ring Network,cmm,Normal,0.36,0.39,0.14
2026-10-10,"Miren, the Moaning Well",sok,Normal,22.53,37.99,9.95
2026-10-10,Mountain Valley,eoc,Normal,0.25,0.35,0.79
2026-10-10,Myriad Landscape,ltc,Foil,3.95,3.99,2.49
2026-10-10,Mystifying Maze,eos,Normal,2.15,2.99,1.48
2026-10-10,Ominous Cemetery,who,Normal,0.31,0.35,0.15
2026-10-10,Pit of Offerings,lci,Normal,0.36,0.69,0.28
2026-10-10,Rushwood Grove,mmq,Normal,0.6,0.79,0.32
2026-10-10,Safe Haven,tsb,Normal,0.49,0.99,0.3
2026-10-10,Sanctum of Eternity,c19,Normal,7.24,9.99,9.37
2026-10-10,Sandstorm Verge,otj,Normal,0.27,0.35,0.11
2026-10-10,Sequestered Stash,kld,Normal,0.15,0.35,0.02
2026-10-10,Shire Terrace,ltr,Normal,0.29,0.35,0.41
2026-10-10,Slippery Karst,dmr,Normal,0.24,0.35,0.05
2026-10-10,Snow-Covered Forest,mh1,Normal,1.14,1.49,0.98
2026-10-10,Tower of the Magistrate,mb2,Normal,1.42,2.29,1.49
2026-10-10,Underdark Rift,afc,Normal,0.49,0.69,0.43
2026-10-10,"Untaidake, the Cloud Keeper",chk,Normal,5.44,5.99,3.48
2026-10-10,Vesuva,slc,Normal,5.05,6.49,3.99
2026-10-10,Winding Canyons,wth,Normal,36.37,42.99,21.68
2026-10-10,Daily Bugle Building,spm,Normal,0.25,0.39,0.05
2026-10-10,"Argoth, Sanctum of Nature",bro,Normal,3.54,5.49,1.29
2026-10-10,Chocobo Camp,fic,Normal,8.63,18.99,4.99
2026-10-10,Northampton Farm,tmt,Normal,0.31,0.49,0.32
2026-10-10,Tranquil Thicket,mh1,Normal,0.22,0.35,0.15
2026-10-10,Sunken Citadel,lci,Normal,0.51,0.69,0.5
2026-10-10,Temple of the False God,cm2,Normal,0.31,0.35,0.23
2026-10-10,Scavenger Grounds,c21,Normal,0.44,0.59,0.5
2026-10-10,Mariposa Military Base,pip,Normal,0.4,0.69,0.4
2026-10-10,Prismatic Vista,mh1,Normal,29.96,39.99,41.53
2026-10-10,Talon Gates of Madara,m3c,Normal,31.18,42.99,25.43
2026-10-10,Terrain Generator,clb,Normal,2.24,3.49,1.6
2026-10-10,Witch's Clinic,c21,Normal,14.97,18.99,13.12
2026-10-10,The Tabernacle at Pendrell Vale,me3,Normal,,,
2026-10-10,Bazaar of Baghdad,vma,Normal,,,747.66
2026-10-10,Mirrorpool,cmm,Normal,2.8,3.49,2.75
2026-10-10,"Lumra, Bellow of the Woods",blb,Foil,116.6,149.99,129.99
2026-10-10,Yavimaya Hollow,vma,Normal,,,
2026-10-10,Leonin Elder,mrd,Normal,0.36,0.49,0.28
2026-10-10,Ashes of the Abhorrent,xln,Normal,0.73,0.99,0.49
2026-10-10,Aunt May,spm,Normal,0.3,0.35,0.16
2026-10-10,Essence Channeler,blb,Foil,1.29,1.49,1.99
2026-10-10,Powerleech,atq,Normal,20.46,21.99,10.76
2026-10-10,"Ajani, Strength of the Pride",m20,Normal,8.58,12.99,5.81
2026-10-10,Ancient Tomb,zne,Foil,174.87,279.99,179.9
2026-10-10,"Yavimaya, Cradle of Growth",mh2,Foil,24.32,24.99,20.0
2026-10-10,Shefet Dunes,otc,Normal,0.3,0.35,0.16
2026-10-10,Branchloft Pathway // Boulderloft Pathway,znr,Foil,4.74,6.99,4.95
2026-10-10,Brushland,bro,Foil,11.25,14.99,5.85
2026-10-10,"Heliod, Sun-Crowned",sld,Foil,32.15,44.99,27.99
2026-10-10,Exemplar of Light,fdn,Foil,51.84,74.99,41.23
2026-10-10,Swords to Plowshares,sld,Foil,24.19,34.99,26.55
2026-10-10,The One Ring,ltr,Foil,113.43,139.99,96.66
2026-10-10,Kodama of the West Tree,j25,Normal,19.41,24.99,10.59
2026-10-10,Voice of the Blessed,vow,Foil,4.11,5.99,3.4
2026-10-10,Return of the Wildspeaker,znc,Normal,2.24,3.99,1.13
2026-10-10,Archivist of Oghma,clb,Normal,6.74,7.99,7.57
2026-10-10,Sylvan Library,cc1,Normal,27.2,32.99,23.5
2026-10-10,Temple Garden,unf,Normal,19.16,23.99,18.0
2026-10-10,Soul's Attendant,ltc,Foil,10.68,10.99,9.12
2026-10-10,Rogue's Passage,sld,Foil,53.86,49.99,44.98
2026-10-10,Auriok Champion,ima,Normal,11.54,17.99,6.7
2026-10-10,Augur of Autumn,mid,Foil,1.44,1.49,2.5
2026-10-10,Overgrown Farmland,dbl,Normal,5.03,6.99,3.15
2026-10-10,Canopy Vista,ltc,Normal,0.38,0.69,0.34
2026-10-10,Horizon Canopy,zne,Normal,6.27,8.99,5.1
2026-10-10,Windswept Heath,ktk,Normal,12.5,20.99,9.76
2026-10-10,Sunpetal Grove,m10,Normal,1.91,2.79,2.49
2026-10-10,Command Tower,sld,Foil,6.74,7.49,7.23
2026-10-10,Wooded Bastion,shm,Normal,17.21,23.99,10.92
2026-10-10,Hashep Oasis,otc,Normal,0.24,0.35,0.09
2026-10-10,Plains,sld,Foil,6.89,7.49,9.25
2026-10-10,Forest,snc,Normal,0.35,0.49,0.23
2026-10-10,Plains,one,Foil,8.19,10.99,4.54
2026-10-10,Plains,blb,Foil,1.69,1.99,1.48
2026-10-10,Plains,dmu,Foil,4.34,6.99,2.75
2026-10-10,Forest,ltr,Normal,0.79,1.29,0.41
2026-10-10,Plains,thb,Normal,1.32,0.99,0.69
2026-10-10,Plains,neo,Normal,2.98,5.99,2.15
2026-10-10,Plains,ugl,Normal,6.8,7.49,4.98
2026-10-10,Forest,und,Foil,4.27,4.99,4.15
2026-10-10,Forest,tdm,Foil,1.65,1.99,1.17
2026-10-10,Path to Exile,otp,Normal,2.31,2.79,1.05
2026-10-10,Aerith Gainsborough,fin,Normal,2.69,4.49,1.69
2026-10-10,Plains,eoe,Normal,1.1,1.99,0.5
2026-10-10,"Lyra, Archangel of Dawn",fra,Normal,4.14,6.49,3.44
2026-10-10,Unflinching Hortimancer,fra,Normal,0.18,0.35,0.09
2026-10-10,Bloombrute,fra,Normal,0.22,0.35,0.13
2026-10-10,"Celestine, the Living Saint",40k,Normal,24.43,27.99,22.24
2026-10-10,Essence Warden,plc,Normal,7.88,12.99,2.55
2026-10-10,Lunarch Veteran // Luminous Phantom,mid,Normal,0.36,0.79,0.25
2026-10-10,Soul Warden,m10,Foil,10.75,12.99,7.8
2026-10-10,Authority of the Consuls,kld,Normal,5.59,7.49,4.61
2026-10-10,Hinterland Sanctifier,j25,Normal,0.39,0.79,0.46
2026-10-10,Scavenging Ooze,plg21,Foil,0.37,0.59,0.4
2026-10-10,Case of the Uneaten Feast,mkm,Foil,1.45,1.99,1.42
2026-10-10,Shadowspear,thb,Normal,29.8,42.99,24.0
2026-10-10,Terrasymbiosis,eoe,Foil,10.23,14.99,10.0
2026-10-10,Solitude,spg,Foil,48.76,79.99,59.99
2026-10-10,City of Brass,2x2,Foil,40.54,49.99,42.94
2026-10-10,Plains,tla,Normal,0.52,1.29,0.52
2026-10-10,The Destined White Mage,fic,Foil,14.92,17.99,17.92
2026-10-10,Spry and Mighty,ecl,Normal,0.49,0.59,0.69
2026-10-10,Virulent Emissary,ecl,Foil,1.07,1.49,0.5
2026-10-10,Avatar's Wrath,tla,Foil,4.31,6.99,4.51
2026-10-10,Guide of Souls,sch,Foil,7.52,9.49,6.68
2026-10-10,Plains,sos,Foil,1.14,1.99,1.02
2026-10-10,Sungrass Prairie,c19,Normal,0.28,0.49,0.38
2026-10-10,"Tigra, Feline Fury",msh,Normal,0.23,0.35,0.14
2026-10-10,Dr. Beverly Crusher,trk,Normal,52.97,9.99,
2026-10-10,Pest Infestation,otp,Normal,1.09,1.49,0.88
2026-10-10,The Great Henge,eld,Normal,64.66,89.99,53.09
2026-10-10,"Leonardo, Cutting Edge",tmt,Normal,2.49,2.29,2.0
2026-10-10,Elenda's Hierophant,lcc,Normal,4.97,6.49,4.36
2026-10-10,Suture Priest,nph,Normal,1.85,2.79,2.22
2026-10-10,Herd Heirloom,tdm,Normal,4.48,7.49,4.13
2026-10-10,Ajani Resolute,fra,Normal,12.3,14.99,10.91
2026-10-10,Liliana the Faultless,fra,Normal,8.69,9.99,6.11
2026-10-10,Haywire Mite,bro,Foil,3.09,3.49,2.55
2026-10-10,Solarium Sentry,fra,Normal,0.42,0.99,0.55
2026-10-10,"Trelasarra, Moon Dancer",afr,Foil,0.39,1.99,0.32
2026-10-10,Healer's Hawk,jmp,Normal,0.3,0.35,0.09
2026-10-10,Righteous Cause,ons,Normal,0.42,0.49,0.2
2026-10-10,Beast Within,sld,Foil,29.83,29.99,24.99
2026-10-10,Generous Gift,cmm,Normal,1.17,2.29,1.23
2026-10-10,Witch Enchanter // Witch-Blessed Meadow,sld,Foil,75.95,79.99,65.0
2026-10-10,Flare of Denial,mh3,Normal,3.66,4.99,3.76
2026-10-10,"Grazilaxx, Illithid Scholar",clb,Normal,1.7,7.49,1.5
2026-10-10,Inkfathom Infiltrator,plst,Normal,0.37,0.39,0.2
2026-10-10,Lightning Greaves,who,Normal,4.95,6.49,3.91
2026-10-10,Reconnaissance Mission,iko,Normal,0.56,0.99,1.04
2026-10-10,Gudul Lurker,dtk,Normal,0.46,1.29,1.14
2026-10-10,Mist-Cloaked Herald,rix,Normal,0.38,0.69,0.57
2026-10-10,The Indomitable,lcc,Normal,3.33,3.49,2.54
2026-10-10,Dreamroot Cascade,who,Normal,1.06,1.79,1.75
2026-10-10,Beastmaster Ascension,ncc,Normal,7.03,7.99,4.16
2026-10-10,Ohran Frostfang,c19,Normal,7.35,9.99,6.24
2026-10-10,Brazen Borrower // Petty Theft,spg,Normal,6.02,7.49,7.61
2026-10-10,Shipwreck Marsh,mid,Normal,6.96,9.49,3.8
2026-10-10,Morphic Pool,clb,Normal,28.73,39.99,25.92
2026-10-10,Nether Traitor,tsp,Normal,9.64,3.99,3.75
2026-10-10,Clearwater Pathway // Murkwater Pathway,znr,Normal,4.86,5.99,4.89
2026-10-10,Slither Blade,znc,Normal,0.42,0.79,0.34
2026-10-10,Tormented Soul,m12,Normal,0.25,0.35,0.25
2026-10-10,Triton Shorestalker,znc,Normal,0.35,0.69,0.39
2026-10-10,Changeling Outcast,h1r,Foil,5.14,6.99,3.95
2026-10-10,Invisible Stalker,znc,Normal,1.2,1.29,0.7
2026-10-10,Looter il-Kor,ncc,Normal,0.33,0.35,0.15
2026-10-10,"Edric, Spymaster of Trest",cns,Normal,2.83,4.99,1.35
2026-10-10,Bident of Thassa,ths,Normal,0.61,0.79,0.47
2026-10-10,Coastal Piracy,jmp,Normal,1.44,1.99,0.99
2026-10-10,Beast Within,ncc,Normal,1.03,1.49,0.7
2026-10-10,Command Tower,brc,Normal,2.49,3.49,0.86
2026-10-10,Exotic Orchard,brc,Normal,0.58,0.99,0.38
2026-10-10,Path of Ancestry,brc,Normal,0.43,0.59,0.15
2026-10-10,Island,brc,Normal,0.25,0.49,0.07
2026-10-10,Hinterland Harbor,ltc,Normal,0.41,0.69,0.48
2026-10-10,Drowned Catacomb,ltc,Normal,2.49,2.79,2.64
2026-10-10,Enduring Curiosity,dsk,Normal,7.89,11.99,7.88
2026-10-10,"Gix, Yawgmoth Praetor",pbro,Normal,2.2,2.29,2.07
2026-10-10,Rejuvenating Springs,ltc,Normal,4.79,5.99,4.8
2026-10-10,Wu Light Cavalry,ptk,Normal,3.84,1.29,1.1
2026-10-10,Barkchannel Pathway // Tidechannel Pathway,khm,Normal,5.0,7.49,5.0
2026-10-10,Mockingbird,blb,Normal,3.46,4.99,3.39
2026-10-10,Zagoth Triome,iko,Normal,21.65,29.99,11.99
2026-10-10,Breeding Pool,gtc,Normal,9.83,17.99,10.31
2026-10-10,Watery Grave,grn,Normal,9.97,13.99,9.83
2026-10-10,Baleful Strix,blc,Normal,14.68,16.99,21.99
2026-10-10,Sink into Stupor // Soporific Springs,mh3,Normal,9.51,13.99,7.27
2026-10-10,Cephalid Facetaker,ncc,Normal,3.91,3.99,3.2
2026-10-10,Into the Flood Maw,blb,Normal,2.98,3.99,1.5
2026-10-10,Willowrush Verge,dft,Normal,4.82,9.49,5.4
2026-10-10,Shoreline Looter,blb,Foil,1.22,2.99,0.33
2026-10-10,Unsubstantiate,m21,Normal,0.35,0.69,0.37
2026-10-10,Ledger Shredder,snc,Normal,9.83,12.99,8.98
2026-10-10,Gloomlake Verge,dsk,Normal,10.55,17.99,10.09
2026-10-10,Flooded Grove,ltc,Normal,0.35,0.49,0.31
2026-10-10,Sunken Ruins,fic,Normal,2.2,3.49,2.9
2026-10-10,Departed Deckhand,lcc,Normal,0.33,0.35,0.1
2026-10-10,Notorious Throng,znc,Normal,3.28,3.49,2.83
2026-10-10,Dauthi Voidwalker,sld,Foil,15.27,14.99,12.49
2026-10-10,Silent Hallcreeper,dsk,Normal,1.19,2.29,0.98
2026-10-10,Thieving Skydiver,znr,Normal,0.24,0.69,0.1
2026-10-10,Faerie Mastermind,pmom,Normal,11.85,17.99,10.99
2026-10-10,Swamp,brc,Normal,0.38,0.49,0.35
2026-10-10,Geist of Saint Thalia,fra,Normal,8.88,8.99,4.86
2026-10-10,Orochi Soul-Reaver,otc,Normal,9.89,9.49,11.74
2026-10-10,Grim Hireling,afc,Normal,13.37,15.99,10.83
2026-10-10,Vedalken Infiltrator,mh2,Normal,0.23,0.35,0.25
2026-10-10,Bitterbloom Bearer,ecl,Normal,17.68,24.99,20.09
2026-10-10,Spectral Sailor,lcc,Normal,0.33,0.35,0.99
2026-10-10,"Malcolm, Alluring Scoundrel",plci,Normal,3.64,4.99,1.99
2026-10-10,Spyglass Siren,lci,Normal,0.31,0.69,0.29
2026-10-10,Waterbender Ascension,tla,Normal,0.62,1.29,0.64
2026-10-10,Flitterwing Nuisance,ecl,Normal,0.66,0.99,1.34
2026-10-10,Siren Stormtamer,lcc,Normal,0.48,0.69,0.6
2026-10-10,Cloud Pirates,por,Normal,1.88,2.49,0.29
2026-10-10,River of Tears,fut,Normal,1.78,3.49,2.49
2026-10-10,"Irma, Part-Time Mutant",tmc,Normal,4.4,6.99,4.05
2026-10-10,Scale Up,h1r,Foil,1.44,1.79,1.49
2026-10-10,"Toski, Bearer of Secrets",spg,Normal,16.5,22.99,12.74
2026-10-10,Faerie Slumber Party,woe,Normal,1.9,2.79,1.35
2026-10-10,Tegwyll's Scouring,woc,Normal,1.01,1.99,1.0
2026-10-10,Fell the Profane // Fell Mire,mh3,Normal,5.47,7.99,4.53
2026-10-10,Forest,inr,Normal,0.48,0.79,0.05
2026-10-10,Polluted Delta,zne,Normal,48.19,49.99,34.5
2026-10-10,The Destined Thief,fic,Foil,3.07,5.99,3.97
2026-10-10,Tezzeret the Seeker,sld,Normal,28.95,32.99,18.94
2026-10-10,Underground Sea,3ed,Normal,1105.08,1499.99,686.33
2026-10-10,"Wan Shi Tong, Librarian",tla,Foil,37.79,54.99,60.0
2026-10-10,Skyserpent Seeker,dft,Normal,0.32,0.79,0.1
2026-10-10,"Bilbo, Luckwearer // Burglar's Plot",pw26,Normal,0.52,0.79,0.2
2026-10-10,"Ikra Shidiqi, the Usurper",c16,Foil,1.23,1.79,0.8
2026-10-10,Skateboard,tmt,Normal,0.37,0.79,0.27
2026-10-10,"Malcolm, Keen-Eyed Navigator",spg,Foil,15.2,17.99,19.98
